Período;Região;Entidade;Localização Geográfica;Nº Consultas Médicas Presenciais (QT);Nº de Consultas Médicas Não Presenciais ou Inespecíficas (Qt);Nº de Consultas Médicas ao Domicílio (Qt)
2015-01;Centro;Área dos CSP da ULS Viseu Dão-Lafões;40.6565861,-7.9124712;54633;18440;487
2015-01;Centro;ACES Beira Interior Sul;39.8211367,-7.5036651;14006;5664;20
2015-01;Lisboa e Vale do Tejo;ACES Lisboa Ocidental e Oeiras;38.6914388,-9.3184304;36429;9416;517
2015-01;Lisboa e Vale do Tejo;ACES Amadora;38.7573081,-9.23429;25639;5651;111
2015-01;Lisboa e Vale do Tejo;ACES Loures / Odivelas;38.8012718,-9.1137868;53475;13103;399
2015-01;Norte;Área dos CSP da ULS Barcelos / Esposende;41.5317419,-8.6178922;34124;13523;382
2015-01;Norte;ACES Grande Porto I - Santo Tirso / Trofa;41.3469246,-8.4822648;23000;12014;289
2015-01;Norte;ACES Grande Porto VIII - Espinho / Gaia;41.0022421,-8.642018;39292;18345;535
2015-02;Alentejo;Área dos CSP da ULS Baixo Alentejo;38.0153039,-7.8627308;25199;11388;344
2015-02;Centro;ACES Beira Interior Sul;39.8211367,-7.5036651;13254;4702;26
2015-02;Lisboa e Vale do Tejo;ACES Cascais;38.69904,-9.3818008;25976;8611;171
2015-02;Lisboa e Vale do Tejo;ACES Lisboa Ocidental e Oeiras;38.6914388,-9.3184304;33694;8376;422
2015-02;Lisboa e Vale do Tejo;Área dos CSP da ULS Arco Ribeirinho;38.6672076,-9.0543329;35345;9055;258
2015-02;Lisboa e Vale do Tejo;ACES Médio Tejo;39.478072,-8.5404429;45722;10951;490
2015-02;Lisboa e Vale do Tejo;Área dos CSP da ULS Arrábida;38.5324373,-8.8627453;33406;12014;282
2015-02;Norte;ACES Tâmega I - Baixo Tâmega;41.2719719,-8.0791631;31659;10222;273
2015-02;Norte;ACES Entre Douro e Vouga I - Feira e Arouca;40.9263169,-8.5478813;30261;13104;392
2015-02;Norte;Área dos CSP da ULS Alto Minho;41.7056054,-8.8252713;54579;20630;848
2015-02;Região não Especificada;Desconhecido | Nacional;;663;;
2015-03;Alentejo;Área dos CSP da ULS Baixo Alentejo;38.0153039,-7.8627308;27427;12561;337
2015-03;Centro;Área dos CSP da ULS Guarda;40.5353285,-7.2724426;28046;10265;200
2015-03;Centro;ACES Baixo Mondego;40.2150023,-8.4071805;59122;30637;502
2015-03;Centro;ACES Pinhal Interior Norte;40.1151262,-8.2473136;25890;15199;214
2015-03;Centro;ACES Pinhal Interior Sul;39.7510898,-7.9203657;5695;2872;2
2015-03;Lisboa e Vale do Tejo;ACES Oeste Norte;39.410844,-9.1396215;38303;12639;276
2015-03;Lisboa e Vale do Tejo;ACES Sintra;38.7519209,-9.2753636;50831;12688;345
2015-03;Lisboa e Vale do Tejo;ACES Lisboa Ocidental e Oeiras;38.6914388,-9.3184304;35892;9111;453
2015-03;Norte;ACES Douro II - Douro Sul;41.0953745,-7.8123805;17796;5733;239
2015-03;Norte;ACES Grande Porto III - Maia / Valongo;41.2333945,-8.6187474;39044;18965;463
2015-03;Norte;Área dos CSP da ULS Nordeste;41.8069684,-6.7587977;27459;8371;380
2015-03;Norte;ACES Tâmega I - Baixo Tâmega;41.2719719,-8.0791631;33511;11057;251
2015-03;Norte;ACES Grande Porto VIII - Espinho / Gaia;41.0022421,-8.642018;37384;16683;417
2015-03;Norte;ACES Tâmega III - Vale do Sousa Norte;41.2793583,-8.2787457;32098;12290;222
2015-03;Norte;ACES Ave / Famalicão;41.3835805,-8.4157518;23424;8510;206
2015-03;Norte;Área dos CSP da ULS Barcelos / Esposende;41.5317419,-8.6178922;34838;12161;372
2015-03;Norte;ACES Alto Ave - Guimarães, Vizela e Terras de Basto;41.4417064,-8.1722408;60208;21012;690
2015-03;Região não Especificada;Desconhecido | Nacional;;9;;
2015-04;Centro;ACES Baixo Mondego;40.2150023,-8.4071805;52311;28889;415
2015-04;Centro;Área dos CSP da ULS Viseu Dão-Lafões;40.6565861,-7.9124712;50676;16620;496
2015-04;Lisboa e Vale do Tejo;ACES Médio Tejo;39.478072,-8.5404429;45387;12010;392
2015-04;Lisboa e Vale do Tejo;ACES Oeste Norte;39.410844,-9.1396215;34561;12030;272
2015-04;Lisboa e Vale do Tejo;ACES Oeste Sul;39.0917759,-9.2600341;32001;8340;269
2015-04;Lisboa e Vale do Tejo;Área dos CSP da ULS Almada / Seixal;38.6678522,-9.1875777;58298;18841;566
2015-04;Lisboa e Vale do Tejo;ACES Loures / Odivelas;38.8012718,-9.1137868;51194;11843;336
2015-04;Norte;ACES Alto Ave - Guimarães, Vizela e Terras de Basto;41.4417064,-8.1722408;54888;20639;649
2015-04;Norte;ACES Tâmega II - Vale do Sousa Sul;41.1548155,-8.2163769;35884;14625;443
2015-04;Norte;Área dos CSP da ULS Barcelos / Esposende;41.5317419,-8.6178922;32623;11918;315
2015-04;Norte;ACES Grande Porto VIII - Espinho / Gaia;41.0022421,-8.642018;35250;16435;422
2015-04;Norte;ACES Entre Douro e Vouga II - Aveiro Norte;40.8472225,-8.4656674;23344;7960;264
2015-04;Norte;ACES Douro II - Douro Sul;41.0953745,-7.8123805;16530;5652;235
2015-04;Região não Especificada;Desconhecido | Nacional;;556;;
2015-04;Região não Especificada;Desconhecido | Nacional;;361;188;
2015-05;Alentejo;Área dos CSP da ULS Alentejo Central;38.8442031,-7.5826619;34414;17569;336
2015-05;Algarve;ACES Algarve II - Algarve Barlavento;37.1387554,-8.5445093;26245;8102;138
2015-05;Lisboa e Vale do Tejo;Área dos CSP da ULS Almada / Seixal;38.6678522,-9.1875777;56865;18688;624
2015-05;Lisboa e Vale do Tejo;ACES Oeste Sul;39.0917759,-9.2600341;30780;7749;282
2015-05;Norte;ACES Grande Porto VI - Porto Oriental;41.1694498,-8.6126428;20617;8143;272
2015-05;Norte;ACES Entre Douro e Vouga II - Aveiro Norte;40.8472225,-8.4656674;22491;7325;253
2015-05;Norte;Área dos CSP da ULS Nordeste;41.8069684,-6.7587977;24518;8184;331
2015-05;Norte;ACES Cávado I - Braga;41.5518714,-8.4126362;29950;12446;527
2015-05;Região não Especificada;Desconhecido | Nacional;;346;175;
2015-06;Algarve;ACES Algarve III - Algarve Sotavento;37.383008,-7.7293275;10632;3979;79
2015-06;Centro;Área dos CSP da ULS Região de Aveiro;40.6405055,-8.6537539;72705;28591;482
2015-06;Centro;ACES Pinhal Interior Sul;39.7510898,-7.9203657;5427;2889;4
2015-06;Lisboa e Vale do Tejo;Área dos CSP da ULS Arco Ribeirinho;38.6672076,-9.0543329;35063;9705;204
2015-06;Norte;ACES Cávado I - Braga;41.5518714,-8.4126362;28875;12384;522
2015-06;Norte;ACES Grande Porto I - Santo Tirso / Trofa;41.3469246,-8.4822648;21279;10940;249
2015-06;Norte;Área dos CSP da ULS Barcelos / Esposende;41.5317419,-8.6178922;30768;12073;287
2015-06;Norte;ACES Grande Porto II - Gondomar;41.1738444,-8.5612238;30791;14931;426
2015-06;Região não Especificada;Desconhecido | Nacional;;136;69;
2015-07;Centro;ACES Pinhal Interior Norte;40.1151262,-8.2473136;22495;15387;208
2015-07;Centro;Área dos CSP da ULS Guarda;40.5353285,-7.2724426;24763;9300;177
2015-07;Centro;ACES Beira Interior Sul;39.8211367,-7.5036651;11642;4877;27
2015-07;Lisboa e Vale do Tejo;ACES Sintra;38.7519209,-9.2753636;46569;11804;280
2015-07;Lisboa e Vale do Tejo;ACES Lisboa Norte;38.7396924,-9.168506;33888;7468;450
2015-07;Lisboa e Vale do Tejo;Área dos CSP da ULS Arco Ribeirinho;38.6672076,-9.0543329;35080;9866;165
2015-07;Lisboa e Vale do Tejo;ACES Médio Tejo;39.478072,-8.5404429;42000;12156;344
2015-07;Norte;ACES Grande Porto II - Gondomar;41.1738444,-8.5612238;31619;16316;425
2015-07;Norte;ACES Grande Porto V - Porto Ocidental;41.1741353,-8.6691662;26372;12458;369
2015-08;Alentejo;Área dos CSP da ULS Alentejo Central;38.8442031,-7.5826619;27715;16973;257
2015-08;Algarve;ACES Algarve III - Algarve Sotavento;37.383008,-7.7293275;8813;3795;80
2015-08;Centro;ACES Pinhal Interior Norte;40.1151262,-8.2473136;17575;12872;101
2015-08;Centro;Área dos CSP da ULS Viseu Dão-Lafões;40.6565861,-7.9124712;44482;15728;405
2015-08;Lisboa e Vale do Tejo;Área dos CSP da ULS Estuário do Tejo;38.9528113,-8.9911154;31209;6827;153
2015-08;Lisboa e Vale do Tejo;ACES Médio Tejo;39.478072,-8.5404429;34139;10996;295
2015-08;Lisboa e Vale do Tejo;ACES Lisboa Ocidental e Oeiras;38.6914388,-9.3184304;25270;7612;280
2015-08;Lisboa e Vale do Tejo;ACES Lisboa Central;38.7306317,-9.1510414;27432;8137;183
2015-08;Norte;ACES Douro II - Douro Sul;41.0953745,-7.8123805;13532;5352;130
2015-08;Norte;ACES Cávado I - Braga;41.5518714,-8.4126362;25235;10914;318
2015-09;Alentejo;Área dos CSP da ULS Litoral Alentejano;38.3841359,-8.5132031;13973;6795;72
2015-09;Alentejo;Área dos CSP da ULS Alto Alentejo;39.2967086,-7.4284755;25172;13806;394
2015-09;Centro;ACES Pinhal Interior Norte;40.1151262,-8.2473136;20618;16273;196
2015-09;Centro;Área dos CSP da ULS Região de Aveiro;40.6405055,-8.6537539;71945;30232;432
2015-09;Centro;ACES Beira Interior Sul;39.8211367,-7.5036651;12126;5418;14
2015-09;Lisboa e Vale do Tejo;ACES Médio Tejo;39.478072,-8.5404429;42231;12851;341
2015-01;Centro;Área dos CSP da ULS Cova da Beira;40.2677741,-7.4995083;15467;6202;28
2015-01;Centro;Área dos CSP da ULS Guarda;40.5353285,-7.2724426;26425;10681;269
2015-01;Lisboa e Vale do Tejo;Área dos CSP da ULS Lezíria;39.2371689,-8.6908895;37311;15826;449
2015-01;Lisboa e Vale do Tejo;ACES Oeste Norte;39.410844,-9.1396215;39694;12884;292
2015-01;Lisboa e Vale do Tejo;Área dos CSP da ULS Arrábida;38.5324373,-8.8627453;35418;14005;297
2015-01;Norte;ACES Ave / Famalicão;41.3835805,-8.4157518;24311;9168;226
2015-01;Norte;ACES Tâmega III - Vale do Sousa Norte;41.2793583,-8.2787457;33562;14008;244
2015-01;Norte;ACES Alto Trás-os-Montes - Alto Tâmega e Barroso;41.741781,-7.4731648;15875;6718;176
2015-01;Região não Especificada;Desconhecido | Nacional;;643;;
2015-02;Alentejo;Área dos CSP da ULS Litoral Alentejano;38.3841359,-8.5132031;13566;5593;111
2015-02;Algarve;ACES Algarve I - Algarve Central;37.0274264,-7.9395984;32165;8846;241
2015-02;Centro;Área dos CSP da ULS Viseu Dão-Lafões;40.6565861,-7.9124712;51546;15351;523
2015-02;Centro;ACES Pinhal Litoral;39.7495331,-8.807683;45223;14007;186
2015-02;Lisboa e Vale do Tejo;Área dos CSP da ULS Lezíria;39.2371689,-8.6908895;34628;13355;405
2015-02;Lisboa e Vale do Tejo;Área dos CSP da ULS Estuário do Tejo;38.9528113,-8.9911154;38585;7018;224
2015-02;Lisboa e Vale do Tejo;ACES Loures / Odivelas;38.8012718,-9.1137868;50295;11434;380
2015-02;Norte;ACES Grande Porto III - Maia / Valongo;41.2333945,-8.6187474;36669;17118;500
2015-02;Norte;ACES Tâmega III - Vale do Sousa Norte;41.2793583,-8.2787457;30782;11459;267
2015-02;Norte;ACES Douro II - Douro Sul;41.0953745,-7.8123805;16544;5191;217
2015-02;Norte;ACES Grande Porto VII - Gaia;41.1278433,-8.580396;25096;11488;402
2015-02;Região não Especificada;Desconhecido | Nacional;;4;;
2015-02;Região não Especificada;Desconhecido | Nacional;;393;142;
2015-03;Alentejo;Área dos CSP da ULS Litoral Alentejano;38.3841359,-8.5132031;15873;6514;122
2015-03;Algarve;ACES Algarve II - Algarve Barlavento;37.1387554,-8.5445093;29017;8524;134
2015-03;Centro;Área dos CSP da ULS Região de Aveiro;40.6405055,-8.6537539;80815;28471;512
2015-03;Centro;ACES Beira Interior Sul;39.8211367,-7.5036651;13916;5216;35
2015-03;Centro;Área dos CSP da ULS Cova da Beira;40.2677741,-7.4995083;15837;5704;23
2015-03;Centro;Área dos CSP da ULS Viseu Dão-Lafões;40.6565861,-7.9124712;55135;17079;604
2015-03;Lisboa e Vale do Tejo;ACES Lisboa Norte;38.7396924,-9.168506;35775;7854;461
2015-03;Lisboa e Vale do Tejo;ACES Oeste Sul;39.0917759,-9.2600341;33727;8404;240
2015-03;Norte;Área dos CSP da ULS Alto Minho;41.7056054,-8.8252713;56988;22620;792
2015-03;Norte;ACES Douro I - Marão e Douro Norte;41.2968711,-7.7483727;21491;10402;237
2015-03;Norte;ACES Grande Porto V - Porto Ocidental;41.1741353,-8.6691662;27799;12044;427
2015-03;Norte;Área dos CSP da ULS Matosinhos;41.1918541,-8.6590693;34633;16192;480
2015-03;Região não Especificada;Desconhecido | Nacional;;401;188;
2015-04;Alentejo;Área dos CSP da ULS Litoral Alentejano;38.3841359,-8.5132031;14777;6261;114
2015-04;Algarve;ACES Algarve II - Algarve Barlavento;37.1387554,-8.5445093;26766;8399;104
2015-04;Centro;ACES Pinhal Interior Norte;40.1151262,-8.2473136;22683;14565;211
2015-04;Centro;Área dos CSP da ULS Região de Aveiro;40.6405055,-8.6537539;72848;27507;482
2015-04;Centro;Área dos CSP da ULS Cova da Beira;40.2677741,-7.4995083;14988;5527;29
2015-04;Centro;ACES Beira Interior Sul;39.8211367,-7.5036651;11713;4621;14
2015-04;Lisboa e Vale do Tejo;Área dos CSP da ULS Arco Ribeirinho;38.6672076,-9.0543329;37093;9496;222
2015-04;Lisboa e Vale do Tejo;ACES Cascais;38.69904,-9.3818008;26032;9182;173
2015-04;Norte;ACES Grande Porto VII - Gaia;41.1278433,-8.580396;25831;11876;326
2015-04;Norte;ACES Tâmega I - Baixo Tâmega;41.2719719,-8.0791631;33334;11140;275
2015-04;Norte;ACES Ave / Famalicão;41.3835805,-8.4157518;22503;8508;226
2015-04;Norte;ACES Grande Porto III - Maia / Valongo;41.2333945,-8.6187474;37338;18196;452
2015-04;Norte;ACES Entre Douro e Vouga I - Feira e Arouca;40.9263169,-8.5478813;30202;13771;371
2015-04;Região não Especificada;Desconhecido | Nacional;;9;;
2015-05;Centro;ACES Pinhal Interior Sul;39.7510898,-7.9203657;5395;2767;5
2015-05;Lisboa e Vale do Tejo;ACES Amadora;38.7573081,-9.23429;23975;5266;103
2015-05;Lisboa e Vale do Tejo;ACES Oeste Norte;39.410844,-9.1396215;33482;12016;225
2015-05;Lisboa e Vale do Tejo;ACES Sintra;38.7519209,-9.2753636;47955;11492;301
2015-05;Norte;Área dos CSP da ULS Alto Minho;41.7056054,-8.8252713;52034;21269;688
2015-05;Norte;Área dos CSP da ULS Matosinhos;41.1918541,-8.6590693;28760;14382;373
2015-05;Norte;ACES Grande Porto II - Gondomar;41.1738444,-8.5612238;32322;14374;462
2015-05;Norte;Área dos CSP da ULS Póvoa Varzim / Vila Conde;41.355519,-8.746653;25010;12614;299
2015-05;Norte;ACES Alto Ave - Guimarães, Vizela e Terras de Basto;41.4417064,-8.1722408;54033;19818;663
2015-05;Norte;ACES Tâmega II - Vale do Sousa Sul;41.1548155,-8.2163769;34634;13644;376
2015-05;Norte;ACES Entre Douro e Vouga I - Feira e Arouca;40.9263169,-8.5478813;29231;13488;362
2015-05;Região não Especificada;Desconhecido | Nacional;;501;;
2015-06;Alentejo;Área dos CSP da ULS Litoral Alentejano;38.3841359,-8.5132031;14600;6345;90
2015-06;Alentejo;Área dos CSP da ULS Baixo Alentejo;38.0153039,-7.8627308;24607;12547;298
2015-06;Centro;ACES Beira Interior Sul;39.8211367,-7.5036651;12002;4913;30
2015-06;Lisboa e Vale do Tejo;ACES Sintra;38.7519209,-9.2753636;46401;11833;326
2015-06;Lisboa e Vale do Tejo;Área dos CSP da ULS Lezíria;39.2371689,-8.6908895;34305;14273;338
2015-06;Lisboa e Vale do Tejo;ACES Oeste Norte;39.410844,-9.1396215;33036;12547;266
2015-06;Lisboa e Vale do Tejo;ACES Loures / Odivelas;38.8012718,-9.1137868;50321;12405;343
2015-06;Lisboa e Vale do Tejo;ACES Lisboa Norte;38.7396924,-9.168506;33518;7429;431
2015-06;Lisboa e Vale do Tejo;ACES Cascais;38.69904,-9.3818008;25088;9155;124
2015-06;Norte;Área dos CSP da ULS Póvoa Varzim / Vila Conde;41.355519,-8.746653;23365;13594;334
2015-06;Norte;Área dos CSP da ULS Matosinhos;41.1918541,-8.6590693;30708;15285;429
2015-06;Norte;ACES Tâmega III - Vale do Sousa Norte;41.2793583,-8.2787457;29755;12379;251
2015-06;Norte;ACES Grande Porto III - Maia / Valongo;41.2333945,-8.6187474;35260;18195;453
2015-07;Alentejo;Área dos CSP da ULS Alentejo Central;38.8442031,-7.5826619;33774;19517;373
2015-07;Alentejo;Área dos CSP da ULS Litoral Alentejano;38.3841359,-8.5132031;14436;6284;112
2015-07;Algarve;ACES Algarve I - Algarve Central;37.0274264,-7.9395984;33842;10813;342
2015-07;Algarve;ACES Algarve III - Algarve Sotavento;37.383008,-7.7293275;9500;3745;71
2015-07;Centro;ACES Pinhal Litoral;39.7495331,-8.807683;43721;15611;152
2015-07;Centro;Área dos CSP da ULS Cova da Beira;40.2677741,-7.4995083;14024;5311;28
2015-07;Lisboa e Vale do Tejo;Área dos CSP da ULS Estuário do Tejo;38.9528113,-8.9911154;24835;5598;130
2015-07;Norte;ACES Ave / Famalicão;41.3835805,-8.4157518;22238;8972;205
2015-07;Norte;ACES Tâmega II - Vale do Sousa Sul;41.1548155,-8.2163769;35080;15116;431
2015-07;Norte;ACES Grande Porto III - Maia / Valongo;41.2333945,-8.6187474;35994;19329;369
2015-07;Norte;ACES Tâmega I - Baixo Tâmega;41.2719719,-8.0791631;34583;11697;267
2015-07;Norte;ACES Cávado II - Gerês / Cabreira;41.6298661,-8.3596897;17814;11056;181
2015-07;Norte;ACES Grande Porto VIII - Espinho / Gaia;41.0022421,-8.642018;34656;17798;434
2015-07;Norte;ACES Alto Trás-os-Montes - Alto Tâmega e Barroso;41.741781,-7.4731648;15133;6109;142
2015-08;Alentejo;Área dos CSP da ULS Baixo Alentejo;38.0153039,-7.8627308;19933;11144;244
2015-08;Centro;ACES Baixo Mondego;40.2150023,-8.4071805;40823;26256;312
2015-08;Lisboa e Vale do Tejo;ACES Amadora;38.7573081,-9.23429;20932;4830;58
2015-08;Lisboa e Vale do Tejo;Área dos CSP da ULS Arco Ribeirinho;38.6672076,-9.0543329;29313;8919;143
2015-08;Lisboa e Vale do Tejo;ACES Cascais;38.69904,-9.3818008;21065;7746;116
2015-08;Lisboa e Vale do Tejo;ACES Oeste Norte;39.410844,-9.1396215;29585;11649;184
2015-08;Lisboa e Vale do Tejo;ACES Loures / Odivelas;38.8012718,-9.1137868;37902;10209;312
2015-08;Norte;ACES Entre Douro e Vouga I - Feira e Arouca;40.9263169,-8.5478813;24291;12506;221
2015-08;Norte;ACES Alto Trás-os-Montes - Alto Tâmega e Barroso;41.741781,-7.4731648;12573;5491;100
2015-09;Alentejo;Área dos CSP da ULS Alentejo Central;38.8442031,-7.5826619;33656;19514;320
2015-09;Algarve;ACES Algarve III - Algarve Sotavento;37.383008,-7.7293275;9515;4312;82
2015-09;Centro;ACES Baixo Mondego;40.2150023,-8.4071805;53006;29707;340
2015-09;Centro;ACES Pinhal Interior Sul;39.7510898,-7.9203657;5246;3233;8
2015-09;Lisboa e Vale do Tejo;Área dos CSP da ULS Almada / Seixal;38.6678522,-9.1875777;59038;19168;538
2015-09;Lisboa e Vale do Tejo;Área dos CSP da ULS Lezíria;39.2371689,-8.6908895;34930;15095;328
2015-09;Lisboa e Vale do Tejo;ACES Oeste Norte;39.410844,-9.1396215;33787;13614;207
2015-09;Norte;ACES Grande Porto VIII - Espinho / Gaia;41.0022421,-8.642018;34980;18351;388
2015-09;Norte;ACES Tâmega II - Vale do Sousa Sul;41.1548155,-8.2163769;35507;16187;380
2015-09;Norte;ACES Cávado II - Gerês / Cabreira;41.6298661,-8.3596897;16833;11370;207
2015-09;Norte;Área dos CSP da ULS Póvoa Varzim / Vila Conde;41.355519,-8.746653;25393;14206;270
2015-09;Região não Especificada;Desconhecido | Nacional;;355;150;
2015-10;Alentejo;Área dos CSP da ULS Baixo Alentejo;38.0153039,-7.8627308;26670;13284;329
2015-10;Lisboa e Vale do Tejo;ACES Oeste Norte;39.410844,-9.1396215;38165;13789;230
2015-10;Lisboa e Vale do Tejo;ACES Sintra;38.7519209,-9.2753636;55507;13121;286
2015-10;Lisboa e Vale do Tejo;ACES Médio Tejo;39.478072,-8.5404429;46525;13640;411
2015-10;Lisboa e Vale do Tejo;ACES Cascais;38.69904,-9.3818008;28499;9717;148
2015-10;Norte;ACES Cávado II - Gerês / Cabreira;41.6298661,-8.3596897;18623;12484;293
2015-10;Norte;ACES Alto Ave - Guimarães, Vizela e Terras de Basto;41.4417064,-8.1722408;60634;24074;682
2015-10;Norte;ACES Grande Porto II - Gondomar;41.1738444,-8.5612238;34424;18186;462
2015-10;Norte;ACES Douro I - Marão e Douro Norte;41.2968711,-7.7483727;20748;12004;260
2015-10;Norte;ACES Tâmega II - Vale do Sousa Sul;41.1548155,-8.2163769;38727;17722;527
2015-10;Norte;Área dos CSP da ULS Nordeste;41.8069684,-6.7587977;26226;10162;421
2015-10;Região não Especificada;Desconhecido | Nacional;;366;176;
2015-11;Algarve;ACES Algarve II - Algarve Barlavento;37.1387554,-8.5445093;26726;8871;175
2015-11;Lisboa e Vale do Tejo;Área dos CSP da ULS Arco Ribeirinho;38.6672076,-9.0543329;37480;9323;208
2015-11;Lisboa e Vale do Tejo;ACES Amadora;38.7573081,-9.23429;26849;5494;105
2015-11;Norte;ACES Entre Douro e Vouga I - Feira e Arouca;40.9263169,-8.5478813;31393;14689;364
2015-11;Norte;Área dos CSP da ULS Alto Minho;41.7056054,-8.8252713;55496;23146;765
2015-11;Norte;ACES Douro II - Douro Sul;41.0953745,-7.8123805;15903;5746;178
2015-11;Região não Especificada;Desconhecido | Nacional;;136;91;
2015-12;Algarve;ACES Algarve I - Algarve Central;37.0274264,-7.9395984;31313;11090;250
2015-12;Centro;Área dos CSP da ULS Região de Aveiro;40.6405055,-8.6537539;63755;27705;438
2015-12;Centro;ACES Pinhal Litoral;39.7495331,-8.807683;37822;14789;177
2015-12;Lisboa e Vale do Tejo;ACES Lisboa Ocidental e Oeiras;38.6914388,-9.3184304;30145;8133;341
2015-12;Lisboa e Vale do Tejo;Área dos CSP da ULS Arrábida;38.5324373,-8.8627453;30803;12650;214
2015-12;Lisboa e Vale do Tejo;ACES Cascais;38.69904,-9.3818008;23857;7777;129
2015-12;Lisboa e Vale do Tejo;ACES Oeste Norte;39.410844,-9.1396215;30171;12191;195
2015-12;Norte;ACES Grande Porto III - Maia / Valongo;41.2333945,-8.6187474;32824;17501;366
2015-12;Norte;ACES Tâmega I - Baixo Tâmega;41.2719719,-8.0791631;29340;10699;284
2016-01;Alentejo;Área dos CSP da ULS Alto Alentejo;39.2967086,-7.4284755;26513;14112;346
2016-01;Algarve;ACES Algarve II - Algarve Barlavento;37.1387554,-8.5445093;22914;9066;185
2016-01;Centro;ACES Baixo Mondego;40.2150023,-8.4071805;56624;29741;402
2016-01;Centro;Área dos CSP da ULS Região de Aveiro;40.6405055,-8.6537539;74547;30668;565
2016-01;Lisboa e Vale do Tejo;ACES Oeste Norte;39.410844,-9.1396215;37651;13035;234
2016-01;Lisboa e Vale do Tejo;ACES Amadora;38.7573081,-9.23429;25976;5960;126
2016-01;Lisboa e Vale do Tejo;ACES Loures / Odivelas;38.8012718,-9.1137868;52862;13436;374
2016-01;Norte;ACES Grande Porto VI - Porto Oriental;41.1694498,-8.6126428;20337;9552;290
2016-01;Norte;ACES Tâmega I - Baixo Tâmega;41.2719719,-8.0791631;34723;12302;301
2016-01;Norte;ACES Ave / Famalicão;41.3835805,-8.4157518;22978;9484;221
2016-01;Norte;Área dos CSP da ULS Nordeste;41.8069684,-6.7587977;25760;8860;263
2016-01;Norte;ACES Grande Porto II - Gondomar;41.1738444,-8.5612238;32058;16829;410
2016-01;Região não Especificada;Desconhecido | Nacional;;328;118;
2016-01;Região não Especificada;Desconhecido | Nacional;;877;;
2016-02;Alentejo;Área dos CSP da ULS Baixo Alentejo;38.0153039,-7.8627308;26011;12243;322
2016-02;Alentejo;Área dos CSP da ULS Alentejo Central;38.8442031,-7.5826619;34178;18067;350
2016-02;Centro;ACES Pinhal Interior Sul;39.7510898,-7.9203657;5280;2721;5
2016-02;Lisboa e Vale do Tejo;ACES Lisboa Norte;38.7396924,-9.168506;33553;7524;427
2016-02;Lisboa e Vale do Tejo;ACES Lisboa Central;38.7306317,-9.1510414;38238;9781;251
2016-02;Lisboa e Vale do Tejo;ACES Amadora;38.7573081,-9.23429;25665;5749;104
2016-02;Lisboa e Vale do Tejo;ACES Sintra;38.7519209,-9.2753636;52321;12092;263
2016-02;Lisboa e Vale do Tejo;ACES Oeste Sul;39.0917759,-9.2600341;31822;8434;338
2016-02;Lisboa e Vale do Tejo;ACES Cascais;38.69904,-9.3818008;26605;9126;168
2016-02;Norte;ACES Cávado II - Gerês / Cabreira;41.6298661,-8.3596897;19103;10738;310
2016-02;Norte;ACES Grande Porto II - Gondomar;41.1738444,-8.5612238;32713;15970;443
2016-02;Norte;ACES Grande Porto VII - Gaia;41.1278433,-8.580396;25304;12437;388
2016-02;Norte;Área dos CSP da ULS Nordeste;41.8069684,-6.7587977;25006;8151;313
2016-02;Norte;ACES Alto Trás-os-Montes - Alto Tâmega e Barroso;41.741781,-7.4731648;16132;6307;198
2016-02;Norte;Área dos CSP da ULS Barcelos / Esposende;41.5317419,-8.6178922;33244;12766;321
2016-02;Norte;ACES Douro II - Douro Sul;41.0953745,-7.8123805;15244;5671;213
2016-02;Região não Especificada;Desconhecido | Nacional;;178;77;
2016-02;Região não Especificada;Desconhecido | Nacional;;349;120;
2016-03;Lisboa e Vale do Tejo;ACES Loures / Odivelas;38.8012718,-9.1137868;56426;13703;371
2016-03;Lisboa e Vale do Tejo;Área dos CSP da ULS Arco Ribeirinho;38.6672076,-9.0543329;38854;10318;247
2016-03;Norte;ACES Tâmega II - Vale do Sousa Sul;41.1548155,-8.2163769;39641;15149;466
2016-03;Norte;ACES Alto Ave - Guimarães, Vizela e Terras de Basto;41.4417064,-8.1722408;59323;21841;618
2016-03;Norte;ACES Entre Douro e Vouga I - Feira e Arouca;40.9263169,-8.5478813;32887;15135;390
2016-03;Região não Especificada;Desconhecido | Nacional;;153;78;
2016-04;Alentejo;Área dos CSP da ULS Alentejo Central;38.8442031,-7.5826619;33921;17748;340
2016-04;Alentejo;Área dos CSP da ULS Litoral Alentejano;38.3841359,-8.5132031;15045;6622;156
2016-04;Lisboa e Vale do Tejo;ACES Oeste Sul;39.0917759,-9.2600341;29891;8776;291
2016-04;Lisboa e Vale do Tejo;Área dos CSP da ULS Almada / Seixal;38.6678522,-9.1875777;58390;19520;574
2016-04;Lisboa e Vale do Tejo;Área dos CSP da ULS Lezíria;39.2371689,-8.6908895;33924;14333;374
2016-04;Lisboa e Vale do Tejo;Área dos CSP da ULS Estuário do Tejo;38.9528113,-8.9911154;37360;7339;197
2016-04;Lisboa e Vale do Tejo;Área dos CSP da ULS Arco Ribeirinho;38.6672076,-9.0543329;33901;9848;183
2016-04;Norte;Área dos CSP da ULS Alto Minho;41.7056054,-8.8252713;54312;23745;709
2016-04;Norte;ACES Douro I - Marão e Douro Norte;41.2968711,-7.7483727;20311;10071;294
2016-04;Norte;ACES Grande Porto VII - Gaia;41.1278433,-8.580396;24673;12738;388
2016-04;Norte;ACES Grande Porto VIII - Espinho / Gaia;41.0022421,-8.642018;33633;17579;397
2016-04;Norte;Área dos CSP da ULS Póvoa Varzim / Vila Conde;41.355519,-8.746653;25685;13677;333
2016-04;Região não Especificada;Desconhecido | Nacional;;1;;
2016-05;Alentejo;Área dos CSP da ULS Baixo Alentejo;38.0153039,-7.8627308;26351;13121;388
2016-05;Alentejo;Área dos CSP da ULS Alentejo Central;38.8442031,-7.5826619;35908;19432;388
2016-05;Algarve;ACES Algarve I - Algarve Central;37.0274264,-7.9395984;37536;12958;313
2016-05;Centro;ACES Pinhal Interior Sul;39.7510898,-7.9203657;5514;3112;8
2016-05;Centro;Área dos CSP da ULS Guarda;40.5353285,-7.2724426;25623;9789;168
2016-05;Lisboa e Vale do Tejo;ACES Médio Tejo;39.478072,-8.5404429;45834;13099;327
2016-05;Lisboa e Vale do Tejo;ACES Oeste Sul;39.0917759,-9.2600341;31170;9309;285
2016-05;Norte;ACES Grande Porto VI - Porto Oriental;41.1694498,-8.6126428;21880;9563;305
2016-05;Norte;ACES Grande Porto VII - Gaia;41.1278433,-8.580396;27152;14038;349
2016-05;Norte;ACES Grande Porto VIII - Espinho / Gaia;41.0022421,-8.642018;35366;18650;464
2016-05;Norte;ACES Grande Porto II - Gondomar;41.1738444,-8.5612238;34413;17581;451
2016-05;Norte;ACES Tâmega I - Baixo Tâmega;41.2719719,-8.0791631;34663;12567;291
2016-06;Centro;ACES Beira Interior Sul;39.8211367,-7.5036651;12460;5574;43
2016-06;Centro;ACES Pinhal Interior Sul;39.7510898,-7.9203657;5277;3029;5
2016-06;Lisboa e Vale do Tejo;ACES Sintra;38.7519209,-9.2753636;47854;12341;221
2016-06;Lisboa e Vale do Tejo;ACES Lisboa Norte;38.7396924,-9.168506;32356;8074;447
2016-06;Lisboa e Vale do Tejo;ACES Amadora;38.7573081,-9.23429;24297;6212;79
2016-06;Lisboa e Vale do Tejo;Área dos CSP da ULS Lezíria;39.2371689,-8.6908895;35079;14739;354
2016-06;Lisboa e Vale do Tejo;Área dos CSP da ULS Arco Ribeirinho;38.6672076,-9.0543329;32231;10233;179
2016-06;Lisboa e Vale do Tejo;ACES Médio Tejo;39.478072,-8.5404429;41916;13285;323
2016-06;Norte;ACES Tâmega III - Vale do Sousa Norte;41.2793583,-8.2787457;28426;14268;301
2016-06;Norte;ACES Grande Porto VI - Porto Oriental;41.1694498,-8.6126428;19944;9058;326
2016-06;Norte;ACES Alto Ave - Guimarães, Vizela e Terras de Basto;41.4417064,-8.1722408;52169;22276;559
2016-06;Região não Especificada;Desconhecido | Nacional;;324;121;
2016-07;Alentejo;Área dos CSP da ULS Litoral Alentejano;38.3841359,-8.5132031;13175;6028;111
2016-07;Algarve;ACES Algarve II - Algarve Barlavento;37.1387554,-8.5445093;22400;7466;101
2016-07;Centro;Área dos CSP da ULS Viseu Dão-Lafões;40.6565861,-7.9124712;47132;16765;645
2016-07;Centro;Área dos CSP da ULS Região de Aveiro;40.6405055,-8.6537539;66349;27571;464
2016-07;Lisboa e Vale do Tejo;Área dos CSP da ULS Arrábida;38.5324373,-8.8627453;28768;12298;215
2016-07;Lisboa e Vale do Tejo;Área dos CSP da ULS Lezíria;39.2371689,-8.6908895;31150;13816;277
2016-07;Lisboa e Vale do Tejo;Área dos CSP da ULS Almada / Seixal;38.6678522,-9.1875777;53610;19069;573
2016-07;Lisboa e Vale do Tejo;Área dos CSP da ULS Arco Ribeirinho;38.6672076,-9.0543329;30519;10015;140
2016-07;Lisboa e Vale do Tejo;ACES Loures / Odivelas;38.8012718,-9.1137868;45998;13019;258
2016-07;Norte;ACES Cávado I - Braga;41.5518714,-8.4126362;29382;12393;440
2016-07;Norte;ACES Alto Trás-os-Montes - Alto Tâmega e Barroso;41.741781,-7.4731648;14133;6012;163
2016-07;Norte;ACES Grande Porto VIII - Espinho / Gaia;41.0022421,-8.642018;31384;17281;362
2016-07;Norte;ACES Douro I - Marão e Douro Norte;41.2968711,-7.7483727;17111;9650;206
2016-07;Norte;ACES Grande Porto II - Gondomar;41.1738444,-8.5612238;29718;15768;349
2016-07;Norte;ACES Grande Porto VII - Gaia;41.1278433,-8.580396;22643;12435;291
2016-08;Alentejo;Área dos CSP da ULS Litoral Alentejano;38.3841359,-8.5132031;14027;7365;91
2016-08;Centro;ACES Pinhal Interior Norte;40.1151262,-8.2473136;18242;14071;102
2016-08;Centro;ACES Pinhal Litoral;39.7495331,-8.807683;39820;16703;144
2016-08;Centro;Área dos CSP da ULS Viseu Dão-Lafões;40.6565861,-7.9124712;48040;18465;571
2016-08;Centro;ACES Beira Interior Sul;39.8211367,-7.5036651;8950;5255;38
2016-08;Lisboa e Vale do Tejo;ACES Lisboa Central;38.7306317,-9.1510414;31246;9567;207
2016-08;Lisboa e Vale do Tejo;ACES Amadora;38.7573081,-9.23429;21832;5911;97
2016-08;Lisboa e Vale do Tejo;ACES Loures / Odivelas;38.8012718,-9.1137868;43518;13376;262
2016-08;Norte;ACES Douro II - Douro Sul;41.0953745,-7.8123805;13864;6675;172
2016-08;Norte;ACES Cávado II - Gerês / Cabreira;41.6298661,-8.3596897;16393;11065;238
2016-08;Norte;ACES Grande Porto VII - Gaia;41.1278433,-8.580396;21639;13321;284
2016-08;Norte;ACES Cávado I - Braga;41.5518714,-8.4126362;27546;12268;326
2016-08;Norte;ACES Entre Douro e Vouga I - Feira e Arouca;40.9263169,-8.5478813;24555;14470;255
2016-08;Norte;ACES Grande Porto III - Maia / Valongo;41.2333945,-8.6187474;29986;19271;308
2016-09;Centro;Área dos CSP da ULS Cova da Beira;40.2677741,-7.4995083;12762;6792;9
2016-09;Lisboa e Vale do Tejo;ACES Amadora;38.7573081,-9.23429;25126;6516;85
2016-09;Norte;ACES Douro I - Marão e Douro Norte;41.2968711,-7.7483727;19929;11586;280
2016-09;Norte;ACES Tâmega II - Vale do Sousa Sul;41.1548155,-8.2163769;36121;17054;431
2016-09;Norte;ACES Grande Porto VIII - Espinho / Gaia;41.0022421,-8.642018;33557;19651;358
2016-09;Norte;ACES Grande Porto II - Gondomar;41.1738444,-8.5612238;34186;18307;428
2016-09;Norte;ACES Grande Porto VII - Gaia;41.1278433,-8.580396;24689;14189;332
2016-09;Região não Especificada;Desconhecido | Nacional;;228;110;
2016-10;Algarve;ACES Algarve II - Algarve Barlavento;37.1387554,-8.5445093;26353;8717;141
2016-10;Centro;ACES Baixo Mondego;40.2150023,-8.4071805;61225;37092;438
2016-10;Centro;Área dos CSP da ULS Viseu Dão-Lafões;40.6565861,-7.9124712;50030;20016;762
2016-10;Centro;Área dos CSP da ULS Cova da Beira;40.2677741,-7.4995083;13109;6582;10
2016-10;Centro;ACES Beira Interior Sul;39.8211367,-7.5036651;11800;5637;21
2016-10;Lisboa e Vale do Tejo;ACES Lisboa Central;38.7306317,-9.1510414;37963;11403;255
2016-10;Lisboa e Vale do Tejo;ACES Sintra;38.7519209,-9.2753636;48285;13949;209
2016-10;Lisboa e Vale do Tejo;ACES Lisboa Ocidental e Oeiras;38.6914388,-9.3184304;33738;10406;327
2016-10;Norte;ACES Douro I - Marão e Douro Norte;41.2968711,-7.7483727;18680;11564;294
2016-10;Norte;Área dos CSP da ULS Póvoa Varzim / Vila Conde;41.355519,-8.746653;26178;15323;366
2016-10;Norte;ACES Alto Ave - Guimarães, Vizela e Terras de Basto;41.4417064,-8.1722408;54098;25397;614
2016-10;Norte;ACES Tâmega II - Vale do Sousa Sul;41.1548155,-8.2163769;35359;17588;391
2016-10;Norte;ACES Cávado II - Gerês / Cabreira;41.6298661,-8.3596897;18198;12169;304
2016-10;Região não Especificada;Desconhecido | Nacional;;145;55;
2016-11;Centro;Área dos CSP da ULS Região de Aveiro;40.6405055,-8.6537539;78232;31206;658
2016-11;Lisboa e Vale do Tejo;ACES Lisboa Ocidental e Oeiras;38.6914388,-9.3184304;35623;10147;357
2016-11;Norte;ACES Douro II - Douro Sul;41.0953745,-7.8123805;16458;6798;243
2016-11;Região não Especificada;Desconhecido | Nacional;;738;;
2016-12;Centro;ACES Beira Interior Sul;39.8211367,-7.5036651;9977;4792;31
2016-12;Lisboa e Vale do Tejo;ACES Lisboa Central;38.7306317,-9.1510414;33377;9411;238
2016-12;Norte;ACES Grande Porto V - Porto Ocidental;41.1741353,-8.6691662;24639;11674;421
2016-12;Norte;Área dos CSP da ULS Póvoa Varzim / Vila Conde;41.355519,-8.746653;22717;14525;373
2016-12;Norte;Área dos CSP da ULS Alto Minho;41.7056054,-8.8252713;46058;24159;639
2016-12;Norte;ACES Douro I - Marão e Douro Norte;41.2968711,-7.7483727;16780;10050;221
2016-12;Norte;ACES Grande Porto VIII - Espinho / Gaia;41.0022421,-8.642018;30286;17291;448
2016-12;Norte;ACES Cávado I - Braga;41.5518714,-8.4126362;27100;12502;505
2016-12;Região não Especificada;Desconhecido | Nacional;;276;99;
2017-01;Alentejo;Área dos CSP da ULS Alto Alentejo;39.2967086,-7.4284755;28334;14631;403
2017-01;Algarve;ACES Algarve III - Algarve Sotavento;37.383008,-7.7293275;11927;4782;114
2017-01;Lisboa e Vale do Tejo;Área dos CSP da ULS Almada / Seixal;38.6678522,-9.1875777;61954;22112;630
2017-01;Norte;ACES Grande Porto VI - Porto Oriental;41.1694498,-8.6126428;22532;10495;392
2017-01;Norte;ACES Cávado II - Gerês / Cabreira;41.6298661,-8.3596897;21328;13489;404
2017-01;Região não Especificada;Desconhecido | Nacional;;167;63;
2017-02;Alentejo;Área dos CSP da ULS Baixo Alentejo;38.0153039,-7.8627308;24172;11241;275
2017-02;Alentejo;Área dos CSP da ULS Alto Alentejo;39.2967086,-7.4284755;24519;11751;296
2017-02;Algarve;ACES Algarve II - Algarve Barlavento;37.1387554,-8.5445093;22044;7218;100
2017-02;Centro;Área dos CSP da ULS Viseu Dão-Lafões;40.6565861,-7.9124712;48562;16881;727
2017-02;Centro;ACES Pinhal Litoral;39.7495331,-8.807683;43363;15273;209
2017-02;Centro;ACES Pinhal Interior Sul;39.7510898,-7.9203657;4695;2784;6
2017-02;Lisboa e Vale do Tejo;ACES Oeste Norte;39.410844,-9.1396215;31709;11206;257
2017-02;Lisboa e Vale do Tejo;ACES Cascais;38.69904,-9.3818008;26665;8506;164
2017-02;Norte;ACES Cávado II - Gerês / Cabreira;41.6298661,-8.3596897;17610;10998;348
2017-02;Norte;ACES Grande Porto V - Porto Ocidental;41.1741353,-8.6691662;26427;11685;365
2017-02;Norte;Área dos CSP da ULS Barcelos / Esposende;41.5317419,-8.6178922;31115;12039;288
2017-02;Norte;Área dos CSP da ULS Matosinhos;41.1918541,-8.6590693;29312;14985;391
2017-02;Região não Especificada;Desconhecido | Nacional;;3;;
2017-03;Alentejo;Área dos CSP da ULS Alentejo Central;38.8442031,-7.5826619;40959;20254;452
2017-03;Alentejo;Área dos CSP da ULS Litoral Alentejano;38.3841359,-8.5132031;18931;7136;121
2017-03;Alentejo;Área dos CSP da ULS Alto Alentejo;39.2967086,-7.4284755;29963;14529;413
2017-03;Alentejo;Área dos CSP da ULS Baixo Alentejo;38.0153039,-7.8627308;29087;14479;342
2017-03;Centro;ACES Beira Interior Sul;39.8211367,-7.5036651;13788;5695;49
2017-03;Centro;ACES Pinhal Interior Sul;39.7510898,-7.9203657;5855;3532;18
2017-03;Centro;ACES Pinhal Litoral;39.7495331,-8.807683;53617;19090;271
2017-03;Centro;Área dos CSP da ULS Cova da Beira;40.2677741,-7.4995083;16425;7003;30
2017-03;Lisboa e Vale do Tejo;ACES Sintra;38.7519209,-9.2753636;55848;13685;304
2017-03;Norte;ACES Alto Trás-os-Montes - Alto Tâmega e Barroso;41.741781,-7.4731648;18623;6979;180
2017-03;Norte;ACES Grande Porto VI - Porto Oriental;41.1694498,-8.6126428;23557;10604;335
2017-03;Norte;ACES Entre Douro e Vouga II - Aveiro Norte;40.8472225,-8.4656674;26137;9751;312
2017-03;Norte;ACES Tâmega I - Baixo Tâmega;41.2719719,-8.0791631;37770;14019;387
2017-03;Norte;ACES Douro II - Douro Sul;41.0953745,-7.8123805;17845;6648;206
2017-03;Norte;Área dos CSP da ULS Alto Minho;41.7056054,-8.8252713;60980;27326;865
2017-04;Alentejo;Área dos CSP da ULS Alentejo Central;38.8442031,-7.5826619;31282;16590;254
2017-04;Alentejo;Área dos CSP da ULS Alto Alentejo;39.2967086,-7.4284755;22757;11901;323
2017-04;Centro;ACES Pinhal Litoral;39.7495331,-8.807683;40178;14766;222
2017-04;Centro;Área dos CSP da ULS Cova da Beira;40.2677741,-7.4995083;12171;5249;13
2017-04;Lisboa e Vale do Tejo;ACES Cascais;38.69904,-9.3818008;23352;7780;118
2017-04;Norte;Área dos CSP da ULS Barcelos / Esposende;41.5317419,-8.6178922;27265;11661;227
2017-04;Norte;ACES Alto Trás-os-Montes - Alto Tâmega e Barroso;41.741781,-7.4731648;13600;5404;129
2017-04;Norte;ACES Entre Douro e Vouga I - Feira e Arouca;40.9263169,-8.5478813;25122;13715;356
2017-04;Norte;ACES Grande Porto V - Porto Ocidental;41.1741353,-8.6691662;23739;11789;281
2017-04;Norte;ACES Grande Porto VII - Gaia;41.1278433,-8.580396;21800;12249;265
2017-05;Alentejo;Área dos CSP da ULS Alto Alentejo;39.2967086,-7.4284755;26100;14414;302
2017-05;Algarve;ACES Algarve I - Algarve Central;37.0274264,-7.9395984;36820;12491;243
2017-05;Centro;Área dos CSP da ULS Região de Aveiro;40.6405055,-8.6537539;74869;33326;601
2017-05;Centro;ACES Pinhal Interior Sul;39.7510898,-7.9203657;4978;3487;9
2017-05;Lisboa e Vale do Tejo;ACES Loures / Odivelas;38.8012718,-9.1137868;53208;15895;248
2017-05;Lisboa e Vale do Tejo;ACES Lisboa Ocidental e Oeiras;38.6914388,-9.3184304;33809;10030;306
2017-05;Norte;ACES Grande Porto VII - Gaia;41.1278433,-8.580396;26358;15243;333
2017-05;Norte;Área dos CSP da ULS Póvoa Varzim / Vila Conde;41.355519,-8.746653;25130;16084;335
2017-05;Norte;Área dos CSP da ULS Matosinhos;41.1918541,-8.6590693;32041;18224;368
2017-05;Norte;ACES Grande Porto VI - Porto Oriental;41.1694498,-8.6126428;21521;10473;302
2017-06;Algarve;ACES Algarve I - Algarve Central;37.0274264,-7.9395984;36783;11319;238
2017-06;Centro;ACES Pinhal Interior Norte;40.1151262,-8.2473136;21733;14640;199
2017-06;Centro;ACES Baixo Mondego;40.2150023,-8.4071805;60088;36893;461
2017-06;Lisboa e Vale do Tejo;ACES Lisboa Ocidental e Oeiras;38.6914388,-9.3184304;30930;9604;302
2017-06;Lisboa e Vale do Tejo;ACES Lisboa Central;38.7306317,-9.1510414;35296;10216;231
2017-06;Norte;ACES Tâmega II - Vale do Sousa Sul;41.1548155,-8.2163769;34542;15660;332
2017-06;Norte;ACES Grande Porto VI - Porto Oriental;41.1694498,-8.6126428;19828;9542;314
2017-06;Norte;ACES Grande Porto V - Porto Ocidental;41.1741353,-8.6691662;26588;12764;401
2017-06;Norte;ACES Tâmega I - Baixo Tâmega;41.2719719,-8.0791631;31794;12520;334
2017-07;Algarve;ACES Algarve I - Algarve Central;37.0274264,-7.9395984;35249;10863;242
2017-07;Centro;Área dos CSP da ULS Guarda;40.5353285,-7.2724426;22741;9038;113
2017-07;Centro;Área dos CSP da ULS Cova da Beira;40.2677741,-7.4995083;11912;6391;9
2017-07;Centro;ACES Beira Interior Sul;39.8211367,-7.5036651;10056;4763;37
2017-07;Lisboa e Vale do Tejo;ACES Lisboa Ocidental e Oeiras;38.6914388,-9.3184304;31140;9565;295
2017-07;Lisboa e Vale do Tejo;ACES Loures / Odivelas;38.8012718,-9.1137868;47488;14243;307
2017-07;Lisboa e Vale do Tejo;ACES Sintra;38.7519209,-9.2753636;48100;12448;228
2017-07;Norte;Área dos CSP da ULS Barcelos / Esposende;41.5317419,-8.6178922;30445;13032;256
2017-07;Norte;Área dos CSP da ULS Póvoa Varzim / Vila Conde;41.355519,-8.746653;25048;14411;282
2017-07;Norte;ACES Cávado I - Braga;41.5518714,-8.4126362;29453;13539;367
2017-07;Norte;ACES Entre Douro e Vouga II - Aveiro Norte;40.8472225,-8.4656674;21374;8933;193
2017-07;Norte;ACES Grande Porto VII - Gaia;41.1278433,-8.580396;23062;12963;318
2017-07;Norte;ACES Grande Porto VI - Porto Oriental;41.1694498,-8.6126428;19737;9689;233
2017-07;Norte;Área dos CSP da ULS Matosinhos;41.1918541,-8.6590693;29495;16322;319
2017-07;Região não Especificada;Desconhecido | Nacional;;1030;99;
2017-08;Centro;ACES Beira Interior Sul;39.8211367,-7.5036651;9464;5079;25
2017-08;Lisboa e Vale do Tejo;ACES Sintra;38.7519209,-9.2753636;44008;11638;194
2017-08;Lisboa e Vale do Tejo;Área dos CSP da ULS Arco Ribeirinho;38.6672076,-9.0543329;28801;10432;174
2017-08;Norte;ACES Cávado I - Braga;41.5518714,-8.4126362;28032;13015;361
2017-09;Alentejo;Área dos CSP da ULS Alentejo Central;38.8442031,-7.5826619;33047;18875;230
2017-09;Centro;ACES Pinhal Interior Norte;40.1151262,-8.2473136;20119;15619;155
2017-09;Centro;ACES Pinhal Litoral;39.7495331,-8.807683;43656;16718;226
2017-09;Lisboa e Vale do Tejo;ACES Lisboa Ocidental e Oeiras;38.6914388,-9.3184304;30606;9567;275
2017-09;Lisboa e Vale do Tejo;Área dos CSP da ULS Almada / Seixal;38.6678522,-9.1875777;54207;20394;344
2017-09;Norte;Área dos CSP da ULS Póvoa Varzim / Vila Conde;41.355519,-8.746653;24821;14558;254
2017-09;Norte;ACES Entre Douro e Vouga I - Feira e Arouca;40.9263169,-8.5478813;28729;16038;354
2017-09;Norte;ACES Grande Porto III - Maia / Valongo;41.2333945,-8.6187474;36547;21731;391
2017-09;Norte;ACES Grande Porto VII - Gaia;41.1278433,-8.580396;24090;13529;288
2017-09;Norte;Área dos CSP da ULS Barcelos / Esposende;41.5317419,-8.6178922;29647;13517;231
2017-09;Norte;Área dos CSP da ULS Alto Minho;41.7056054,-8.8252713;49339;25425;631
2017-10;Alentejo;Área dos CSP da ULS Baixo Alentejo;38.0153039,-7.8627308;26091;12580;277
2017-10;Lisboa e Vale do Tejo;ACES Cascais;38.69904,-9.3818008;26727;12516;173
2017-10;Lisboa e Vale do Tejo;ACES Lisboa Norte;38.7396924,-9.168506;34955;9119;270
2017-10;Lisboa e Vale do Tejo;Área dos CSP da ULS Lezíria;39.2371689,-8.6908895;35291;16300;181
2017-10;Norte;ACES Douro I - Marão e Douro Norte;41.2968711,-7.7483727;18924;13211;242
2017-10;Norte;ACES Grande Porto I - Santo Tirso / Trofa;41.3469246,-8.4822648;20385;13696;362
2017-10;Norte;ACES Tâmega III - Vale do Sousa Norte;41.2793583,-8.2787457;30013;18335;280
2017-10;Norte;Área dos CSP da ULS Nordeste;41.8069684,-6.7587977;25016;10090;314
2017-10;Norte;Área dos CSP da ULS Matosinhos;41.1918541,-8.6590693;33957;18590;389
2017-10;Norte;ACES Douro II - Douro Sul;41.0953745,-7.8123805;16339;6565;178
2017-11;Alentejo;Área dos CSP da ULS Alentejo Central;38.8442031,-7.5826619;36133;19625;301
2017-11;Algarve;ACES Algarve I - Algarve Central;37.0274264,-7.9395984;38845;13181;177
2017-11;Centro;Área dos CSP da ULS Região de Aveiro;40.6405055,-8.6537539;76311;31637;595
2017-11;Centro;Área dos CSP da ULS Viseu Dão-Lafões;40.6565861,-7.9124712;54083;21428;604
2017-11;Lisboa e Vale do Tejo;Área dos CSP da ULS Arco Ribeirinho;38.6672076,-9.0543329;34651;11457;204
2017-11;Lisboa e Vale do Tejo;Área dos CSP da ULS Arrábida;38.5324373,-8.8627453;33889;14619;256
2017-11;Lisboa e Vale do Tejo;ACES Lisboa Ocidental e Oeiras;38.6914388,-9.3184304;34137;10830;280
2017-11;Norte;Área dos CSP da ULS Póvoa Varzim / Vila Conde;41.355519,-8.746653;26759;15960;350
2017-11;Norte;ACES Tâmega I - Baixo Tâmega;41.2719719,-8.0791631;34031;14267;371
2017-11;Norte;ACES Douro I - Marão e Douro Norte;41.2968711,-7.7483727;19827;11826;292
2017-11;Norte;ACES Grande Porto I - Santo Tirso / Trofa;41.3469246,-8.4822648;20247;12898;289
2017-11;Norte;ACES Grande Porto II - Gondomar;41.1738444,-8.5612238;34301;19368;457
2017-11;Norte;ACES Entre Douro e Vouga II - Aveiro Norte;40.8472225,-8.4656674;23324;9476;270
2017-11;Região não Especificada;Desconhecido | Nacional;;1;21;
2017-12;Algarve;ACES Algarve II - Algarve Barlavento;37.1387554,-8.5445093;19943;6614;96
2017-12;Centro;ACES Pinhal Interior Norte;40.1151262,-8.2473136;17094;12243;149
2017-12;Centro;ACES Pinhal Interior Sul;39.7510898,-7.9203657;3608;2919;10
2017-12;Centro;Área dos CSP da ULS Região de Aveiro;40.6405055,-8.6537539;56536;26335;386
2017-12;Centro;ACES Pinhal Litoral;39.7495331,-8.807683;34384;14652;199
2017-12;Lisboa e Vale do Tejo;ACES Cascais;38.69904,-9.3818008;20620;9353;123
2017-12;Lisboa e Vale do Tejo;ACES Oeste Norte;39.410844,-9.1396215;25422;11594;180
2017-12;Norte;ACES Grande Porto II - Gondomar;41.1738444,-8.5612238;26085;15491;356
2017-12;Norte;ACES Grande Porto VI - Porto Oriental;41.1694498,-8.6126428;16322;8338;218
2017-12;Norte;ACES Ave / Famalicão;41.3835805,-8.4157518;18098;8370;153
2017-12;Norte;ACES Grande Porto VIII - Espinho / Gaia;41.0022421,-8.642018;26771;15251;322
2018-01;Alentejo;Área dos CSP da ULS Litoral Alentejano;38.3841359,-8.5132031;17278;7270;144
2018-01;Lisboa e Vale do Tejo;ACES Loures / Odivelas;38.8012718,-9.1137868;62540;17168;422
2018-01;Lisboa e Vale do Tejo;ACES Lisboa Norte;38.7396924,-9.168506;39781;9580;357
2018-01;Norte;ACES Ave / Famalicão;41.3835805,-8.4157518;25701;11883;319
2018-01;Norte;ACES Alto Ave - Guimarães, Vizela e Terras de Basto;41.4417064,-8.1722408;65327;25556;628
2018-01;Norte;ACES Entre Douro e Vouga I - Feira e Arouca;40.9263169,-8.5478813;34222;17237;592
2018-01;Norte;ACES Grande Porto VI - Porto Oriental;41.1694498,-8.6126428;23263;11139;360
2018-01;Região não Especificada;Desconhecido | Nacional;;1139;141;
2018-01;Região não Especificada;Desconhecido | Nacional;;1296;;
2018-02;Alentejo;Área dos CSP da ULS Baixo Alentejo;38.0153039,-7.8627308;24828;11476;298
2018-02;Lisboa e Vale do Tejo;ACES Lisboa Central;38.7306317,-9.1510414;37899;9942;289
2018-02;Lisboa e Vale do Tejo;ACES Amadora;38.7573081,-9.23429;23581;5974;114
2018-02;Lisboa e Vale do Tejo;ACES Oeste Norte;39.410844,-9.1396215;32362;11965;228
2018-02;Lisboa e Vale do Tejo;ACES Lisboa Ocidental e Oeiras;38.6914388,-9.3184304;33539;9192;337
2018-02;Lisboa e Vale do Tejo;ACES Sintra;38.7519209,-9.2753636;50757;11737;337
2018-02;Lisboa e Vale do Tejo;Área dos CSP da ULS Arco Ribeirinho;38.6672076,-9.0543329;32165;9715;191
2018-02;Lisboa e Vale do Tejo;Área dos CSP da ULS Almada / Seixal;38.6678522,-9.1875777;55503;19108;454
2018-02;Norte;ACES Alto Trás-os-Montes - Alto Tâmega e Barroso;41.741781,-7.4731648;14180;5754;173
2018-02;Norte;Área dos CSP da ULS Matosinhos;41.1918541,-8.6590693;30246;15343;374
2018-02;Norte;ACES Cávado II - Gerês / Cabreira;41.6298661,-8.3596897;16817;10872;282
2018-02;Norte;ACES Ave / Famalicão;41.3835805,-8.4157518;22137;9169;227
2018-02;Região não Especificada;Desconhecido | Nacional;;1088;;1
2018-02;Região não Especificada;Desconhecido | Nacional;;1050;92;
2018-03;Alentejo;Área dos CSP da ULS Alto Alentejo;39.2967086,-7.4284755;26601;12868;274
2018-03;Alentejo;Área dos CSP da ULS Baixo Alentejo;38.0153039,-7.8627308;26283;11941;315
2018-03;Algarve;ACES Algarve I - Algarve Central;37.0274264,-7.9395984;38578;12032;237
2018-03;Centro;ACES Pinhal Interior Norte;40.1151262,-8.2473136;23516;15016;263
2018-03;Lisboa e Vale do Tejo;ACES Sintra;38.7519209,-9.2753636;51819;12284;345
2018-03;Lisboa e Vale do Tejo;ACES Lisboa Norte;38.7396924,-9.168506;35647;8292;312
2018-03;Lisboa e Vale do Tejo;ACES Lisboa Ocidental e Oeiras;38.6914388,-9.3184304;34858;9861;377
2018-03;Lisboa e Vale do Tejo;Área dos CSP da ULS Arco Ribeirinho;38.6672076,-9.0543329;34085;10318;186
2018-03;Lisboa e Vale do Tejo;Área dos CSP da ULS Estuário do Tejo;38.9528113,-8.9911154;38936;7885;175
2018-03;Lisboa e Vale do Tejo;ACES Oeste Norte;39.410844,-9.1396215;33965;12466;222
2018-03;Norte;ACES Grande Porto V - Porto Ocidental;41.1741353,-8.6691662;27478;13050;363
2018-03;Norte;ACES Grande Porto III - Maia / Valongo;41.2333945,-8.6187474;38892;20394;400
2018-03;Norte;ACES Entre Douro e Vouga I - Feira e Arouca;40.9263169,-8.5478813;31133;14630;463
2018-03;Região não Especificada;Desconhecido | Nacional;;1;;
2018-04;Alentejo;Área dos CSP da ULS Litoral Alentejano;38.3841359,-8.5132031;15756;6497;129
2018-04;Algarve;ACES Algarve II - Algarve Barlavento;37.1387554,-8.5445093;24450;7182;119
2018-04;Centro;Área dos CSP da ULS Cova da Beira;40.2677741,-7.4995083;12486;6568;25
2018-04;Lisboa e Vale do Tejo;Área dos CSP da ULS Almada / Seixal;38.6678522,-9.1875777;54694;20531;399
2018-04;Lisboa e Vale do Tejo;ACES Oeste Norte;39.410844,-9.1396215;32169;12818;189
2018-04;Lisboa e Vale do Tejo;ACES Cascais;38.69904,-9.3818008;25252;11207;203
2018-04;Lisboa e Vale do Tejo;Área dos CSP da ULS Arrábida;38.5324373,-8.8627453;34624;12964;215
2018-04;Norte;ACES Grande Porto VI - Porto Oriental;41.1694498,-8.6126428;20108;9550;246
2018-04;Norte;Área dos CSP da ULS Póvoa Varzim / Vila Conde;41.355519,-8.746653;25282;14965;364
2018-04;Norte;ACES Cávado II - Gerês / Cabreira;41.6298661,-8.3596897;17033;12194;282
2018-05;Algarve;ACES Algarve III - Algarve Sotavento;37.383008,-7.7293275;11100;4635;136
2018-05;Algarve;ACES Algarve I - Algarve Central;37.0274264,-7.9395984;38106;12975;244
2018-05;Centro;Área dos CSP da ULS Cova da Beira;40.2677741,-7.4995083;13167;7067;21
2018-05;Lisboa e Vale do Tejo;Área dos CSP da ULS Lezíria;39.2371689,-8.6908895;33939;15852;199
2018-05;Lisboa e Vale do Tejo;ACES Sintra;38.7519209,-9.2753636;51419;13261;352
2018-05;Norte;ACES Ave / Famalicão;41.3835805,-8.4157518;21898;11095;277
2018-05;Norte;Área dos CSP da ULS Barcelos / Esposende;41.5317419,-8.6178922;30337;13844;304
2018-05;Norte;ACES Grande Porto II - Gondomar;41.1738444,-8.5612238;32456;19806;524
2018-05;Norte;ACES Douro I - Marão e Douro Norte;41.2968711,-7.7483727;19507;12153;321
2018-05;Região não Especificada;Desconhecido | Nacional;;1006;119;
2018-06;Alentejo;Área dos CSP da ULS Alentejo Central;38.8442031,-7.5826619;34315;18356;328
2018-06;Alentejo;Área dos CSP da ULS Baixo Alentejo;38.0153039,-7.8627308;25087;11832;330
2018-06;Centro;Área dos CSP da ULS Guarda;40.5353285,-7.2724426;23586;9505;152
2018-06;Lisboa e Vale do Tejo;Área dos CSP da ULS Lezíria;39.2371689,-8.6908895;34557;14433;211
2018-06;Lisboa e Vale do Tejo;ACES Amadora;38.7573081,-9.23429;22604;6946;126
2018-06;Lisboa e Vale do Tejo;ACES Lisboa Central;38.7306317,-9.1510414;35710;10735;239
2018-06;Norte;ACES Grande Porto I - Santo Tirso / Trofa;41.3469246,-8.4822648;20154;11925;359
2018-06;Norte;ACES Cávado II - Gerês / Cabreira;41.6298661,-8.3596897;16905;11775;314
2018-06;Norte;ACES Grande Porto VII - Gaia;41.1278433,-8.580396;24355;13050;365
2018-06;Norte;ACES Tâmega I - Baixo Tâmega;41.2719719,-8.0791631;32340;12873;397
2018-06;Norte;ACES Grande Porto V - Porto Ocidental;41.1741353,-8.6691662;26151;13170;358
2018-06;Norte;ACES Cávado I - Braga;41.5518714,-8.4126362;30540;14474;488
2018-07;Alentejo;Área dos CSP da ULS Alentejo Central;38.8442031,-7.5826619;33540;19210;342
2018-07;Alentejo;Área dos CSP da ULS Litoral Alentejano;38.3841359,-8.5132031;16474;6472;136
2018-07;Lisboa e Vale do Tejo;ACES Amadora;38.7573081,-9.23429;24277;7309;136
2018-07;Lisboa e Vale do Tejo;Área dos CSP da ULS Estuário do Tejo;38.9528113,-8.9911154;35768;8179;175
2018-07;Lisboa e Vale do Tejo;Área dos CSP da ULS Arrábida;38.5324373,-8.8627453;33670;13413;228
2018-07;Lisboa e Vale do Tejo;ACES Sintra;38.7519209,-9.2753636;50796;13897;263
2018-07;Lisboa e Vale do Tejo;Área dos CSP da ULS Lezíria;39.2371689,-8.6908895;33756;14924;222
2018-07;Lisboa e Vale do Tejo;ACES Cascais;38.69904,-9.3818008;27013;11676;201
2018-07;Norte;ACES Cávado II - Gerês / Cabreira;41.6298661,-8.3596897;17652;11984;192
2018-07;Norte;ACES Tâmega II - Vale do Sousa Sul;41.1548155,-8.2163769;34505;17017;325
2018-07;Norte;ACES Grande Porto VI - Porto Oriental;41.1694498,-8.6126428;21155;10621;253
2018-07;Norte;ACES Entre Douro e Vouga I - Feira e Arouca;40.9263169,-8.5478813;29453;15884;397
2018-07;Norte;ACES Alto Trás-os-Montes - Alto Tâmega e Barroso;41.741781,-7.4731648;16308;6465;182
2018-07;Norte;Área dos CSP da ULS Alto Minho;41.7056054,-8.8252713;51052;25571;556
2018-07;Região não Especificada;Desconhecido | Nacional;;;1;
2018-08;Alentejo;Área dos CSP da ULS Alentejo Central;38.8442031,-7.5826619;31759;17959;277
2018-08;Centro;ACES Baixo Mondego;40.2150023,-8.4071805;52822;37177;373
2018-08;Centro;Área dos CSP da ULS Guarda;40.5353285,-7.2724426;19036;8562;124
2018-08;Lisboa e Vale do Tejo;ACES Lisboa Norte;38.7396924,-9.168506;27707;7743;259
2018-08;Lisboa e Vale do Tejo;Área dos CSP da ULS Arrábida;38.5324373,-8.8627453;30199;12774;179
2018-08;Lisboa e Vale do Tejo;ACES Lisboa Ocidental e Oeiras;38.6914388,-9.3184304;28793;9232;248
2018-08;Lisboa e Vale do Tejo;Área dos CSP da ULS Arco Ribeirinho;38.6672076,-9.0543329;28394;9991;157
2018-08;Norte;ACES Cávado II - Gerês / Cabreira;41.6298661,-8.3596897;15409;11003;182
2018-08;Norte;Área dos CSP da ULS Nordeste;41.8069684,-6.7587977;18210;8190;216
2018-08;Região não Especificada;Desconhecido | Nacional;;962;;
2018-09;Alentejo;Área dos CSP da ULS Alto Alentejo;39.2967086,-7.4284755;22460;12771;243
2018-09;Algarve;ACES Algarve I - Algarve Central;37.0274264,-7.9395984;35354;11901;217
2018-09;Centro;Área dos CSP da ULS Viseu Dão-Lafões;40.6565861,-7.9124712;46643;19440;452
2018-09;Lisboa e Vale do Tejo;ACES Médio Tejo;39.478072,-8.5404429;40133;14172;244
2018-09;Lisboa e Vale do Tejo;Área dos CSP da ULS Estuário do Tejo;38.9528113,-8.9911154;36631;7664;169
2018-09;Norte;ACES Entre Douro e Vouga I - Feira e Arouca;40.9263169,-8.5478813;27025;15552;359
2018-09;Norte;ACES Grande Porto I - Santo Tirso / Trofa;41.3469246,-8.4822648;18551;11904;319
2018-09;Norte;ACES Grande Porto VI - Porto Oriental;41.1694498,-8.6126428;18780;9415;251
2018-09;Norte;ACES Grande Porto III - Maia / Valongo;41.2333945,-8.6187474;34228;21079;346
2018-09;Região não Especificada;Desconhecido | Nacional;;;1;
2018-10;Alentejo;Área dos CSP da ULS Baixo Alentejo;38.0153039,-7.8627308;26117;13683;362
2018-10;Lisboa e Vale do Tejo;Área dos CSP da ULS Lezíria;39.2371689,-8.6908895;38009;16707;217
2018-10;Lisboa e Vale do Tejo;ACES Loures / Odivelas;38.8012718,-9.1137868;56132;18356;407
2018-10;Lisboa e Vale do Tejo;ACES Médio Tejo;39.478072,-8.5404429;47708;17436;301
2018-10;Lisboa e Vale do Tejo;ACES Oeste Norte;39.410844,-9.1396215;33314;16117;239
2018-10;Lisboa e Vale do Tejo;ACES Lisboa Norte;38.7396924,-9.168506;37196;10062;301
2018-10;Norte;ACES Tâmega III - Vale do Sousa Norte;41.2793583,-8.2787457;32721;18883;316
2018-10;Norte;ACES Ave / Famalicão;41.3835805,-8.4157518;23581;11845;321
2018-11;Alentejo;Área dos CSP da ULS Baixo Alentejo;38.0153039,-7.8627308;25031;12696;370
2018-11;Alentejo;Área dos CSP da ULS Alto Alentejo;39.2967086,-7.4284755;25782;13043;293
2018-11;Algarve;ACES Algarve II - Algarve Barlavento;37.1387554,-8.5445093;27244;7899;155
2018-11;Algarve;ACES Algarve I - Algarve Central;37.0274264,-7.9395984;38487;12974;338
2018-11;Centro;Área dos CSP da ULS Região de Aveiro;40.6405055,-8.6537539;75140;31185;671
2018-11;Centro;ACES Pinhal Litoral;39.7495331,-8.807683;47285;19027;362
2018-11;Centro;Área dos CSP da ULS Guarda;40.5353285,-7.2724426;23973;10481;134
2018-11;Lisboa e Vale do Tejo;ACES Médio Tejo;39.478072,-8.5404429;44143;15555;333
2018-11;Lisboa e Vale do Tejo;Área dos CSP da ULS Estuário do Tejo;38.9528113,-8.9911154;42196;9352;279
2018-11;Norte;Área dos CSP da ULS Póvoa Varzim / Vila Conde;41.355519,-8.746653;26165;16051;435
2018-11;Norte;ACES Grande Porto VI - Porto Oriental;41.1694498,-8.6126428;21208;10654;297
2018-11;Norte;ACES Ave / Famalicão;41.3835805,-8.4157518;23324;11083;287
2018-11;Norte;ACES Tâmega III - Vale do Sousa Norte;41.2793583,-8.2787457;32560;16955;356
2018-11;Norte;ACES Entre Douro e Vouga I - Feira e Arouca;40.9263169,-8.5478813;30172;16700;491
2018-11;Norte;ACES Douro II - Douro Sul;41.0953745,-7.8123805;16136;6085;164
2018-11;Norte;ACES Grande Porto II - Gondomar;41.1738444,-8.5612238;32773;20885;481
2018-11;Norte;ACES Tâmega I - Baixo Tâmega;41.2719719,-8.0791631;33912;14231;389
2018-12;Centro;ACES Pinhal Interior Sul;39.7510898,-7.9203657;3918;2737;9
2018-12;Lisboa e Vale do Tejo;ACES Sintra;38.7519209,-9.2753636;44831;11436;302
2018-12;Lisboa e Vale do Tejo;ACES Oeste Norte;39.410844,-9.1396215;24981;10939;167
2018-12;Lisboa e Vale do Tejo;Área dos CSP da ULS Almada / Seixal;38.6678522,-9.1875777;47597;18231;388
2018-12;Norte;ACES Douro II - Douro Sul;41.0953745,-7.8123805;12634;4872;147
2018-12;Norte;ACES Grande Porto I - Santo Tirso / Trofa;41.3469246,-8.4822648;16396;10272;246
2018-12;Norte;Área dos CSP da ULS Nordeste;41.8069684,-6.7587977;17467;7093;177
2018-12;Região não Especificada;Desconhecido | Nacional;;1;;
2019-01;Lisboa e Vale do Tejo;ACES Oeste Norte;39.410844,-9.1396215;35837;15217;258
2019-01;Lisboa e Vale do Tejo;ACES Lisboa Norte;38.7396924,-9.168506;40466;10028;353
2019-01;Lisboa e Vale do Tejo;ACES Amadora;38.7573081,-9.23429;25108;6854;150
2019-01;Norte;ACES Grande Porto I - Santo Tirso / Trofa;41.3469246,-8.4822648;22999;14234;306
2019-01;Norte;Área dos CSP da ULS Matosinhos;41.1918541,-8.6590693;37329;19334;432
2019-01;Norte;ACES Grande Porto VIII - Espinho / Gaia;41.0022421,-8.642018;36615;21340;457
2019-01;Região não Especificada;Desconhecido | Nacional;;1;;
2019-02;Alentejo;Área dos CSP da ULS Alentejo Central;38.8442031,-7.5826619;36933;17993;329
2019-02;Centro;ACES Beira Interior Sul;39.8211367,-7.5036651;13288;5312;62
2019-02;Centro;ACES Pinhal Litoral;39.7495331,-8.807683;46962;17317;315
2019-02;Centro;Área dos CSP da ULS Viseu Dão-Lafões;40.6565861,-7.9124712;54709;18746;591
2019-02;Centro;ACES Baixo Mondego;40.2150023,-8.4071805;66683;37910;581
2019-02;Lisboa e Vale do Tejo;ACES Cascais;38.69904,-9.3818008;28660;10780;258
2019-02;Norte;ACES Cávado II - Gerês / Cabreira;41.6298661,-8.3596897;18427;11989;276
2019-02;Norte;ACES Tâmega I - Baixo Tâmega;41.2719719,-8.0791631;33219;12886;347
2019-02;Norte;ACES Grande Porto III - Maia / Valongo;41.2333945,-8.6187474;39088;20680;401
2019-02;Norte;ACES Grande Porto VII - Gaia;41.1278433,-8.580396;26277;12762;339
2019-02;Norte;ACES Douro I - Marão e Douro Norte;41.2968711,-7.7483727;18519;10459;260
2019-02;Região não Especificada;Desconhecido | Nacional;;1;;
2019-03;Alentejo;Área dos CSP da ULS Litoral Alentejano;38.3841359,-8.5132031;16166;6087;142
2019-03;Centro;ACES Pinhal Litoral;39.7495331,-8.807683;46716;18035;312
2019-03;Lisboa e Vale do Tejo;ACES Oeste Norte;39.410844,-9.1396215;32747;12178;214
2019-03;Lisboa e Vale do Tejo;ACES Cascais;38.69904,-9.3818008;28112;11330;263
2019-03;Lisboa e Vale do Tejo;ACES Oeste Sul;39.0917759,-9.2600341;29664;10468;203
2019-03;Lisboa e Vale do Tejo;Área dos CSP da ULS Lezíria;39.2371689,-8.6908895;35745;14329;236
2019-03;Norte;Área dos CSP da ULS Alto Minho;41.7056054,-8.8252713;51473;24689;766
2019-03;Norte;ACES Douro II - Douro Sul;41.0953745,-7.8123805;14190;5216;201
2019-03;Norte;ACES Douro I - Marão e Douro Norte;41.2968711,-7.7483727;18082;10525;270
2019-03;Norte;Área dos CSP da ULS Póvoa Varzim / Vila Conde;41.355519,-8.746653;25203;14231;361
2019-04;Alentejo;Área dos CSP da ULS Alto Alentejo;39.2967086,-7.4284755;23450;11753;260
2019-04;Algarve;ACES Algarve I - Algarve Central;37.0274264,-7.9395984;36786;12682;246
2019-04;Centro;Área dos CSP da ULS Guarda;40.5353285,-7.2724426;21952;9006;212
2019-04;Centro;ACES Beira Interior Sul;39.8211367,-7.5036651;11495;4878;65
2019-04;Centro;ACES Baixo Mondego;40.2150023,-8.4071805;63250;38581;524
2019-04;Lisboa e Vale do Tejo;ACES Amadora;38.7573081,-9.23429;22939;6395;99
2019-04;Lisboa e Vale do Tejo;ACES Oeste Norte;39.410844,-9.1396215;30914;12795;182
2019-04;Norte;ACES Grande Porto V - Porto Ocidental;41.1741353,-8.6691662;25868;14015;310
2019-04;Norte;ACES Cávado I - Braga;41.5518714,-8.4126362;31115;14904;378
2019-04;Norte;ACES Tâmega II - Vale do Sousa Sul;41.1548155,-8.2163769;34270;17419;313
2019-05;Alentejo;Área dos CSP da ULS Alto Alentejo;39.2967086,-7.4284755;26603;14153;306
2019-05;Algarve;ACES Algarve II - Algarve Barlavento;37.1387554,-8.5445093;29883;8965;179
2019-05;Centro;ACES Pinhal Interior Sul;39.7510898,-7.9203657;5230;3765;15
2019-05;Centro;ACES Pinhal Litoral;39.7495331,-8.807683;48644;20591;334
2019-05;Lisboa e Vale do Tejo;ACES Loures / Odivelas;38.8012718,-9.1137868;54005;18252;426
2019-05;Lisboa e Vale do Tejo;ACES Médio Tejo;39.478072,-8.5404429;46688;16606;316
2019-05;Lisboa e Vale do Tejo;ACES Amadora;38.7573081,-9.23429;25522;7374;162
2019-05;Lisboa e Vale do Tejo;ACES Lisboa Ocidental e Oeiras;38.6914388,-9.3184304;37655;11729;424
2019-05;Lisboa e Vale do Tejo;Área dos CSP da ULS Almada / Seixal;38.6678522,-9.1875777;62106;23697;507
2019-05;Norte;Área dos CSP da ULS Nordeste;41.8069684,-6.7587977;25172;9647;332
2019-05;Norte;ACES Cávado I - Braga;41.5518714,-8.4126362;35872;17490;484
2019-05;Norte;Área dos CSP da ULS Matosinhos;41.1918541,-8.6590693;34396;18531;395
2019-05;Norte;ACES Douro II - Douro Sul;41.0953745,-7.8123805;15889;6259;225
2019-06;Alentejo;Área dos CSP da ULS Litoral Alentejano;38.3841359,-8.5132031;13306;5795;82
2019-06;Alentejo;Área dos CSP da ULS Alentejo Central;38.8442031,-7.5826619;30002;17412;325
2019-06;Algarve;ACES Algarve II - Algarve Barlavento;37.1387554,-8.5445093;22740;6846;116
2019-06;Centro;Área dos CSP da ULS Guarda;40.5353285,-7.2724426;20022;8786;144
2019-06;Lisboa e Vale do Tejo;ACES Oeste Norte;39.410844,-9.1396215;26139;11854;180
2019-06;Lisboa e Vale do Tejo;ACES Loures / Odivelas;38.8012718,-9.1137868;42326;14927;315
2019-06;Lisboa e Vale do Tejo;Área dos CSP da ULS Almada / Seixal;38.6678522,-9.1875777;46134;18521;352
2019-06;Norte;Área dos CSP da ULS Barcelos / Esposende;41.5317419,-8.6178922;26120;12568;290
2019-06;Norte;ACES Grande Porto V - Porto Ocidental;41.1741353,-8.6691662;20995;12041;276
2019-06;Norte;ACES Grande Porto VIII - Espinho / Gaia;41.0022421,-8.642018;25423;16205;336
2019-06;Norte;ACES Alto Ave - Guimarães, Vizela e Terras de Basto;41.4417064,-8.1722408;45742;19144;529
2019-06;Norte;Área dos CSP da ULS Nordeste;41.8069684,-6.7587977;18190;7837;245
2019-06;Região não Especificada;Desconhecido | Nacional;;812;;
2019-06;Região não Especificada;Desconhecido | Nacional;;778;111;
2019-07;Algarve;ACES Algarve I - Algarve Central;37.0274264,-7.9395984;38469;13353;311
2019-07;Centro;ACES Pinhal Litoral;39.7495331,-8.807683;46751;21261;264
2019-07;Centro;Área dos CSP da ULS Viseu Dão-Lafões;40.6565861,-7.9124712;54510;21310;592
2019-07;Lisboa e Vale do Tejo;ACES Oeste Sul;39.0917759,-9.2600341;31907;12784;199
2019-07;Lisboa e Vale do Tejo;ACES Oeste Norte;39.410844,-9.1396215;32524;14409;195
2019-07;Norte;ACES Grande Porto VII - Gaia;41.1278433,-8.580396;26279;14937;284
2019-07;Norte;Área dos CSP da ULS Barcelos / Esposende;41.5317419,-8.6178922;34354;15204;320
2019-07;Norte;ACES Alto Trás-os-Montes - Alto Tâmega e Barroso;41.741781,-7.4731648;16153;6557;155
2019-07;Norte;ACES Tâmega III - Vale do Sousa Norte;41.2793583,-8.2787457;32525;18228;252
2019-07;Norte;ACES Tâmega I - Baixo Tâmega;41.2719719,-8.0791631;33702;14493;320
2019-07;Norte;Área dos CSP da ULS Nordeste;41.8069684,-6.7587977;21163;9158;279
2019-07;Norte;ACES Entre Douro e Vouga II - Aveiro Norte;40.8472225,-8.4656674;24508;10772;296
2019-08;Algarve;ACES Algarve I - Algarve Central;37.0274264,-7.9395984;33913;11895;243
2019-08;Centro;ACES Beira Interior Sul;39.8211367,-7.5036651;9656;4824;42
2019-08;Centro;Área dos CSP da ULS Região de Aveiro;40.6405055,-8.6537539;58170;28951;378
2019-08;Lisboa e Vale do Tejo;ACES Lisboa Norte;38.7396924,-9.168506;27766;8138;271
2019-08;Lisboa e Vale do Tejo;ACES Médio Tejo;39.478072,-8.5404429;34937;14122;271
2019-08;Norte;ACES Grande Porto VII - Gaia;41.1278433,-8.580396;22017;12814;264
2019-08;Norte;ACES Entre Douro e Vouga I - Feira e Arouca;40.9263169,-8.5478813;23781;14779;269
2019-08;Norte;ACES Cávado I - Braga;41.5518714,-8.4126362;27027;13627;326
2019-08;Norte;ACES Ave / Famalicão;41.3835805,-8.4157518;17008;9927;176
2019-09;Algarve;ACES Algarve II - Algarve Barlavento;37.1387554,-8.5445093;26774;7699;130
2019-09;Algarve;ACES Algarve I - Algarve Central;37.0274264,-7.9395984;37158;12730;259
2019-09;Algarve;ACES Algarve III - Algarve Sotavento;37.383008,-7.7293275;10946;4229;161
2019-09;Centro;Área dos CSP da ULS Cova da Beira;40.2677741,-7.4995083;12799;6439;27
2019-09;Lisboa e Vale do Tejo;ACES Médio Tejo;39.478072,-8.5404429;42383;15920;284
2019-09;Lisboa e Vale do Tejo;Área dos CSP da ULS Arco Ribeirinho;38.6672076,-9.0543329;32327;10931;160
2019-09;Lisboa e Vale do Tejo;ACES Cascais;38.69904,-9.3818008;25492;12059;198
2019-09;Norte;ACES Alto Trás-os-Montes - Alto Tâmega e Barroso;41.741781,-7.4731648;15226;6751;151
2019-09;Norte;ACES Alto Ave - Guimarães, Vizela e Terras de Basto;41.4417064,-8.1722408;55767;22378;594
2019-09;Norte;ACES Douro I - Marão e Douro Norte;41.2968711,-7.7483727;16764;11030;275
2019-09;Norte;ACES Grande Porto III - Maia / Valongo;41.2333945,-8.6187474;37058;22606;300
2019-10;Centro;Área dos CSP da ULS Viseu Dão-Lafões;40.6565861,-7.9124712;59401;24162;730
2019-10;Lisboa e Vale do Tejo;Área dos CSP da ULS Estuário do Tejo;38.9528113,-8.9911154;44584;12530;254
2019-10;Lisboa e Vale do Tejo;Área dos CSP da ULS Almada / Seixal;38.6678522,-9.1875777;67104;25409;538
2019-10;Norte;ACES Cávado I - Braga;41.5518714,-8.4126362;36612;18506;442
2019-10;Norte;Área dos CSP da ULS Matosinhos;41.1918541,-8.6590693;35813;20974;363
2019-10;Norte;ACES Grande Porto VIII - Espinho / Gaia;41.0022421,-8.642018;37088;20932;436
2019-10;Norte;ACES Cávado II - Gerês / Cabreira;41.6298661,-8.3596897;21061;13929;313
2019-10;Norte;Área dos CSP da ULS Nordeste;41.8069684,-6.7587977;26099;10148;390
2019-10;Norte;Área dos CSP da ULS Barcelos / Esposende;41.5317419,-8.6178922;36715;16095;338
2019-10;Norte;ACES Ave / Famalicão;41.3835805,-8.4157518;25455;12650;274
2019-11;Algarve;ACES Algarve III - Algarve Sotavento;37.383008,-7.7293275;11260;4109;165
2019-11;Centro;Área dos CSP da ULS Região de Aveiro;40.6405055,-8.6537539;71832;30980;618
2019-11;Centro;ACES Beira Interior Sul;39.8211367,-7.5036651;12001;5224;50
2019-11;Lisboa e Vale do Tejo;Área dos CSP da ULS Arco Ribeirinho;38.6672076,-9.0543329;35118;11230;200
2019-11;Lisboa e Vale do Tejo;ACES Oeste Sul;39.0917759,-9.2600341;29224;11402;180
2019-11;Lisboa e Vale do Tejo;ACES Sintra;38.7519209,-9.2753636;52572;13709;325
2019-11;Norte;ACES Douro II - Douro Sul;41.0953745,-7.8123805;14699;5719;192
2019-11;Norte;ACES Grande Porto VII - Gaia;41.1278433,-8.580396;26955;14762;342
2019-11;Norte;Área dos CSP da ULS Barcelos / Esposende;41.5317419,-8.6178922;31927;13954;348
2019-11;Norte;ACES Grande Porto I - Santo Tirso / Trofa;41.3469246,-8.4822648;20044;12044;365
2019-11;Norte;Área dos CSP da ULS Matosinhos;41.1918541,-8.6590693;31392;17771;395
2019-11;Norte;ACES Entre Douro e Vouga II - Aveiro Norte;40.8472225,-8.4656674;23963;10093;327
2019-11;Norte;ACES Grande Porto II - Gondomar;41.1738444,-8.5612238;33659;20756;367
2019-12;Centro;ACES Pinhal Interior Norte;40.1151262,-8.2473136;19919;12389;168
2019-12;Centro;Área dos CSP da ULS Região de Aveiro;40.6405055,-8.6537539;64231;27849;525
2019-12;Centro;ACES Pinhal Interior Sul;39.7510898,-7.9203657;3884;3049;11
2019-12;Lisboa e Vale do Tejo;Área dos CSP da ULS Almada / Seixal;38.6678522,-9.1875777;49245;17960;417
2019-12;Lisboa e Vale do Tejo;Área dos CSP da ULS Arco Ribeirinho;38.6672076,-9.0543329;29994;9951;159
2019-12;Lisboa e Vale do Tejo;ACES Sintra;38.7519209,-9.2753636;45703;12392;237
2019-12;Norte;ACES Grande Porto VIII - Espinho / Gaia;41.0022421,-8.642018;27512;15821;375
2019-12;Norte;ACES Grande Porto II - Gondomar;41.1738444,-8.5612238;28976;18523;328
2019-12;Norte;ACES Alto Ave - Guimarães, Vizela e Terras de Basto;41.4417064,-8.1722408;48763;19395;524
2019-12;Norte;ACES Grande Porto VII - Gaia;41.1278433,-8.580396;22476;12736;274
2020-01;Alentejo;Área dos CSP da ULS Alentejo Central;38.8442031,-7.5826619;37886;21680;404
2020-01;Lisboa e Vale do Tejo;ACES Médio Tejo;39.478072,-8.5404429;47744;17375;356
2020-01;Lisboa e Vale do Tejo;Área dos CSP da ULS Lezíria;39.2371689,-8.6908895;40528;16974;325
2020-01;Lisboa e Vale do Tejo;Área dos CSP da ULS Arrábida;38.5324373,-8.8627453;38646;14924;241
2020-01;Lisboa e Vale do Tejo;ACES Lisboa Norte;38.7396924,-9.168506;38812;10246;385
2020-01;Lisboa e Vale do Tejo;ACES Amadora;38.7573081,-9.23429;26837;7468;170
2020-01;Norte;ACES Ave / Famalicão;41.3835805,-8.4157518;24288;12688;280
2020-01;Norte;Área dos CSP da ULS Matosinhos;41.1918541,-8.6590693;35247;19640;464
2020-01;Norte;ACES Entre Douro e Vouga I - Feira e Arouca;40.9263169,-8.5478813;30033;18079;442
2020-01;Norte;ACES Entre Douro e Vouga II - Aveiro Norte;40.8472225,-8.4656674;26437;11236;342
2020-01;Norte;ACES Alto Trás-os-Montes - Alto Tâmega e Barroso;41.741781,-7.4731648;16918;7787;225
2020-01;Norte;ACES Tâmega I - Baixo Tâmega;41.2719719,-8.0791631;36259;15959;372
2020-02;Algarve;ACES Algarve I - Algarve Central;37.0274264,-7.9395984;37510;12018;266
2020-02;Centro;Área dos CSP da ULS Região de Aveiro;40.6405055,-8.6537539;70229;28859;620
2020-02;Lisboa e Vale do Tejo;ACES Loures / Odivelas;38.8012718,-9.1137868;49671;15558;390
2020-02;Lisboa e Vale do Tejo;ACES Amadora;38.7573081,-9.23429;24080;6490;170
2020-02;Lisboa e Vale do Tejo;ACES Sintra;38.7519209,-9.2753636;51696;12861;329
2020-03;Algarve;ACES Algarve II - Algarve Barlavento;37.1387554,-8.5445093;20897;11384;133
2020-03;Algarve;ACES Algarve III - Algarve Sotavento;37.383008,-7.7293275;8167;5801;375
2020-03;Centro;Área dos CSP da ULS Cova da Beira;40.2677741,-7.4995083;9733;11834;28
2020-03;Centro;ACES Pinhal Interior Norte;40.1151262,-8.2473136;15426;20247;131
2020-03;Centro;Área dos CSP da ULS Viseu Dão-Lafões;40.6565861,-7.9124712;34388;37130;282
2020-03;Lisboa e Vale do Tejo;ACES Lisboa Norte;38.7396924,-9.168506;22988;17878;161
2020-03;Lisboa e Vale do Tejo;ACES Sintra;38.7519209,-9.2753636;38019;23089;167
2020-03;Lisboa e Vale do Tejo;ACES Amadora;38.7573081,-9.23429;17171;11362;70
2020-03;Norte;ACES Douro I - Marão e Douro Norte;41.2968711,-7.7483727;11218;13784;139
2020-03;Norte;ACES Entre Douro e Vouga I - Feira e Arouca;40.9263169,-8.5478813;19306;24000;199
2020-03;Norte;Área dos CSP da ULS Nordeste;41.8069684,-6.7587977;14512;14803;119
2020-03;Norte;Área dos CSP da ULS Barcelos / Esposende;41.5317419,-8.6178922;21110;18937;185
2020-03;Norte;ACES Tâmega II - Vale do Sousa Sul;41.1548155,-8.2163769;21583;26510;149
2020-03;Norte;ACES Tâmega III - Vale do Sousa Norte;41.2793583,-8.2787457;17526;22904;118
2020-03;Norte;ACES Entre Douro e Vouga II - Aveiro Norte;40.8472225,-8.4656674;15521;15195;202
2020-03;Norte;ACES Cávado II - Gerês / Cabreira;41.6298661,-8.3596897;10755;14269;198
2020-04;Centro;ACES Pinhal Litoral;39.7495331,-8.807683;11825;37671;48
2020-04;Lisboa e Vale do Tejo;ACES Médio Tejo;39.478072,-8.5404429;13036;30382;54
2020-04;Lisboa e Vale do Tejo;ACES Lisboa Ocidental e Oeiras;38.6914388,-9.3184304;6576;35292;125
2020-04;Lisboa e Vale do Tejo;Área dos CSP da ULS Arrábida;38.5324373,-8.8627453;12451;24517;50
2020-04;Lisboa e Vale do Tejo;ACES Amadora;38.7573081,-9.23429;6507;13301;27
2020-04;Lisboa e Vale do Tejo;Área dos CSP da ULS Arco Ribeirinho;38.6672076,-9.0543329;10389;27907;35
2020-04;Lisboa e Vale do Tejo;Área dos CSP da ULS Lezíria;39.2371689,-8.6908895;10238;31761;38
2020-04;Lisboa e Vale do Tejo;ACES Lisboa Central;38.7306317,-9.1510414;9560;25117;19
2020-04;Norte;ACES Douro I - Marão e Douro Norte;41.2968711,-7.7483727;4002;18196;52
2020-04;Norte;ACES Douro II - Douro Sul;41.0953745,-7.8123805;3018;14101;201
2020-04;Norte;Área dos CSP da ULS Póvoa Varzim / Vila Conde;41.355519,-8.746653;5817;27996;99
2020-04;Norte;ACES Alto Ave - Guimarães, Vizela e Terras de Basto;41.4417064,-8.1722408;10730;49157;74
2020-04;Norte;ACES Grande Porto II - Gondomar;41.1738444,-8.5612238;5697;34395;40
2020-04;Norte;ACES Grande Porto V - Porto Ocidental;41.1741353,-8.6691662;11487;29806;78
2020-05;Algarve;ACES Algarve III - Algarve Sotavento;37.383008,-7.7293275;5383;6904;182
2020-05;Centro;Área dos CSP da ULS Guarda;40.5353285,-7.2724426;11943;16036;61
2020-05;Lisboa e Vale do Tejo;Área dos CSP da ULS Almada / Seixal;38.6678522,-9.1875777;23067;37706;184
2020-05;Lisboa e Vale do Tejo;ACES Oeste Sul;39.0917759,-9.2600341;11039;24055;69
2020-05;Lisboa e Vale do Tejo;ACES Cascais;38.69904,-9.3818008;7982;26514;64
2020-05;Norte;ACES Entre Douro e Vouga II - Aveiro Norte;40.8472225,-8.4656674;8222;20192;136
2020-05;Norte;ACES Tâmega II - Vale do Sousa Sul;41.1548155,-8.2163769;14886;34932;158
2020-05;Norte;ACES Tâmega III - Vale do Sousa Norte;41.2793583,-8.2787457;8472;35434;47
2020-05;Região não Especificada;Desconhecido | Nacional;;815;;1
2020-06;Alentejo;Área dos CSP da ULS Alentejo Central;38.8442031,-7.5826619;17021;30722;354
2020-06;Alentejo;Área dos CSP da ULS Baixo Alentejo;38.0153039,-7.8627308;14396;18938;158
2020-06;Centro;ACES Pinhal Interior Norte;40.1151262,-8.2473136;12575;22706;165
2020-06;Lisboa e Vale do Tejo;Área dos CSP da ULS Estuário do Tejo;38.9528113,-8.9911154;20668;28173;82
2020-06;Lisboa e Vale do Tejo;ACES Oeste Sul;39.0917759,-9.2600341;14410;24996;93
2020-06;Lisboa e Vale do Tejo;Área dos CSP da ULS Almada / Seixal;38.6678522,-9.1875777;25649;41026;185
2020-06;Lisboa e Vale do Tejo;ACES Lisboa Norte;38.7396924,-9.168506;19400;25879;160
2020-06;Norte;ACES Alto Trás-os-Montes - Alto Tâmega e Barroso;41.741781,-7.4731648;7111;14852;109
2020-06;Norte;Área dos CSP da ULS Nordeste;41.8069684,-6.7587977;11236;16926;156
2020-06;Norte;ACES Grande Porto VIII - Espinho / Gaia;41.0022421,-8.642018;14664;33411;244
2020-06;Norte;ACES Ave / Famalicão;41.3835805,-8.4157518;8968;22215;221
2020-06;Norte;Área dos CSP da ULS Matosinhos;41.1918541,-8.6590693;10676;35270;252
2020-07;Algarve;ACES Algarve III - Algarve Sotavento;37.383008,-7.7293275;8224;7728;121
2020-07;Centro;Área dos CSP da ULS Viseu Dão-Lafões;40.6565861,-7.9124712;23292;55803;333
2020-07;Centro;ACES Pinhal Litoral;39.7495331,-8.807683;22784;50238;220
2020-07;Lisboa e Vale do Tejo;ACES Lisboa Ocidental e Oeiras;38.6914388,-9.3184304;15293;43215;203
2020-07;Lisboa e Vale do Tejo;Área dos CSP da ULS Estuário do Tejo;38.9528113,-8.9911154;23425;29807;57
2020-07;Lisboa e Vale do Tejo;ACES Lisboa Central;38.7306317,-9.1510414;19339;33730;89
2020-07;Norte;ACES Grande Porto III - Maia / Valongo;41.2333945,-8.6187474;18820;45443;166
2020-07;Norte;ACES Grande Porto II - Gondomar;41.1738444,-8.5612238;12173;46433;210
2020-07;Norte;Área dos CSP da ULS Nordeste;41.8069684,-6.7587977;12618;17657;135
2020-07;Norte;ACES Cávado I - Braga;41.5518714,-8.4126362;16587;38560;296
2020-07;Região não Especificada;Desconhecido | Nacional;;1;;
2020-08;Alentejo;Área dos CSP da ULS Alto Alentejo;39.2967086,-7.4284755;17235;14181;122
2020-08;Lisboa e Vale do Tejo;Área dos CSP da ULS Arco Ribeirinho;38.6672076,-9.0543329;17652;23183;95
2020-08;Lisboa e Vale do Tejo;Área dos CSP da ULS Lezíria;39.2371689,-8.6908895;24727;22259;109
2020-08;Norte;Área dos CSP da ULS Póvoa Varzim / Vila Conde;41.355519,-8.746653;10147;32535;176
2020-08;Norte;ACES Tâmega I - Baixo Tâmega;41.2719719,-8.0791631;12576;32144;160
2020-08;Norte;ACES Cávado I - Braga;41.5518714,-8.4126362;15471;32433;275
2020-08;Norte;ACES Grande Porto V - Porto Ocidental;41.1741353,-8.6691662;14504;31173;190
2020-08;Norte;ACES Grande Porto VIII - Espinho / Gaia;41.0022421,-8.642018;16365;32324;252
2020-08;Norte;ACES Grande Porto VI - Porto Oriental;41.1694498,-8.6126428;7123;23549;127
2020-09;Alentejo;Área dos CSP da ULS Litoral Alentejano;38.3841359,-8.5132031;11984;10952;104
2020-09;Algarve;ACES Algarve III - Algarve Sotavento;37.383008,-7.7293275;8548;7157;117
2020-09;Centro;Área dos CSP da ULS Guarda;40.5353285,-7.2724426;19805;15827;133
2020-09;Centro;Área dos CSP da ULS Região de Aveiro;40.6405055,-8.6537539;38881;76112;473
2020-09;Centro;ACES Baixo Mondego;40.2150023,-8.4071805;41867;81145;348
2020-09;Lisboa e Vale do Tejo;Área dos CSP da ULS Almada / Seixal;38.6678522,-9.1875777;33822;48971;210
2020-09;Norte;ACES Grande Porto VII - Gaia;41.1278433,-8.580396;15446;34038;215
2020-09;Norte;ACES Cávado I - Braga;41.5518714,-8.4126362;19730;42451;298
2020-09;Norte;ACES Entre Douro e Vouga I - Feira e Arouca;40.9263169,-8.5478813;14461;41678;195
2020-10;Algarve;ACES Algarve I - Algarve Central;37.0274264,-7.9395984;31974;31278;285
2020-10;Algarve;ACES Algarve II - Algarve Barlavento;37.1387554,-8.5445093;25138;14907;127
2020-10;Centro;ACES Pinhal Interior Norte;40.1151262,-8.2473136;17417;23794;165
2020-10;Lisboa e Vale do Tejo;ACES Oeste Sul;39.0917759,-9.2600341;17441;32804;70
2020-10;Lisboa e Vale do Tejo;ACES Lisboa Central;38.7306317,-9.1510414;20260;42580;125
2020-10;Lisboa e Vale do Tejo;Área dos CSP da ULS Lezíria;39.2371689,-8.6908895;29469;34275;129
2020-10;Lisboa e Vale do Tejo;ACES Lisboa Norte;38.7396924,-9.168506;23225;36813;166
2020-10;Norte;ACES Tâmega II - Vale do Sousa Sul;41.1548155,-8.2163769;18381;51788;131
2020-10;Norte;ACES Tâmega III - Vale do Sousa Norte;41.2793583,-8.2787457;13964;59640;84
2020-10;Norte;ACES Cávado II - Gerês / Cabreira;41.6298661,-8.3596897;11500;29998;133
2020-10;Norte;ACES Grande Porto VII - Gaia;41.1278433,-8.580396;17089;38981;255
2020-10;Norte;ACES Tâmega I - Baixo Tâmega;41.2719719,-8.0791631;18028;41764;150
2020-10;Norte;ACES Grande Porto III - Maia / Valongo;41.2333945,-8.6187474;26879;56110;199
2020-11;Alentejo;Área dos CSP da ULS Litoral Alentejano;38.3841359,-8.5132031;13063;11702;88
2020-11;Algarve;ACES Algarve III - Algarve Sotavento;37.383008,-7.7293275;9797;7348;178
2020-11;Centro;Área dos CSP da ULS Guarda;40.5353285,-7.2724426;18822;21881;60
2020-11;Lisboa e Vale do Tejo;ACES Lisboa Ocidental e Oeiras;38.6914388,-9.3184304;20125;48669;213
2020-11;Norte;ACES Entre Douro e Vouga I - Feira e Arouca;40.9263169,-8.5478813;14925;53943;155
2020-11;Norte;ACES Grande Porto VIII - Espinho / Gaia;41.0022421,-8.642018;21523;43662;284
2020-11;Norte;ACES Grande Porto II - Gondomar;41.1738444,-8.5612238;12005;54925;124
2020-11;Norte;Área dos CSP da ULS Barcelos / Esposende;41.5317419,-8.6178922;18110;42310;117
2020-11;Norte;ACES Alto Trás-os-Montes - Alto Tâmega e Barroso;41.741781,-7.4731648;9039;18046;72
2020-11;Região não Especificada;Desconhecido | Nacional;;1;;
2020-12;Alentejo;Área dos CSP da ULS Litoral Alentejano;38.3841359,-8.5132031;9641;9784;67
2020-12;Algarve;ACES Algarve III - Algarve Sotavento;37.383008,-7.7293275;7917;6590;105
2020-12;Algarve;ACES Algarve II - Algarve Barlavento;37.1387554,-8.5445093;18985;11738;117
2020-12;Centro;ACES Pinhal Litoral;39.7495331,-8.807683;23282;47688;164
2020-12;Lisboa e Vale do Tejo;Área dos CSP da ULS Lezíria;39.2371689,-8.6908895;20107;31762;78
2020-12;Lisboa e Vale do Tejo;ACES Lisboa Ocidental e Oeiras;38.6914388,-9.3184304;14723;38783;162
2020-12;Lisboa e Vale do Tejo;ACES Oeste Sul;39.0917759,-9.2600341;13673;27395;56
2020-12;Norte;ACES Alto Trás-os-Montes - Alto Tâmega e Barroso;41.741781,-7.4731648;7248;16465;62
2020-12;Norte;ACES Grande Porto I - Santo Tirso / Trofa;41.3469246,-8.4822648;9530;29312;229
2020-12;Norte;ACES Grande Porto II - Gondomar;41.1738444,-8.5612238;8979;43199;121
2020-12;Norte;ACES Alto Ave - Guimarães, Vizela e Terras de Basto;41.4417064,-8.1722408;27863;59064;222
2020-12;Norte;Área dos CSP da ULS Alto Minho;41.7056054,-8.8252713;23036;72411;281
2020-12;Norte;ACES Grande Porto III - Maia / Valongo;41.2333945,-8.6187474;17801;43938;183
2020-12;Região não Especificada;Desconhecido | Nacional;;76;;
2021-01;Algarve;ACES Algarve II - Algarve Barlavento;37.1387554,-8.5445093;23078;17447;88
2021-01;Algarve;ACES Algarve III - Algarve Sotavento;37.383008,-7.7293275;7597;8086;180
2021-01;Algarve;ACES Algarve I - Algarve Central;37.0274264,-7.9395984;30058;52415;141
2021-01;Centro;ACES Pinhal Interior Norte;40.1151262,-8.2473136;14958;29654;96
2021-01;Lisboa e Vale do Tejo;ACES Sintra;38.7519209,-9.2753636;24860;48135;107
2021-01;Lisboa e Vale do Tejo;ACES Lisboa Central;38.7306317,-9.1510414;19314;45328;102
2021-01;Lisboa e Vale do Tejo;ACES Oeste Norte;39.410844,-9.1396215;26262;28604;60
2021-01;Lisboa e Vale do Tejo;ACES Lisboa Norte;38.7396924,-9.168506;16715;47462;150
2021-01;Norte;ACES Douro II - Douro Sul;41.0953745,-7.8123805;7949;25426;137
2021-01;Norte;ACES Tâmega I - Baixo Tâmega;41.2719719,-8.0791631;18059;35966;193
2021-01;Norte;ACES Entre Douro e Vouga II - Aveiro Norte;40.8472225,-8.4656674;17203;27241;295
2021-01;Norte;ACES Douro I - Marão e Douro Norte;41.2968711,-7.7483727;7767;23790;54
2021-01;Norte;ACES Grande Porto II - Gondomar;41.1738444,-8.5612238;11269;52441;182
2021-01;Norte;ACES Tâmega III - Vale do Sousa Norte;41.2793583,-8.2787457;10868;47363;178
2021-01;Norte;ACES Grande Porto VII - Gaia;41.1278433,-8.580396;12215;37084;233
2021-01;Norte;ACES Grande Porto I - Santo Tirso / Trofa;41.3469246,-8.4822648;9648;35484;200
2021-01;Norte;ACES Grande Porto VI - Porto Oriental;41.1694498,-8.6126428;9638;31001;141
2021-02;Alentejo;Área dos CSP da ULS Alto Alentejo;39.2967086,-7.4284755;14718;20095;132
2021-02;Centro;ACES Baixo Mondego;40.2150023,-8.4071805;29554;89277;270
2021-02;Centro;Área dos CSP da ULS Cova da Beira;40.2677741,-7.4995083;5977;16876;50
2021-02;Lisboa e Vale do Tejo;ACES Lisboa Norte;38.7396924,-9.168506;13929;42270;150
2021-02;Lisboa e Vale do Tejo;Área dos CSP da ULS Arrábida;38.5324373,-8.8627453;25021;33688;146
2021-02;Norte;Área dos CSP da ULS Alto Minho;41.7056054,-8.8252713;21619;78522;276
2021-02;Norte;ACES Entre Douro e Vouga I - Feira e Arouca;40.9263169,-8.5478813;13777;39464;212
2021-02;Norte;ACES Cávado I - Braga;41.5518714,-8.4126362;18251;38415;299
2021-02;Norte;ACES Grande Porto III - Maia / Valongo;41.2333945,-8.6187474;23900;45389;219
2021-02;Região não Especificada;Desconhecido | Nacional;;39;3;
2021-03;Alentejo;Área dos CSP da ULS Alentejo Central;38.8442031,-7.5826619;23551;37866;279
2021-03;Centro;ACES Pinhal Interior Norte;40.1151262,-8.2473136;18789;24884;144
2021-03;Lisboa e Vale do Tejo;Área dos CSP da ULS Arrábida;38.5324373,-8.8627453;29713;26757;189
2021-03;Lisboa e Vale do Tejo;ACES Cascais;38.69904,-9.3818008;15761;34891;125
2021-03;Lisboa e Vale do Tejo;Área dos CSP da ULS Almada / Seixal;38.6678522,-9.1875777;39210;50332;353
2021-03;Norte;Área dos CSP da ULS Póvoa Varzim / Vila Conde;41.355519,-8.746653;14181;37782;491
2021-03;Norte;ACES Alto Ave - Guimarães, Vizela e Terras de Basto;41.4417064,-8.1722408;40066;54381;431
2021-03;Norte;ACES Grande Porto VIII - Espinho / Gaia;41.0022421,-8.642018;21579;38717;656
2021-03;Norte;ACES Grande Porto II - Gondomar;41.1738444,-8.5612238;15038;50519;334
2021-03;Norte;ACES Grande Porto VII - Gaia;41.1278433,-8.580396;18120;32739;339
2021-04;Alentejo;Área dos CSP da ULS Baixo Alentejo;38.0153039,-7.8627308;19124;17733;173
2021-04;Centro;ACES Baixo Mondego;40.2150023,-8.4071805;42356;74476;413
2021-04;Centro;ACES Beira Interior Sul;39.8211367,-7.5036651;9387;8756;27
2021-04;Lisboa e Vale do Tejo;Área dos CSP da ULS Estuário do Tejo;38.9528113,-8.9911154;23885;27789;58
2021-04;Lisboa e Vale do Tejo;ACES Amadora;38.7573081,-9.23429;18441;15693;40
2021-04;Lisboa e Vale do Tejo;Área dos CSP da ULS Arrábida;38.5324373,-8.8627453;29134;22440;210
2021-04;Lisboa e Vale do Tejo;ACES Oeste Norte;39.410844,-9.1396215;26148;23221;75
2021-04;Norte;ACES Grande Porto VI - Porto Oriental;41.1694498,-8.6126428;14115;23205;566
2021-04;Norte;ACES Grande Porto II - Gondomar;41.1738444,-8.5612238;14649;47103;725
2021-04;Norte;ACES Grande Porto VII - Gaia;41.1278433,-8.580396;16617;30230;563
2021-04;Norte;Área dos CSP da ULS Barcelos / Esposende;41.5317419,-8.6178922;19963;30787;531
2021-04;Norte;ACES Cávado II - Gerês / Cabreira;41.6298661,-8.3596897;16693;22218;345
2021-04;Norte;ACES Tâmega II - Vale do Sousa Sul;41.1548155,-8.2163769;27272;36734;568
2021-04;Região não Especificada;Desconhecido | Nacional;;90;;
2021-05;Centro;Área dos CSP da ULS Cova da Beira;40.2677741,-7.4995083;11342;12191;31
2021-05;Centro;ACES Pinhal Litoral;39.7495331,-8.807683;30807;43957;215
2021-05;Lisboa e Vale do Tejo;ACES Loures / Odivelas;38.8012718,-9.1137868;33300;39948;241
2021-05;Lisboa e Vale do Tejo;Área dos CSP da ULS Almada / Seixal;38.6678522,-9.1875777;43177;44656;634
2021-05;Lisboa e Vale do Tejo;ACES Oeste Norte;39.410844,-9.1396215;27381;22114;109
2021-05;Norte;ACES Grande Porto V - Porto Ocidental;41.1741353,-8.6691662;25711;30963;525
2021-05;Norte;ACES Entre Douro e Vouga I - Feira e Arouca;40.9263169,-8.5478813;19904;35627;535
2021-05;Norte;Área dos CSP da ULS Matosinhos;41.1918541,-8.6590693;25740;34010;674
2021-05;Norte;ACES Grande Porto VI - Porto Oriental;41.1694498,-8.6126428;15330;23795;562
2021-05;Norte;ACES Tâmega III - Vale do Sousa Norte;41.2793583,-8.2787457;17831;40388;453
2021-05;Região não Especificada;Desconhecido | Nacional;;530;281;
2021-06;Alentejo;Área dos CSP da ULS Alto Alentejo;39.2967086,-7.4284755;18672;16219;117
2021-06;Alentejo;Área dos CSP da ULS Baixo Alentejo;38.0153039,-7.8627308;17871;16195;139
2021-06;Algarve;ACES Algarve I - Algarve Central;37.0274264,-7.9395984;30974;25035;203
2021-06;Centro;Área dos CSP da ULS Guarda;40.5353285,-7.2724426;19097;14609;40
2021-06;Centro;ACES Pinhal Interior Sul;39.7510898,-7.9203657;3679;4625;7
2021-06;Centro;ACES Pinhal Interior Norte;40.1151262,-8.2473136;17273;20652;99
2021-06;Centro;ACES Pinhal Litoral;39.7495331,-8.807683;28822;41495;240
2021-06;Lisboa e Vale do Tejo;ACES Amadora;38.7573081,-9.23429;19117;15201;38
2021-06;Lisboa e Vale do Tejo;Área dos CSP da ULS Almada / Seixal;38.6678522,-9.1875777;39575;43783;498
2021-06;Lisboa e Vale do Tejo;Área dos CSP da ULS Arrábida;38.5324373,-8.8627453;34400;24140;164
2021-06;Lisboa e Vale do Tejo;Área dos CSP da ULS Arco Ribeirinho;38.6672076,-9.0543329;29034;21652;116
2021-06;Lisboa e Vale do Tejo;ACES Cascais;38.69904,-9.3818008;16074;29407;79
2021-06;Norte;Área dos CSP da ULS Barcelos / Esposende;41.5317419,-8.6178922;17328;30064;366
2021-06;Norte;Área dos CSP da ULS Matosinhos;41.1918541,-8.6590693;25224;32894;405
2021-06;Norte;ACES Grande Porto I - Santo Tirso / Trofa;41.3469246,-8.4822648;13389;22673;334
2021-06;Norte;ACES Entre Douro e Vouga I - Feira e Arouca;40.9263169,-8.5478813;17439;33431;287
2021-06;Norte;ACES Douro I - Marão e Douro Norte;41.2968711,-7.7483727;12950;15303;204
2021-06;Norte;ACES Tâmega II - Vale do Sousa Sul;41.1548155,-8.2163769;25994;32164;345
2021-06;Norte;ACES Entre Douro e Vouga II - Aveiro Norte;40.8472225,-8.4656674;16174;21182;192
2021-06;Região não Especificada;Desconhecido | Nacional;;488;221;
2021-06;Região não Especificada;Desconhecido | Nacional;;99;21;
2021-07;Alentejo;Área dos CSP da ULS Litoral Alentejano;38.3841359,-8.5132031;13790;9618;85
2021-07;Alentejo;Área dos CSP da ULS Alto Alentejo;39.2967086,-7.4284755;19415;16370;125
2021-07;Algarve;ACES Algarve III - Algarve Sotavento;37.383008,-7.7293275;10438;6402;292
2021-07;Centro;Área dos CSP da ULS Região de Aveiro;40.6405055,-8.6537539;46884;67493;318
2021-07;Lisboa e Vale do Tejo;ACES Loures / Odivelas;38.8012718,-9.1137868;29262;44305;194
2021-07;Lisboa e Vale do Tejo;ACES Lisboa Central;38.7306317,-9.1510414;21472;47074;205
2021-07;Lisboa e Vale do Tejo;ACES Lisboa Ocidental e Oeiras;38.6914388,-9.3184304;25255;39039;290
2021-07;Lisboa e Vale do Tejo;ACES Oeste Sul;39.0917759,-9.2600341;19480;25232;94
2021-07;Norte;ACES Douro II - Douro Sul;41.0953745,-7.8123805;10094;10335;190
2021-07;Norte;ACES Grande Porto VIII - Espinho / Gaia;41.0022421,-8.642018;21685;34203;319
2021-07;Norte;Área dos CSP da ULS Alto Minho;41.7056054,-8.8252713;30110;59067;400
2021-08;Centro;ACES Beira Interior Sul;39.8211367,-7.5036651;8311;8772;34
2021-08;Lisboa e Vale do Tejo;Área dos CSP da ULS Arco Ribeirinho;38.6672076,-9.0543329;24844;23555;127
2021-08;Lisboa e Vale do Tejo;ACES Lisboa Norte;38.7396924,-9.168506;21266;25719;172
2021-08;Lisboa e Vale do Tejo;ACES Cascais;38.69904,-9.3818008;15256;25818;126
2021-08;Lisboa e Vale do Tejo;ACES Oeste Norte;39.410844,-9.1396215;26447;22374;76
2021-08;Norte;ACES Entre Douro e Vouga II - Aveiro Norte;40.8472225,-8.4656674;13960;18351;126
2021-08;Norte;ACES Douro I - Marão e Douro Norte;41.2968711,-7.7483727;13169;15647;114
2021-08;Norte;Área dos CSP da ULS Póvoa Varzim / Vila Conde;41.355519,-8.746653;14088;31291;243
2021-08;Norte;ACES Tâmega II - Vale do Sousa Sul;41.1548155,-8.2163769;23900;31189;188
2021-08;Norte;Área dos CSP da ULS Barcelos / Esposende;41.5317419,-8.6178922;17655;29271;183
2021-08;Norte;ACES Entre Douro e Vouga I - Feira e Arouca;40.9263169,-8.5478813;16424;34092;206
2021-08;Norte;ACES Grande Porto VII - Gaia;41.1278433,-8.580396;16519;28462;278
2021-09;Centro;ACES Pinhal Litoral;39.7495331,-8.807683;32840;44408;232
2021-09;Centro;ACES Beira Interior Sul;39.8211367,-7.5036651;9704;8942;18
2021-09;Lisboa e Vale do Tejo;ACES Cascais;38.69904,-9.3818008;18902;26333;145
2021-09;Lisboa e Vale do Tejo;ACES Médio Tejo;39.478072,-8.5404429;31914;30952;197
2021-09;Lisboa e Vale do Tejo;ACES Lisboa Central;38.7306317,-9.1510414;23229;30184;262
2021-09;Lisboa e Vale do Tejo;Área dos CSP da ULS Arco Ribeirinho;38.6672076,-9.0543329;27019;21866;144
2021-09;Norte;ACES Alto Ave - Guimarães, Vizela e Terras de Basto;41.4417064,-8.1722408;40974;47189;417
2021-09;Norte;ACES Tâmega III - Vale do Sousa Norte;41.2793583,-8.2787457;22510;35029;229
2021-09;Norte;Área dos CSP da ULS Alto Minho;41.7056054,-8.8252713;33364;57779;498
2021-09;Região não Especificada;Desconhecido | Nacional;;149;29;
2021-10;Alentejo;Área dos CSP da ULS Alto Alentejo;39.2967086,-7.4284755;20469;15949;94
2021-10;Alentejo;Área dos CSP da ULS Baixo Alentejo;38.0153039,-7.8627308;19902;19005;123
2021-10;Lisboa e Vale do Tejo;Área dos CSP da ULS Almada / Seixal;38.6678522,-9.1875777;43189;42594;341
2021-10;Lisboa e Vale do Tejo;ACES Lisboa Norte;38.7396924,-9.168506;28916;24068;256
2021-10;Norte;Área dos CSP da ULS Póvoa Varzim / Vila Conde;41.355519,-8.746653;18599;30477;294
2021-10;Norte;Área dos CSP da ULS Alto Minho;41.7056054,-8.8252713;35261;54285;447
2021-10;Norte;Área dos CSP da ULS Nordeste;41.8069684,-6.7587977;16883;14911;143
2021-11;Algarve;ACES Algarve II - Algarve Barlavento;37.1387554,-8.5445093;25199;14430;115
2021-11;Lisboa e Vale do Tejo;ACES Médio Tejo;39.478072,-8.5404429;32761;33485;220
2021-11;Lisboa e Vale do Tejo;Área dos CSP da ULS Almada / Seixal;38.6678522,-9.1875777;46969;45757;492
2021-11;Lisboa e Vale do Tejo;ACES Sintra;38.7519209,-9.2753636;41280;34440;233
2021-11;Lisboa e Vale do Tejo;ACES Lisboa Norte;38.7396924,-9.168506;31813;28605;307
2021-11;Norte;ACES Cávado II - Gerês / Cabreira;41.6298661,-8.3596897;17487;22186;415
2021-11;Norte;Área dos CSP da ULS Matosinhos;41.1918541,-8.6590693;27544;37748;725
2021-11;Norte;Área dos CSP da ULS Nordeste;41.8069684,-6.7587977;18516;21254;212
2021-11;Norte;ACES Grande Porto VIII - Espinho / Gaia;41.0022421,-8.642018;24894;37001;559
2021-11;Norte;ACES Alto Ave - Guimarães, Vizela e Terras de Basto;41.4417064,-8.1722408;45977;48023;557
2021-11;Norte;ACES Ave / Famalicão;41.3835805,-8.4157518;21007;23033;506
2021-11;Norte;ACES Grande Porto V - Porto Ocidental;41.1741353,-8.6691662;29304;30934;1008
2021-11;Região não Especificada;Desconhecido | Nacional;;558;227;
2021-12;Centro;ACES Baixo Mondego;40.2150023,-8.4071805;43024;74953;340
2021-12;Centro;Área dos CSP da ULS Cova da Beira;40.2677741,-7.4995083;8822;16746;25
2021-12;Lisboa e Vale do Tejo;Área dos CSP da ULS Lezíria;39.2371689,-8.6908895;27021;32268;177
2021-12;Lisboa e Vale do Tejo;ACES Sintra;38.7519209,-9.2753636;32533;35185;146
2021-12;Norte;ACES Grande Porto V - Porto Ocidental;41.1741353,-8.6691662;25030;26673;354
2021-12;Norte;ACES Grande Porto VII - Gaia;41.1278433,-8.580396;16797;31456;358
2022-01;Lisboa e Vale do Tejo;Área dos CSP da ULS Arco Ribeirinho;38.6672076,-9.0543329;22918;36813;89
2022-01;Lisboa e Vale do Tejo;ACES Médio Tejo;39.478072,-8.5404429;29392;38674;180
2022-01;Lisboa e Vale do Tejo;ACES Sintra;38.7519209,-9.2753636;32173;47612;188
2022-01;Norte;ACES Entre Douro e Vouga I - Feira e Arouca;40.9263169,-8.5478813;19779;40000;276
2022-01;Norte;Área dos CSP da ULS Nordeste;41.8069684,-6.7587977;16888;22917;151
2022-02;Algarve;ACES Algarve I - Algarve Central;37.0274264,-7.9395984;33644;22280;334
2022-02;Centro;ACES Baixo Mondego;40.2150023,-8.4071805;49587;60936;434
2022-02;Lisboa e Vale do Tejo;Área dos CSP da ULS Lezíria;39.2371689,-8.6908895;30007;23228;203
2022-02;Lisboa e Vale do Tejo;ACES Médio Tejo;39.478072,-8.5404429;30596;27077;227
2022-02;Lisboa e Vale do Tejo;ACES Amadora;38.7573081,-9.23429;20822;11343;64
2022-02;Norte;ACES Grande Porto I - Santo Tirso / Trofa;41.3469246,-8.4822648;15274;18389;304
2022-02;Norte;ACES Cávado II - Gerês / Cabreira;41.6298661,-8.3596897;16345;17671;293
2022-03;Algarve;ACES Algarve I - Algarve Central;37.0274264,-7.9395984;39116;25054;377
2022-03;Lisboa e Vale do Tejo;Área dos CSP da ULS Lezíria;39.2371689,-8.6908895;35642;25707;263
2022-03;Lisboa e Vale do Tejo;Área dos CSP da ULS Estuário do Tejo;38.9528113,-8.9911154;35249;19737;143
2022-03;Norte;ACES Douro II - Douro Sul;41.0953745,-7.8123805;14461;9422;325
2022-03;Norte;ACES Cávado I - Braga;41.5518714,-8.4126362;35421;29012;448
2022-03;Norte;ACES Grande Porto VI - Porto Oriental;41.1694498,-8.6126428;18787;19868;285
2022-03;Norte;ACES Ave / Famalicão;41.3835805,-8.4157518;21006;20785;302
2022-04;Alentejo;Área dos CSP da ULS Alto Alentejo;39.2967086,-7.4284755;20062;13223;109
2022-04;Alentejo;Área dos CSP da ULS Baixo Alentejo;38.0153039,-7.8627308;18076;14334;109
2022-04;Algarve;ACES Algarve I - Algarve Central;37.0274264,-7.9395984;32321;20371;284
2022-04;Centro;ACES Pinhal Interior Norte;40.1151262,-8.2473136;18058;17653;123
2022-04;Centro;ACES Pinhal Interior Sul;39.7510898,-7.9203657;4387;3832;10
2022-04;Centro;ACES Beira Interior Sul;39.8211367,-7.5036651;10351;6913;34
2022-04;Centro;Área dos CSP da ULS Região de Aveiro;40.6405055,-8.6537539;52240;47845;505
2022-04;Lisboa e Vale do Tejo;Área dos CSP da ULS Estuário do Tejo;38.9528113,-8.9911154;26187;16267;74
2022-04;Lisboa e Vale do Tejo;ACES Lisboa Central;38.7306317,-9.1510414;27661;22024;262
2022-04;Lisboa e Vale do Tejo;Área dos CSP da ULS Almada / Seixal;38.6678522,-9.1875777;43978;33166;286
2022-04;Norte;ACES Douro I - Marão e Douro Norte;41.2968711,-7.7483727;14715;14759;153
2022-04;Norte;ACES Entre Douro e Vouga II - Aveiro Norte;40.8472225,-8.4656674;18588;15625;207
2022-04;Norte;ACES Tâmega II - Vale do Sousa Sul;41.1548155,-8.2163769;28731;25410;306
2022-04;Norte;Área dos CSP da ULS Póvoa Varzim / Vila Conde;41.355519,-8.746653;21881;23237;304
2022-04;Norte;ACES Tâmega I - Baixo Tâmega;41.2719719,-8.0791631;26305;20161;277
2022-05;Lisboa e Vale do Tejo;ACES Oeste Sul;39.0917759,-9.2600341;23467;22051;121
2022-05;Lisboa e Vale do Tejo;ACES Lisboa Central;38.7306317,-9.1510414;33857;26310;318
2022-05;Norte;ACES Grande Porto I - Santo Tirso / Trofa;41.3469246,-8.4822648;19348;19498;361
2022-05;Norte;ACES Douro I - Marão e Douro Norte;41.2968711,-7.7483727;17090;16616;254
2022-05;Norte;ACES Alto Trás-os-Montes - Alto Tâmega e Barroso;41.741781,-7.4731648;15975;11320;219
2022-05;Norte;Área dos CSP da ULS Barcelos / Esposende;41.5317419,-8.6178922;27737;26703;339
2022-05;Norte;ACES Grande Porto V - Porto Ocidental;41.1741353,-8.6691662;32427;28562;419
2022-05;Norte;ACES Grande Porto VI - Porto Oriental;41.1694498,-8.6126428;19197;20660;266
2022-05;Região não Especificada;Desconhecido | Nacional;;651;419;
2022-06;Alentejo;Área dos CSP da ULS Baixo Alentejo;38.0153039,-7.8627308;18954;15664;168
2022-06;Lisboa e Vale do Tejo;ACES Sintra;38.7519209,-9.2753636;38592;28197;184
2022-06;Lisboa e Vale do Tejo;ACES Oeste Sul;39.0917759,-9.2600341;20016;19975;96
2022-06;Lisboa e Vale do Tejo;ACES Amadora;38.7573081,-9.23429;19882;11600;70
2022-06;Norte;ACES Entre Douro e Vouga I - Feira e Arouca;40.9263169,-8.5478813;22622;26661;544
2022-06;Norte;Área dos CSP da ULS Nordeste;41.8069684,-6.7587977;15698;13426;203
2022-06;Norte;ACES Grande Porto V - Porto Ocidental;41.1741353,-8.6691662;25504;24568;495
2022-06;Norte;ACES Alto Ave - Guimarães, Vizela e Terras de Basto;41.4417064,-8.1722408;43906;38192;623
2022-06;Norte;ACES Douro II - Douro Sul;41.0953745,-7.8123805;11347;8214;218
2022-07;Alentejo;Área dos CSP da ULS Alto Alentejo;39.2967086,-7.4284755;19510;13639;138
2022-07;Centro;Área dos CSP da ULS Região de Aveiro;40.6405055,-8.6537539;53798;48331;486
2022-07;Centro;ACES Beira Interior Sul;39.8211367,-7.5036651;9604;6893;57
2022-07;Centro;Área dos CSP da ULS Viseu Dão-Lafões;40.6565861,-7.9124712;41204;32007;410
2022-07;Lisboa e Vale do Tejo;ACES Médio Tejo;39.478072,-8.5404429;30769;23943;175
2022-07;Lisboa e Vale do Tejo;ACES Lisboa Norte;38.7396924,-9.168506;28089;19319;222
2022-07;Norte;ACES Grande Porto II - Gondomar;41.1738444,-8.5612238;24080;33647;266
2022-07;Norte;ACES Grande Porto I - Santo Tirso / Trofa;41.3469246,-8.4822648;15490;16534;242
2022-07;Norte;ACES Douro I - Marão e Douro Norte;41.2968711,-7.7483727;14952;14891;193
2022-07;Norte;ACES Entre Douro e Vouga I - Feira e Arouca;40.9263169,-8.5478813;22212;24446;302
2022-07;Norte;ACES Grande Porto V - Porto Ocidental;41.1741353,-8.6691662;27281;24402;285
2022-07;Norte;ACES Cávado II - Gerês / Cabreira;41.6298661,-8.3596897;15161;17031;179
2022-07;Norte;ACES Grande Porto VI - Porto Oriental;41.1694498,-8.6126428;16822;17960;244
2022-07;Norte;ACES Douro II - Douro Sul;41.0953745,-7.8123805;11442;7788;203
2022-07;Região não Especificada;Desconhecido | Nacional;;580;333;
2022-08;Algarve;ACES Algarve II - Algarve Barlavento;37.1387554,-8.5445093;24226;11811;134
2022-08;Centro;Área dos CSP da ULS Região de Aveiro;40.6405055,-8.6537539;53787;49870;443
2022-08;Lisboa e Vale do Tejo;ACES Lisboa Central;38.7306317,-9.1510414;26397;22300;238
2022-08;Lisboa e Vale do Tejo;Área dos CSP da ULS Estuário do Tejo;38.9528113,-8.9911154;25351;18133;87
2022-08;Lisboa e Vale do Tejo;ACES Cascais;38.69904,-9.3818008;21443;20497;173
2022-08;Norte;ACES Douro I - Marão e Douro Norte;41.2968711,-7.7483727;14278;14607;212
2022-08;Norte;Área dos CSP da ULS Alto Minho;41.7056054,-8.8252713;38713;42734;399
2022-08;Norte;Área dos CSP da ULS Nordeste;41.8069684,-6.7587977;16326;12969;148
2022-08;Norte;ACES Grande Porto V - Porto Ocidental;41.1741353,-8.6691662;25660;24614;263
2022-08;Região não Especificada;Desconhecido | Nacional;;659;421;
2022-08;Região não Especificada;Desconhecido | Nacional;;368;1;
2022-09;Alentejo;Área dos CSP da ULS Alentejo Central;38.8442031,-7.5826619;29270;28461;245
2022-09;Centro;ACES Pinhal Interior Sul;39.7510898,-7.9203657;4404;4520;12
2022-09;Centro;ACES Pinhal Litoral;39.7495331,-8.807683;37814;36813;252
2022-09;Centro;ACES Beira Interior Sul;39.8211367,-7.5036651;11240;8067;17
2022-09;Centro;ACES Baixo Mondego;40.2150023,-8.4071805;54385;66543;496
2022-09;Lisboa e Vale do Tejo;Área dos CSP da ULS Arrábida;38.5324373,-8.8627453;33294;21857;186
2022-09;Lisboa e Vale do Tejo;Área dos CSP da ULS Almada / Seixal;38.6678522,-9.1875777;47758;38473;303
2022-09;Lisboa e Vale do Tejo;ACES Loures / Odivelas;38.8012718,-9.1137868;40923;32679;342
2022-09;Norte;ACES Tâmega II - Vale do Sousa Sul;41.1548155,-8.2163769;31746;30517;516
2022-09;Norte;ACES Douro II - Douro Sul;41.0953745,-7.8123805;12059;9161;285
2022-09;Norte;ACES Alto Trás-os-Montes - Alto Tâmega e Barroso;41.741781,-7.4731648;14721;11322;176
2022-09;Norte;ACES Grande Porto I - Santo Tirso / Trofa;41.3469246,-8.4822648;18012;18805;307
2022-09;Norte;ACES Entre Douro e Vouga I - Feira e Arouca;40.9263169,-8.5478813;23976;28833;348
2022-09;Norte;ACES Tâmega I - Baixo Tâmega;41.2719719,-8.0791631;27301;22673;245
2022-09;Região não Especificada;Desconhecido | Nacional;;582;384;
2022-10;Centro;ACES Pinhal Litoral;39.7495331,-8.807683;36717;37522;208
2022-10;Centro;Área dos CSP da ULS Região de Aveiro;40.6405055,-8.6537539;58157;53080;662
2022-10;Lisboa e Vale do Tejo;Área dos CSP da ULS Lezíria;39.2371689,-8.6908895;32461;24457;190
2022-10;Lisboa e Vale do Tejo;ACES Lisboa Central;38.7306317,-9.1510414;30589;24298;254
2022-10;Lisboa e Vale do Tejo;ACES Loures / Odivelas;38.8012718,-9.1137868;40218;32104;354
2022-10;Lisboa e Vale do Tejo;ACES Sintra;38.7519209,-9.2753636;43332;31024;154
2022-10;Lisboa e Vale do Tejo;ACES Amadora;38.7573081,-9.23429;21861;11894;71
2022-10;Norte;ACES Entre Douro e Vouga II - Aveiro Norte;40.8472225,-8.4656674;20573;17598;479
2022-10;Norte;ACES Grande Porto III - Maia / Valongo;41.2333945,-8.6187474;34817;37389;378
2022-11;Centro;ACES Baixo Mondego;40.2150023,-8.4071805;62187;68244;555
2022-11;Centro;ACES Pinhal Interior Norte;40.1151262,-8.2473136;21849;21626;194
2022-11;Centro;Área dos CSP da ULS Região de Aveiro;40.6405055,-8.6537539;64877;54931;687
2022-11;Lisboa e Vale do Tejo;Área dos CSP da ULS Lezíria;39.2371689,-8.6908895;35112;23685;228
2022-11;Lisboa e Vale do Tejo;ACES Loures / Odivelas;38.8012718,-9.1137868;43845;32727;392
2022-11;Lisboa e Vale do Tejo;ACES Sintra;38.7519209,-9.2753636;46125;31097;204
2022-11;Lisboa e Vale do Tejo;Área dos CSP da ULS Arco Ribeirinho;38.6672076,-9.0543329;29319;19919;156
2022-11;Norte;ACES Grande Porto II - Gondomar;41.1738444,-8.5612238;29594;37289;329
2022-11;Norte;ACES Tâmega III - Vale do Sousa Norte;41.2793583,-8.2787457;29373;29427;338
2022-11;Norte;ACES Grande Porto V - Porto Ocidental;41.1741353,-8.6691662;32694;26800;434
2022-11;Norte;ACES Entre Douro e Vouga II - Aveiro Norte;40.8472225,-8.4656674;22946;18741;390
2022-11;Norte;ACES Alto Trás-os-Montes - Alto Tâmega e Barroso;41.741781,-7.4731648;15453;10962;189
2022-11;Região não Especificada;Desconhecido | Nacional;;582;337;
2022-12;Alentejo;Área dos CSP da ULS Litoral Alentejano;38.3841359,-8.5132031;12560;7399;62
2022-12;Algarve;ACES Algarve II - Algarve Barlavento;37.1387554,-8.5445093;19356;10484;101
2022-12;Centro;Área dos CSP da ULS Região de Aveiro;40.6405055,-8.6537539;50535;46114;409
2022-12;Centro;ACES Pinhal Litoral;39.7495331,-8.807683;32762;33117;271
2022-12;Lisboa e Vale do Tejo;ACES Lisboa Central;38.7306317,-9.1510414;25127;20171;197
2022-12;Lisboa e Vale do Tejo;ACES Oeste Norte;39.410844,-9.1396215;24105;19443;144
2022-12;Lisboa e Vale do Tejo;Área dos CSP da ULS Arco Ribeirinho;38.6672076,-9.0543329;23005;15728;96
2022-12;Norte;ACES Douro I - Marão e Douro Norte;41.2968711,-7.7483727;13710;14066;212
2022-12;Norte;Área dos CSP da ULS Nordeste;41.8069684,-6.7587977;14895;11832;165
2022-12;Norte;ACES Grande Porto VIII - Espinho / Gaia;41.0022421,-8.642018;22482;25810;316
2022-12;Norte;ACES Entre Douro e Vouga II - Aveiro Norte;40.8472225,-8.4656674;17585;14724;291
2023-01;Alentejo;Área dos CSP da ULS Baixo Alentejo;38.0153039,-7.8627308;22287;16883;202
2023-01;Alentejo;Área dos CSP da ULS Alto Alentejo;39.2967086,-7.4284755;24445;16422;108
2023-01;Algarve;ACES Algarve II - Algarve Barlavento;37.1387554,-8.5445093;27578;13463;129
2023-01;Algarve;ACES Algarve III - Algarve Sotavento;37.383008,-7.7293275;11959;7172;111
2023-01;Centro;ACES Beira Interior Sul;39.8211367,-7.5036651;12204;8474;67
2023-01;Centro;Área dos CSP da ULS Guarda;40.5353285,-7.2724426;23453;16096;192
2023-01;Centro;ACES Pinhal Interior Sul;39.7510898,-7.9203657;5258;5298;8
2023-01;Centro;Área dos CSP da ULS Viseu Dão-Lafões;40.6565861,-7.9124712;51571;37675;463
2023-01;Lisboa e Vale do Tejo;ACES Amadora;38.7573081,-9.23429;26149;12499;89
2023-01;Lisboa e Vale do Tejo;Área dos CSP da ULS Lezíria;39.2371689,-8.6908895;35961;24854;267
2023-01;Lisboa e Vale do Tejo;ACES Médio Tejo;39.478072,-8.5404429;40718;27118;325
2023-01;Lisboa e Vale do Tejo;ACES Oeste Norte;39.410844,-9.1396215;32055;23828;192
2023-01;Norte;ACES Grande Porto VIII - Espinho / Gaia;41.0022421,-8.642018;28947;32369;396
2023-01;Norte;Área dos CSP da ULS Matosinhos;41.1918541,-8.6590693;30327;32204;420
2023-01;Norte;ACES Cávado I - Braga;41.5518714,-8.4126362;36540;30174;436
2023-01;Norte;ACES Entre Douro e Vouga II - Aveiro Norte;40.8472225,-8.4656674;24566;17835;245
2023-01;Norte;Área dos CSP da ULS Barcelos / Esposende;41.5317419,-8.6178922;27766;27552;359
2023-01;Norte;ACES Grande Porto II - Gondomar;41.1738444,-8.5612238;29920;37352;386
2023-01;Norte;ACES Douro II - Douro Sul;41.0953745,-7.8123805;14041;9025;254
2023-01;Norte;ACES Alto Ave - Guimarães, Vizela e Terras de Basto;41.4417064,-8.1722408;52654;42634;584
2023-02;Algarve;ACES Algarve II - Algarve Barlavento;37.1387554,-8.5445093;24145;11658;142
2023-02;Centro;ACES Beira Interior Sul;39.8211367,-7.5036651;10095;7319;27
2023-02;Centro;Área dos CSP da ULS Cova da Beira;40.2677741,-7.4995083;12714;9645;35
2023-02;Lisboa e Vale do Tejo;ACES Lisboa Norte;38.7396924,-9.168506;27343;17013;208
2023-02;Lisboa e Vale do Tejo;ACES Lisboa Central;38.7306317,-9.1510414;30447;21189;276
2023-02;Lisboa e Vale do Tejo;ACES Oeste Sul;39.0917759,-9.2600341;28380;16869;101
2023-02;Lisboa e Vale do Tejo;ACES Cascais;38.69904,-9.3818008;24707;21067;298
2023-02;Norte;ACES Grande Porto III - Maia / Valongo;41.2333945,-8.6187474;33753;32595;345
2023-02;Norte;Área dos CSP da ULS Nordeste;41.8069684,-6.7587977;19586;12993;303
2023-02;Norte;ACES Douro I - Marão e Douro Norte;41.2968711,-7.7483727;15733;15165;274
2023-02;Norte;ACES Grande Porto VI - Porto Oriental;41.1694498,-8.6126428;17527;19009;342
2023-03;Alentejo;Área dos CSP da ULS Baixo Alentejo;38.014,-7.8675;23481;17697;199
2023-03;Algarve;ACES Algarve III - Algarve Sotavento;37.115865018,-7.6506054852;12452;7409;142
2023-03;Centro;ACES Pinhal Interior Norte;40.111927,-8.246515;22325;22096;234
2023-03;Centro;Área dos CSP da ULS Região de Aveiro;40.6418,-8.65166;65563;55212;749
2023-03;Centro;ACES Pinhal Litoral;39.7464482,-8.8044873;39864;38884;276
2023-03;Lisboa e Vale do Tejo;ACES Lisboa Ocidental e Oeiras;38.69329057,-9.3178385229;31354;23670;422
2023-03;Lisboa e Vale do Tejo;ACES Lisboa Central;38.7365023,-9.1313583;34552;25876;335
2023-03;Lisboa e Vale do Tejo;ACES Oeste Sul;39.079532265,-9.2569721248;32399;19337;167
2023-03;Norte;ACES Alto Ave - Guimarães, Vizela e Terras de Basto;41.426805082,-8.2945278754;53879;42321;614
2023-03;Norte;ACES Grande Porto VI - Porto Oriental;41.169696,-8.612651;20311;22160;393
2023-03;Norte;ACES Grande Porto V - Porto Ocidental;41.160263,-8.681729;31895;27868;464
2023-03;Norte;ACES Tâmega III - Vale do Sousa Norte;41.280299,-8.278129;29704;29921;431
2023-03;Norte;ACES Cávado I - Braga;41.547059616,-8.4278529356;35339;30110;447
2023-04;Algarve;ACES Algarve III - Algarve Sotavento;37.115865018,-7.6506054852;9190;5847;107
2023-04;Norte;ACES Grande Porto VI - Porto Oriental;41.169696,-8.612651;17034;17372;304
2023-04;Norte;ACES Alto Ave - Guimarães, Vizela e Terras de Basto;41.426805082,-8.2945278754;41261;33662;511
2023-04;Norte;ACES Cávado II - Gerês / Cabreira;41.629758698,-8.3591461276;15204;16019;266
2023-04;Norte;Área dos CSP da ULS Nordeste;41.806816,-6.759102;16901;11589;149
2023-04;Norte;Área dos CSP da ULS Matosinhos;41.1807,-8.66314;23094;26169;329
2023-05;Alentejo;Área dos CSP da ULS Litoral Alentejano;38.039936,-8.731693;16106;9231;71
2023-05;Centro;Área dos CSP da ULS Região de Aveiro;40.6418,-8.65166;62109;54999;660
2023-05;Centro;ACES Pinhal Litoral;39.7464482,-8.8044873;38543;37163;273
2023-05;Lisboa e Vale do Tejo;ACES Oeste Sul;39.079532265,-9.2569721248;30746;19793;133
2023-05;Lisboa e Vale do Tejo;ACES Cascais;38.698818794,-9.3815130504;27857;25559;306
2023-05;Norte;ACES Tâmega II - Vale do Sousa Sul;41.206266147,-8.2725028602;35135;30883;411
2023-05;Norte;ACES Tâmega III - Vale do Sousa Norte;41.280299,-8.278129;30761;30371;399
2023-05;Norte;ACES Cávado I - Braga;41.547059616,-8.4278529356;36777;31670;591
2023-05;Norte;ACES Grande Porto VII - Gaia;41.127363348,-8.5796956622;27719;27970;511
2023-05;Norte;Área dos CSP da ULS Matosinhos;41.1807,-8.66314;28743;31580;388
2023-06;Alentejo;Área dos CSP da ULS Alto Alentejo;39.2967086,-7.4284755;22676;14642;104
2023-06;Centro;Área dos CSP da ULS Viseu Dão-Lafões;40.6565861,-7.9124712;43026;31851;408
2023-06;Lisboa e Vale do Tejo;ACES Oeste Sul;39.0917759,-9.2600341;26385;17051;120
2023-06;Lisboa e Vale do Tejo;Área dos CSP da ULS Estuário do Tejo;38.9528113,-8.9911154;27392;18443;134
2023-06;Norte;ACES Cávado I - Braga;41.5518714,-8.4126362;30721;27222;535
2023-06;Norte;Área dos CSP da ULS Nordeste;41.8069684,-6.7587977;18415;13547;299
2023-06;Norte;ACES Grande Porto I - Santo Tirso / Trofa;41.3469246,-8.4822648;16653;17352;305
2023-07;Alentejo;Área dos CSP da ULS Baixo Alentejo;38.014,-7.8675;18387;15163;87
2023-07;Algarve;ACES Algarve II - Algarve Barlavento;37.13765,-8.544009;23255;11908;109
2023-07;Centro;ACES Beira Interior Sul;39.831269,-7.486884;9336;6864;27
2023-07;Lisboa e Vale do Tejo;ACES Lisboa Ocidental e Oeiras;38.69329057,-9.3178385229;26944;21029;284
2023-07;Lisboa e Vale do Tejo;Área dos CSP da ULS Estuário do Tejo;38.891077,-9.039536;23968;16957;83
2023-07;Lisboa e Vale do Tejo;Área dos CSP da ULS Arrábida;38.531,-8.8874;33318;19492;295
2023-07;Norte;Área dos CSP da ULS Alto Minho;41.696866,-8.832522;38552;39528;502
2023-07;Norte;ACES Grande Porto VII - Gaia;41.127363348,-8.5796956622;19932;23353;337
2023-08;Lisboa e Vale do Tejo;Área dos CSP da ULS Lezíria;39.237167,-8.688705;29029;21663;183
2023-08;Lisboa e Vale do Tejo;ACES Cascais;38.698818794,-9.3815130504;20362;21632;194
2023-08;Norte;ACES Grande Porto I - Santo Tirso / Trofa;41.346844614,-8.482973945;16862;17352;251
2023-08;Norte;ACES Tâmega III - Vale do Sousa Norte;41.280299,-8.278129;25036;28241;263
2023-08;Norte;ACES Grande Porto VIII - Espinho / Gaia;41.002755547,-8.6377298499;24288;27924;310
2023-09;Alentejo;Área dos CSP da ULS Litoral Alentejano;38.039936,-8.731693;13099;8308;71
2023-09;Centro;Área dos CSP da ULS Viseu Dão-Lafões;40.659169,-7.915314;43870;33114;427
2023-09;Centro;ACES Baixo Mondego;40.21578,-8.41058;52385;62285;472
2023-09;Centro;Área dos CSP da ULS Cova da Beira;40.279552,-7.501801;10987;10148;36
2023-09;Lisboa e Vale do Tejo;Área dos CSP da ULS Arrábida;38.531,-8.8874;32390;20887;220
2023-09;Lisboa e Vale do Tejo;ACES Médio Tejo;39.446082196,-8.5086017608;32841;25009;187
2023-09;Norte;ACES Tâmega I - Baixo Tâmega;41.271319448,-8.0787110652;25625;21660;197
2023-09;Norte;ACES Grande Porto VIII - Espinho / Gaia;41.002755547,-8.6377298499;24573;27916;312
2023-09;Norte;ACES Grande Porto I - Santo Tirso / Trofa;41.346844614,-8.482973945;16000;17091;278
2023-10;Centro;Área dos CSP da ULS Cova da Beira;40.279552,-7.501801;11692;11098;22
2023-10;Lisboa e Vale do Tejo;ACES Sintra;38.752326416,-9.274985919;41149;33466;218
2023-10;Lisboa e Vale do Tejo;ACES Médio Tejo;39.446082196,-8.5086017608;34914;26080;181
2023-10;Lisboa e Vale do Tejo;ACES Oeste Sul;39.079532265,-9.2569721248;27899;19120;133
2023-10;Norte;Área dos CSP da ULS Matosinhos;41.1807,-8.66314;27510;30849;400
2023-10;Norte;ACES Grande Porto I - Santo Tirso / Trofa;41.346844614,-8.482973945;17708;19030;423
2023-10;Norte;ACES Ave / Famalicão;41.383524892,-8.4155289584;19537;21378;373
2023-11;Alentejo;Área dos CSP da ULS Alentejo Central;38.574093,-7.911785;34397;24136;315
2023-11;Alentejo;Área dos CSP da ULS Baixo Alentejo;38.014,-7.8675;22613;15583;149
2023-11;Algarve;ACES Algarve I - Algarve Central;37.02745056,-7.937649;39181;24493;429
2023-11;Centro;ACES Baixo Mondego;40.21578,-8.41058;55584;63373;757
2023-11;Centro;ACES Beira Interior Sul;39.831269,-7.486884;12094;6633;30
2023-11;Lisboa e Vale do Tejo;Área dos CSP da ULS Lezíria;39.237167,-8.688705;33164;22049;220
2023-11;Lisboa e Vale do Tejo;ACES Lisboa Norte;38.739567,-9.168651;30307;19924;247
2023-11;Lisboa e Vale do Tejo;ACES Cascais;38.698818794,-9.3815130504;24712;24262;271
2023-11;Lisboa e Vale do Tejo;ACES Oeste Norte;39.411452329,-9.1394549604;28498;21295;203
2023-11;Norte;ACES Grande Porto V - Porto Ocidental;41.160263,-8.681729;31304;26994;462
2023-11;Norte;ACES Douro II - Douro Sul;41.0828,-7.79611;13693;8560;323
2023-11;Norte;ACES Tâmega I - Baixo Tâmega;41.271319448,-8.0787110652;29747;23639;347
2023-11;Norte;ACES Grande Porto III - Maia / Valongo;41.233597309,-8.6166174889;36888;36826;792
2023-11;Norte;ACES Ave / Famalicão;41.383524892,-8.4155289584;20712;20998;522
2023-11;Norte;ACES Entre Douro e Vouga II - Aveiro Norte;40.847818652,-8.4649314477;21690;19334;355
2023-11;Norte;Área dos CSP da ULS Póvoa Varzim / Vila Conde;41.355472362,-8.7448970377;23702;27149;415
2023-12;Alentejo;Área dos CSP da ULS Baixo Alentejo;38.014,-7.8675;18031;12701;111
2023-12;Alentejo;Área dos CSP da ULS Litoral Alentejano;38.039936,-8.731693;10811;6166;43
2023-12;Algarve;ACES Algarve II - Algarve Barlavento;37.13765,-8.544009;18679;10111;65
2023-12;Centro;Área dos CSP da ULS Cova da Beira;40.279552,-7.501801;11175;7797;12
2023-12;Centro;ACES Pinhal Interior Norte;40.111927,-8.246515;16005;14599;166
2023-12;Lisboa e Vale do Tejo;ACES Oeste Norte;39.411452329,-9.1394549604;17317;13679;142
2023-12;Lisboa e Vale do Tejo;Área dos CSP da ULS Lezíria;39.237167,-8.688705;28011;18485;171
2023-12;Lisboa e Vale do Tejo;Área dos CSP da ULS Estuário do Tejo;38.891077,-9.039536;23537;14904;100
2023-12;Lisboa e Vale do Tejo;ACES Sintra;38.752326416,-9.274985919;33938;26360;184
2023-12;Lisboa e Vale do Tejo;ACES Lisboa Central;38.7365023,-9.1313583;27457;19624;313
2023-12;Norte;ACES Grande Porto VI - Porto Oriental;41.169696,-8.612651;14415;16062;237
2023-12;Norte;ACES Tâmega I - Baixo Tâmega;41.271319448,-8.0787110652;24242;17867;200
2023-12;Norte;ACES Cávado I - Braga;41.547059616,-8.4278529356;26490;23229;357
2023-12;Norte;ACES Ave / Famalicão;41.383524892,-8.4155289584;16608;17390;269
2023-12;Norte;ACES Grande Porto VII - Gaia;41.127363348,-8.5796956622;20427;21539;395
2023-12;Norte;Área dos CSP da ULS Alto Minho;41.696866,-8.832522;39253;33705;453
2023-12;Norte;Área dos CSP da ULS Barcelos / Esposende;41.533628173,-8.6240622256;22257;20908;401
2024-01;Alentejo;Área dos CSP da ULS Alto Alentejo;39.2991,-7.4278;23756;16348;234
2024-01;Alentejo;Área dos CSP da ULS Baixo Alentejo;38.014,-7.8675;24318;16638;168
2024-01;Alentejo;Área dos CSP da ULS Litoral Alentejano;38.039936,-8.731693;15208;8709;87
2024-01;Norte;Área dos CSP da ULS Alto Minho;41.696866,-8.832522;52282;47286;747
2024-01;Norte;Área dos CSP da ULS Médio Ave;41.346844614,-8.482973945;42132;42298;721
2024-01;Norte;Área dos CSP da ULS Santo António;41.160263,-8.681729;62160;64565;972
2024-02;Centro;Área dos CSP da ULS Baixo Mondego;40.130297609,-8.860696177;15569;17351;209
2024-02;Centro;Área dos CSP da ULS Região de Aveiro;40.6418,-8.65166;66663;48155;771
2024-02;Centro;Área dos CSP da ULS Guarda;40.5314,-7.27322;28026;13319;209
2024-02;Lisboa e Vale do Tejo;Área dos CSP da ULS Oeste;39.411452329,-9.1394549604;32245;22947;253
2024-02;Lisboa e Vale do Tejo;Área dos CSP da ULS Santa Maria;38.739567,-9.168651;41689;23368;310
2024-02;Lisboa e Vale do Tejo;Área dos CSP da ULS Estuário do Tejo;38.891077,-9.039536;28636;17481;109
2024-02;Norte;Área dos CSP da ULS Alto Minho;41.696866,-8.832522;48868;39353;645
2024-02;Norte;Área dos CSP da ULS Matosinhos;41.1807,-8.66314;28168;27792;386
2024-02;Norte;Área dos CSP da ULS Póvoa Varzim / Vila Conde;41.355472362,-8.7448970377;22975;25123;327
2024-02;Norte;Área dos CSP da ULS São João;41.169696,-8.612651;58321;53594;841
2024-03;Lisboa e Vale do Tejo;Área dos CSP da ULS São José;38.7365023,-9.1313583;50327;31061;533
2024-03;Lisboa e Vale do Tejo;Área dos CSP da ULS Amadora / Sintra;38.75717,-9.23401;65865;40326;348
2024-03;Norte;Área dos CSP da ULS Entre Douro e Vouga;40.926349,-8.548039;49317;39334;711
2024-03;Norte;Área dos CSP da ULS Nordeste;41.806816,-6.759102;22891;11536;264
2024-03;Norte;Área dos CSP da ULS Alto Minho;41.696866,-8.832522;47644;37345;620
2024-04;Alentejo;Área dos CSP da ULS Litoral Alentejano;38.039936,-8.731693;15584;7821;106
2024-04;Lisboa e Vale do Tejo;Área dos CSP da ULS Loures / Odivelas;38.821769,-9.176301;28795;19088;304
2024-04;Lisboa e Vale do Tejo;Área dos CSP da ULS Médio Tejo;39.605565,-8.404399;29591;20378;167
2024-04;Lisboa e Vale do Tejo;Área dos CSP da ULS Lisboa Ocidental;38.698818794,-9.3815130504;57311;45267;636
2024-04;Lisboa e Vale do Tejo;Área dos CSP da ULS Arrábida;38.531,-8.8874;38613;21291;305
2024-04;Norte;Área dos CSP da ULS Matosinhos;41.1807,-8.66314;30026;29100;422
2024-04;Norte;Área dos CSP da ULS São João;41.169696,-8.612651;61162;56237;850
2024-04;Norte;Área dos CSP da ULS Braga;41.629758698,-8.3591461276;54145;48096;841
2024-04;Norte;Área dos CSP da ULS Tâmega e Sousa;41.206266147,-8.2725028602;91319;74403;1024
2024-04;Norte;Área dos CSP da ULS Barcelos / Esposende;41.533628173,-8.6240622256;29388;24756;415
2024-05;Alentejo;Área dos CSP da ULS Baixo Alentejo;38.014,-7.8675;22442;14801;140
2024-05;Algarve;Área dos CSP da ULS Algarve;37.02745056,-7.937649;76408;41051;740
2024-05;Centro;Área dos CSP da ULS Baixo Mondego;40.130297609,-8.860696177;17742;19021;253
2024-05;Centro;Área dos CSP da ULS Coimbra;40.21578,-8.41058;67621;65716;760
2024-05;Centro;Área dos CSP da ULS Castelo Branco;39.831269,-7.486884;23949;10316;53
2024-05;Centro;Área dos CSP da ULS Viseu Dão-Lafões;40.659169,-7.915314;52801;35062;668
2024-05;Lisboa e Vale do Tejo;Área dos CSP da ULS Estuário do Tejo;38.891077,-9.039536;29309;18138;109
2024-05;Lisboa e Vale do Tejo;Área dos CSP da ULS Loures / Odivelas;38.821769,-9.176301;28665;19724;338
2024-05;Lisboa e Vale do Tejo;Área dos CSP da ULS Lezíria;39.232503,-8.715083;34672;20890;255
2024-05;Lisboa e Vale do Tejo;Área dos CSP da ULS Arco Ribeirinho;38.6527214050293,-9.05825614929199;31792;18722;195
2024-05;Lisboa e Vale do Tejo;Área dos CSP da ULS Amadora / Sintra;38.75717,-9.23401;68986;45040;447
2024-05;Norte;Área dos CSP da ULS Alto Minho;41.696866,-8.832522;49928;40041;707
2024-05;Norte;Área dos CSP da ULS Trás-os-Montes Alto Douro;41.2969,-7.74841;50527;33171;970
2024-05;Norte;Área dos CSP da ULS Santo António;41.160263,-8.681729;61684;59642;992
2024-06;Algarve;Área dos CSP da ULS Algarve;37.02745056,-7.937649;67524;37469;674
2024-06;Centro;Área dos CSP da ULS Região de Leiria;39.7418,-8.79444;49795;43223;378
2024-06;Lisboa e Vale do Tejo;Área dos CSP da ULS Almada / Seixal;38.6276044797217,-9.11368350111247;43751;31617;454
2024-06;Lisboa e Vale do Tejo;Área dos CSP da ULS Lisboa Ocidental;38.698818794,-9.3815130504;46766;42412;553
2024-06;Norte;Área dos CSP da ULS Póvoa Varzim / Vila Conde;41.355472362,-8.7448970377;19823;23231;367
2024-06;Norte;Área dos CSP da ULS Matosinhos;41.1807,-8.66314;24158;25261;380
2024-06;Norte;Área dos CSP da ULS Santo António;41.160263,-8.681729;51830;52957;832
2024-07;Alentejo;Área dos CSP da ULS Alto Alentejo;38.756986,-9.1460619;21299;14664;203
2024-07;Lisboa e Vale do Tejo;Área dos CSP da ULS Santa Maria;38.739567,-9.168651;43999;26631;337
2024-07;Lisboa e Vale do Tejo;Área dos CSP da ULS Oeste;39.411452329,-9.1394549604;30730;23825;224
2024-07;Lisboa e Vale do Tejo;Área dos CSP da ULS Arco Ribeirinho;38.6527214050293,-9.05825614929199;31806;20193;185
2024-07;Lisboa e Vale do Tejo;Área dos CSP da ULS Lezíria;39.232503,-8.715083;34304;20424;257
2024-07;Lisboa e Vale do Tejo;Área dos CSP da ULS Arrábida;38.531,-8.8874;36838;20871;376
2024-07;Norte;Área dos CSP da ULS Barcelos / Esposende;41.533628173,-8.6240622256;28778;25021;472
2024-08;Centro;Área dos CSP da ULS Região de Aveiro;;53312;44872;668
2024-08;Centro;Área dos CSP da ULS Guarda;40.5314,-7.27322;24801;11268;190
2024-08;Lisboa e Vale do Tejo;Área dos CSP da ULS Oeste;39.411452329,-9.1394549604;26484;21702;199
2024-08;Lisboa e Vale do Tejo;Área dos CSP da ULS Santa Maria;38.739567,-9.168651;35547;21143;282
2024-08;Norte;Área dos CSP da ULS Gaia / Espinho;41.127363348,-8.5796956622;48653;47769;835
2024-08;Norte;Área dos CSP da ULS Alto Minho;41.696866,-8.832522;40089;34032;479
2024-08;Norte;Área dos CSP da ULS Santo António;41.160263,-8.681729;45532;52468;704
2024-09;Alentejo;Área dos CSP da ULS Alentejo Central;38.568838,-7.903064;32419;23632;337
2024-09;Alentejo;Área dos CSP da ULS Alto Alentejo;39.3004940975133,-7.42635033349663;20666;14483;203
2024-09;Centro;Área dos CSP da ULS Cova da Beira;40.279552,-7.501801;12927;10073;22
2024-09;Centro;Área dos CSP da ULS Castelo Branco;39.831269,-7.486884;20251;10758;102
2024-09;Lisboa e Vale do Tejo;Área dos CSP da ULS Estuário do Tejo;38.891077,-9.039536;26409;17035;66
2024-09;Norte;Área dos CSP da ULS Gaia / Espinho;41.127363348,-8.5796956622;51248;52237;714
2024-10;Centro;Área dos CSP da ULS Região de Aveiro;;59860;46640;1058
2024-10;Centro;Área dos CSP da ULS Baixo Mondego;40.130297609,-8.860696177;17686;20390;354
2024-10;Centro;Área dos CSP da ULS Coimbra;40.21578,-8.41058;68470;73010;1017
2024-10;Lisboa e Vale do Tejo;Área dos CSP da ULS Arco Ribeirinho;38.6527214050293,-9.05825614929199;33041;22072;208
2024-10;Lisboa e Vale do Tejo;Área dos CSP da ULS Lisboa Ocidental;38.698818794,-9.3815130504;59870;53233;775
2024-10;Lisboa e Vale do Tejo;Área dos CSP da ULS Santa Maria;38.739567,-9.168651;49271;28514;419
2024-10;Lisboa e Vale do Tejo;Área dos CSP da ULS Oeste;39.411452329,-9.1394549604;32813;25982;230
2024-10;Norte;Área dos CSP da ULS Médio Ave;41.346844614,-8.482973945;40764;41298;1026
2024-10;Norte;Área dos CSP da ULS Trás-os-Montes Alto Douro;41.2969,-7.74841;53470;37150;1118
2024-10;Norte;Área dos CSP da ULS São João;41.169696,-8.612651;58263;63740;1473
2024-10;Norte;Área dos CSP da ULS Nordeste;41.806816,-6.759102;24330;14029;377
2024-11;Alentejo;Área dos CSP da ULS Alentejo Central;38.568838,-7.903064;35399;23729;465
2024-11;Centro;Área dos CSP da ULS Cova da Beira;40.279552,-7.501801;14400;9889;35
2024-11;Centro;Área dos CSP da ULS Coimbra;40.21578,-8.41058;63176;64317;833
2024-11;Lisboa e Vale do Tejo;Área dos CSP da ULS Loures / Odivelas;38.821769,-9.176301;25201;18730;317
2024-11;Lisboa e Vale do Tejo;Área dos CSP da ULS São José;38.7365023,-9.1313583;49903;34694;640
2024-11;Norte;Área dos CSP da ULS Tâmega e Sousa;41.206266147,-8.2725028602;83692;72784;1209
2024-12;Centro;Área dos CSP da ULS Baixo Mondego;40.130297609,-8.860696177;15780;17966;315
2024-12;Centro;Área dos CSP da ULS Castelo Branco;39.831269,-7.486884;19535;9179;54
2024-12;Lisboa e Vale do Tejo;Área dos CSP da ULS Santa Maria;38.739567,-9.168651;43718;23863;297
2024-12;Norte;Área dos CSP da ULS Tâmega e Sousa;41.206266147,-8.2725028602;77677;68198;1031
2024-12;Norte;Área dos CSP da ULS Nordeste;41.806816,-6.759102;19864;11125;370
2024-12;Norte;Área dos CSP da ULS Alto Ave;41.426805082,-8.2945278754;48735;37437;625
2025-01;Alentejo;Área dos CSP da ULS Alto Alentejo;39.3004940975133,-7.42635033349663;23901;16874;273
2025-01;Centro;Área dos CSP da ULS Coimbra;40.21578,-8.41058;72447;71564;866
2025-01;Centro;Área dos CSP da ULS Guarda;40.5314,-7.27322;30013;14927;200
2025-01;Lisboa e Vale do Tejo;Área dos CSP da ULS São José;38.7365023,-9.1313583;53701;36866;729
2025-01;Lisboa e Vale do Tejo;Área dos CSP da ULS Loures / Odivelas;38.821769,-9.176301;29021;22347;377
2025-01;Lisboa e Vale do Tejo;Área dos CSP da ULS Lisboa Ocidental;38.698818794,-9.3815130504;58695;52123;767
2025-01;Norte;Área dos CSP da ULS Alto Ave;41.426805082,-8.2945278754;57495;48360;765
2025-01;Norte;Área dos CSP da ULS Santo António;41.160263,-8.681729;60021;69183;965
2025-01;Norte;Área dos CSP da ULS Braga;41.629758698,-8.3591461276;55820;54429;910
2025-02;Alentejo;Área dos CSP da ULS Litoral Alentejano;38.039936,-8.731693;14963;7497;104
2025-02;Algarve;Área dos CSP da ULS Algarve;37.02745056,-7.937649;75706;41465;808
2025-02;Centro;Área dos CSP da ULS Cova da Beira;40.279552,-7.501801;14682;11024;44
2025-02;Lisboa e Vale do Tejo;Área dos CSP da ULS Oeste;39.411452329,-9.1394549604;30165;22411;192
2025-02;Lisboa e Vale do Tejo;Área dos CSP da ULS Lisboa Ocidental;38.698818794,-9.3815130504;53873;46057;702
2025-02;Lisboa e Vale do Tejo;Área dos CSP da ULS Almada / Seixal;38.6276044797217,-9.11368350111247;47707;35459;507
2025-02;Lisboa e Vale do Tejo;Área dos CSP da ULS Estuário do Tejo;38.891077,-9.039536;26875;17955;132
2025-02;Norte;Área dos CSP da ULS Nordeste;41.806816,-6.759102;24648;12111;450
2025-02;Norte;Área dos CSP da ULS Gaia / Espinho;41.127363348,-8.5796956622;57142;52060;1011
2025-02;Norte;Área dos CSP da ULS Trás-os-Montes Alto Douro;41.2969,-7.74841;47987;33574;1110
2025-03;Centro;Área dos CSP da ULS Região de Leiria;39.7418,-8.79444;55300;47264;477
2025-03;Centro;Área dos CSP da ULS Guarda;40.5314,-7.27322;26811;13753;219
2025-03;Lisboa e Vale do Tejo;Área dos CSP da ULS Arrábida;38.531,-8.8874;34156;20683;240
2025-03;Lisboa e Vale do Tejo;Área dos CSP da ULS Lisboa Ocidental;38.698818794,-9.3815130504;52718;45250;624
2025-03;Lisboa e Vale do Tejo;Área dos CSP da ULS Lezíria;39.232503,-8.715083;31957;20404;233
2025-03;Norte;Área dos CSP da ULS Trás-os-Montes Alto Douro;41.2969,-7.74841;48759;34015;1038
2025-03;Norte;Área dos CSP da ULS Médio Ave;41.346844614,-8.482973945;34691;37140;618
2025-04;Alentejo;Área dos CSP da ULS Alentejo Central;38.568838,-7.903064;31670;23747;377
2025-04;Alentejo;Área dos CSP da ULS Alto Alentejo;39.3004940975133,-7.42635033349663;19936;13515;207
2025-04;Alentejo;Área dos CSP da ULS Litoral Alentejano;38.039936,-8.731693;14463;7528;98
2025-04;Centro;Área dos CSP da ULS Cova da Beira;40.279552,-7.501801;13197;9201;36
2025-04;Lisboa e Vale do Tejo;Área dos CSP da ULS Arrábida;38.531,-8.8874;34674;19873;265
2025-04;Lisboa e Vale do Tejo;Área dos CSP da ULS Lisboa Ocidental;38.698818794,-9.3815130504;50030;42985;572
2025-04;Norte;Área dos CSP da ULS Braga;41.629758698,-8.3591461276;45550;44616;857
2025-04;Norte;Área dos CSP da ULS Alto Ave;41.426805082,-8.2945278754;48193;38485;618
2025-04;Norte;Área dos CSP da ULS Barcelos / Esposende;41.533628173,-8.6240622256;24834;23666;468
2025-04;Norte;Área dos CSP da ULS Matosinhos;41.1807,-8.66314;24517;28632;365
2025-05;Centro;Área dos CSP da ULS Guarda;40.5314,-7.27322;27055;14804;250
2025-05;Centro;Área dos CSP da ULS Baixo Mondego;40.130297609,-8.860696177;17557;20141;266
2025-05;Lisboa e Vale do Tejo;Área dos CSP da ULS Médio Tejo;39.605565,-8.404399;28689;20372;121
2025-05;Norte;Área dos CSP da ULS Braga;41.629758698,-8.3591461276;50418;50979;953
2025-05;Norte;Área dos CSP da ULS Tâmega e Sousa;41.206266147,-8.2725028602;84618;78910;1144
2025-06;Alentejo;Área dos CSP da ULS Alentejo Central;38.568838,-7.903064;30140;22619;408
2025-06;Centro;Área dos CSP da ULS Castelo Branco;39.831269,-7.486884;18727;9725;102
2025-06;Lisboa e Vale do Tejo;Área dos CSP da ULS Lisboa Ocidental;38.698818794,-9.3815130504;46276;44303;556
2025-06;Lisboa e Vale do Tejo;Área dos CSP da ULS Amadora / Sintra;38.75717,-9.23401;59522;41665;314
2025-06;Lisboa e Vale do Tejo;Área dos CSP da ULS Almada / Seixal;38.6276044797217,-9.11368350111247;39741;33327;403
2025-06;Norte;Área dos CSP da ULS Entre Douro e Vouga;40.926349,-8.548039;48965;47064;798
2025-06;Norte;Área dos CSP da ULS Barcelos / Esposende;41.533628173,-8.6240622256;22065;23590;442
2025-07;Centro;Área dos CSP da ULS Baixo Mondego;40.130297609,-8.860696177;17953;20352;282
2025-07;Centro;Área dos CSP da ULS Castelo Branco;39.831269,-7.486884;20876;10802;107
2025-07;Lisboa e Vale do Tejo;Área dos CSP da ULS Estuário do Tejo;38.891077,-9.039536;29986;21910;165
2025-07;Lisboa e Vale do Tejo;Área dos CSP da ULS Arco Ribeirinho;38.6527214050293,-9.05825614929199;31730;21365;256
2025-07;Lisboa e Vale do Tejo;Área dos CSP da ULS Almada / Seixal;38.6276044797217,-9.11368350111247;50364;40347;549
2025-07;Lisboa e Vale do Tejo;Área dos CSP da ULS Amadora / Sintra;38.752326416,-9.274985919;69462;47826;441
2025-07;Lisboa e Vale do Tejo;Área dos CSP da ULS Santa Maria;38.739567,-9.168651;45523;27584;339
2025-07;Lisboa e Vale do Tejo;Área dos CSP da ULS Lisboa Ocidental;38.698818794,-9.3815130504;56285;52676;675
2025-07;Norte;Área dos CSP da ULS Barcelos / Esposende;41.533628173,-8.6240622256;28192;26509;438
2025-07;Norte;Área dos CSP da ULS Trás-os-Montes Alto Douro;41.2969,-7.74841;49759;35999;884
2025-07;Norte;Área dos CSP da ULS Alto Ave;41.426805082,-8.2945278754;54245;43303;773
2025-07;Norte;Área dos CSP da ULS Entre Douro e Vouga;40.926349,-8.548039;59750;53230;819
2025-08;Alentejo;Área dos CSP da ULS Baixo Alentejo;38.009362882,-7.8559468083;17002;12518;114
2025-08;Lisboa e Vale do Tejo;Área dos CSP da ULS Almada / Seixal;38.6276044797217,-9.11368350111247;36718;31514;414
2025-08;Norte;Área dos CSP da ULS Braga;41.629758698,-8.3591461276;38808;41245;679
2025-08;Norte;Área dos CSP da ULS Alto Minho;41.696866,-8.832522;38986;33464;471
2025-08;Norte;Área dos CSP da ULS Matosinhos;41.1807,-8.66314;20413;25899;313
2025-09;Centro;Área dos CSP da ULS Cova da Beira;40.279552,-7.501801;13280;13039;42
2025-09;Centro;Área dos CSP da ULS Região de Leiria;39.7418,-8.79444;58007;53587;455
2025-09;Norte;Área dos CSP da ULS Tâmega e Sousa;41.206266147,-8.2725028602;79565;82085;1057
2025-09;Norte;Área dos CSP da ULS Barcelos / Esposende;41.533628173,-8.6240622256;26198;27322;461
2025-09;Norte;Área dos CSP da ULS Nordeste;41.806816,-6.759102;24144;13106;424
2025-10;Alentejo;Área dos CSP da ULS Litoral Alentejano;38.039936,-8.731693;16292;8970;111
2025-10;Algarve;Área dos CSP da ULS Algarve;37.02745056,-7.937649;78133;49122;852
2025-10;Centro;Área dos CSP da ULS Guarda;40.5314,-7.27322;27862;16415;423
2025-10;Centro;Área dos CSP da ULS Baixo Mondego;40.130297609,-8.860696177;19049;21447;341
2025-10;Lisboa e Vale do Tejo;Área dos CSP da ULS Estuário do Tejo;38.891077,-9.039536;29828;22922;193
2025-10;Lisboa e Vale do Tejo;Área dos CSP da ULS Lezíria;39.232503,-8.715083;36916;23934;261
2025-10;Norte;Área dos CSP da ULS Barcelos / Esposende;41.533628173,-8.6240622256;29627;27677;612
2025-10;Norte;Área dos CSP da ULS Santo António;41.160263,-8.681729;56697;68024;1113
2025-10;Norte;Área dos CSP da ULS Póvoa Varzim / Vila Conde;41.355472362,-8.7448970377;24042;30575;466
2025-10;Norte;Área dos CSP da ULS Gaia / Espinho;41.127363348,-8.5796956622;59207;59597;972
2025-11;Centro;Área dos CSP da ULS Viseu Dão-Lafões;40.659169,-7.915314;48109;34667;825
2025-11;Centro;Área dos CSP da ULS Guarda;40.5314,-7.27322;24460;13644;369
2025-11;Centro;Área dos CSP da ULS Região de Leiria;39.7418,-8.79444;56440;51924;570
2025-11;Centro;Área dos CSP da ULS Baixo Mondego;40.130297609,-8.860696177;17166;18474;320
2025-11;Centro;Área dos CSP da ULS Região de Aveiro;40.6418,-8.65166;50596;43146;951
2025-11;Norte;Área dos CSP da ULS Nordeste;41.806816,-6.759102;24198;12199;526
2025-11;Norte;Área dos CSP da ULS Santo António;41.160263,-8.681729;54411;61044;913
2025-11;Norte;Área dos CSP da ULS Tâmega e Sousa;41.206266147,-8.2725028602;78553;75607;1173
2025-11;Norte;Área dos CSP da ULS Médio Ave;41.346844614,-8.482973945;35167;38104;753
2025-11;Norte;Área dos CSP da ULS Entre Douro e Vouga;40.926349,-8.548039;55767;50090;915
2025-12;Alentejo;Área dos CSP da ULS Litoral Alentejano;38.039936,-8.731693;11874;6796;65
2025-12;Algarve;Área dos CSP da ULS Algarve;37.02745056,-7.937649;55205;38499;431
2025-12;Centro;Área dos CSP da ULS Viseu Dão-Lafões;40.659169,-7.915314;40337;31626;514
2025-12;Centro;Área dos CSP da ULS Guarda;40.5314,-7.27322;22819;14920;246
2025-12;Lisboa e Vale do Tejo;Área dos CSP da ULS Lisboa Ocidental;38.698818794,-9.3815130504;42398;45558;525
2025-12;Lisboa e Vale do Tejo;Área dos CSP da ULS Lezíria;39.232503,-8.715083;26252;19562;189
2025-12;Norte;Área dos CSP da ULS Trás-os-Montes Alto Douro;41.2969,-7.74841;38294;27876;637
2025-12;Norte;Área dos CSP da ULS Matosinhos;41.1807,-8.66314;21393;27604;329
2025-12;Norte;Área dos CSP da ULS Nordeste;41.806816,-6.759102;20927;10906;414
2025-12;Norte;Área dos CSP da ULS Gaia / Espinho;41.127363348,-8.5796956622;45707;46389;718
2025-12;Norte;Área dos CSP da ULS Braga;41.629758698,-8.3591461276;38133;41626;596
2025-12;Norte;Área dos CSP da ULS Alto Ave;41.426805082,-8.2945278754;45920;38297;539
2026-01;Centro;Área dos CSP da ULS Cova da Beira;40.279552,-7.501801;12786;13827;19
2026-01;Centro;Área dos CSP da ULS Baixo Mondego;40.130297609,-8.860696177;18013;20207;337
2026-01;Lisboa e Vale do Tejo;Área dos CSP da ULS Amadora / Sintra;38.752326416,-9.274985919;64236;48773;446
2026-01;Lisboa e Vale do Tejo;Área dos CSP da ULS Almada / Seixal;38.6276044797217,-9.11368350111247;46926;39116;535
2026-01;Lisboa e Vale do Tejo;Área dos CSP da ULS São José;38.7365023,-9.1313583;49529;36671;614
2026-01;Lisboa e Vale do Tejo;Área dos CSP da ULS Médio Tejo;39.605565,-8.404399;27592;22172;160
2026-01;Norte;Área dos CSP da ULS Braga;41.629758698,-8.3591461276;50406;52629;820
2026-01;Norte;Área dos CSP da ULS Entre Douro e Vouga;40.926349,-8.548039;57614;53852;979
2026-01;Norte;Área dos CSP da ULS Barcelos / Esposende;41.533628173,-8.6240622256;27755;26916;520
2026-01;Norte;Área dos CSP da ULS Alto Minho;41.696866,-8.832522;47316;42354;715
2026-02;Lisboa e Vale do Tejo;Área dos CSP da ULS Lezíria;39.232503,-8.715083;30324;19626;249
2026-02;Lisboa e Vale do Tejo;Área dos CSP da ULS Estuário do Tejo;38.891077,-9.039536;25840;17402;141
2026-02;Lisboa e Vale do Tejo;Área dos CSP da ULS Lisboa Ocidental;38.698818794,-9.3815130504;50854;45706;720
2026-02;Norte;Área dos CSP da ULS Trás-os-Montes Alto Douro;41.2969,-7.74841;43537;30738;912
2026-02;Norte;Área dos CSP da ULS Braga;41.629758698,-8.3591461276;45942;45894;836
2026-02;Norte;Área dos CSP da ULS Santo António;41.160263,-8.681729;49554;59029;892
2026-02;Norte;Área dos CSP da ULS Alto Ave;41.426805082,-8.2945278754;49309;40653;668
2026-02;Norte;Área dos CSP da ULS Médio Ave;41.346844614,-8.482973945;33601;35465;662
2026-03;Lisboa e Vale do Tejo;Área dos CSP da ULS Médio Tejo;39.605565,-8.404399;29681;23244;184
2026-03;Norte;Área dos CSP da ULS Póvoa Varzim / Vila do Conde;41.355472362,-8.7448970377;23447;30826;398
2026-03;Norte;Área dos CSP da ULS Nordeste;41.806816,-6.759102;26718;13580;665
2015-09;Norte;ACES Tâmega III - Vale do Sousa Norte;41.2793583,-8.2787457;29199;14647;222
2015-09;Norte;ACES Grande Porto II - Gondomar;41.1738444,-8.5612238;32646;16937;400
2015-09;Norte;ACES Douro I - Marão e Douro Norte;41.2968711,-7.7483727;18471;10840;262
2015-09;Norte;ACES Cávado I - Braga;41.5518714,-8.4126362;30553;13559;433
2015-10;Centro;ACES Pinhal Litoral;39.7495331,-8.807683;46755;17117;249
2015-10;Centro;ACES Baixo Mondego;40.2150023,-8.4071805;56566;33069;438
2015-10;Centro;ACES Pinhal Interior Norte;40.1151262,-8.2473136;23889;15102;248
2015-10;Norte;ACES Entre Douro e Vouga II - Aveiro Norte;40.8472225,-8.4656674;24368;8842;286
2015-10;Norte;ACES Grande Porto I - Santo Tirso / Trofa;41.3469246,-8.4822648;23017;12972;327
2015-10;Norte;ACES Tâmega III - Vale do Sousa Norte;41.2793583,-8.2787457;30869;15592;290
2015-11;Alentejo;Área dos CSP da ULS Alto Alentejo;39.2967086,-7.4284755;27357;12750;494
2015-11;Centro;Área dos CSP da ULS Guarda;40.5353285,-7.2724426;25093;9171;174
2015-11;Centro;ACES Pinhal Interior Sul;39.7510898,-7.9203657;5187;2832;10
2015-11;Lisboa e Vale do Tejo;Área dos CSP da ULS Almada / Seixal;38.6678522,-9.1875777;62908;19351;555
2015-11;Lisboa e Vale do Tejo;Área dos CSP da ULS Estuário do Tejo;38.9528113,-8.9911154;39664;7286;226
2015-11;Norte;ACES Cávado II - Gerês / Cabreira;41.6298661,-8.3596897;18420;10971;267
2015-11;Norte;ACES Alto Ave - Guimarães, Vizela e Terras de Basto;41.4417064,-8.1722408;57638;20810;646
2015-11;Norte;ACES Tâmega III - Vale do Sousa Norte;41.2793583,-8.2787457;31361;14078;281
2015-11;Norte;Área dos CSP da ULS Matosinhos;41.1918541,-8.6590693;33702;16357;384
2015-11;Norte;ACES Grande Porto II - Gondomar;41.1738444,-8.5612238;34437;16227;418
2015-11;Região não Especificada;Desconhecido | Nacional;;382;228;
2015-12;Alentejo;Área dos CSP da ULS Baixo Alentejo;38.0153039,-7.8627308;21297;11377;216
2015-12;Algarve;ACES Algarve III - Algarve Sotavento;37.383008,-7.7293275;9675;3920;117
2015-12;Algarve;ACES Algarve II - Algarve Barlavento;37.1387554,-8.5445093;23187;7790;119
2015-12;Centro;Área dos CSP da ULS Cova da Beira;40.2677741,-7.4995083;11155;5553;9
2015-12;Centro;ACES Pinhal Interior Norte;40.1151262,-8.2473136;19490;14215;185
2015-12;Centro;Área dos CSP da ULS Guarda;40.5353285,-7.2724426;20996;8577;167
2015-12;Lisboa e Vale do Tejo;ACES Loures / Odivelas;38.8012718,-9.1137868;45786;11831;303
2015-12;Lisboa e Vale do Tejo;Área dos CSP da ULS Estuário do Tejo;38.9528113,-8.9911154;32893;6899;148
2015-12;Lisboa e Vale do Tejo;ACES Oeste Sul;39.0917759,-9.2600341;28709;8073;274
2015-12;Lisboa e Vale do Tejo;Área dos CSP da ULS Arco Ribeirinho;38.6672076,-9.0543329;32102;9025;192
2015-12;Norte;ACES Grande Porto I - Santo Tirso / Trofa;41.3469246,-8.4822648;18703;10978;193
2015-12;Norte;ACES Alto Ave - Guimarães, Vizela e Terras de Basto;41.4417064,-8.1722408;49285;19731;509
2015-12;Norte;ACES Tâmega II - Vale do Sousa Sul;41.1548155,-8.2163769;32995;14230;388
2015-12;Norte;ACES Cávado II - Gerês / Cabreira;41.6298661,-8.3596897;16460;10077;277
2016-01;Alentejo;Área dos CSP da ULS Baixo Alentejo;38.0153039,-7.8627308;25609;12876;323
2016-01;Alentejo;Área dos CSP da ULS Litoral Alentejano;38.3841359,-8.5132031;14484;6520;105
2016-01;Algarve;ACES Algarve III - Algarve Sotavento;37.383008,-7.7293275;10810;4432;201
2016-01;Centro;ACES Beira Interior Sul;39.8211367,-7.5036651;12219;5218;24
2016-01;Lisboa e Vale do Tejo;ACES Cascais;38.69904,-9.3818008;27203;8573;133
2016-01;Lisboa e Vale do Tejo;Área dos CSP da ULS Lezíria;39.2371689,-8.6908895;36348;15767;381
2016-01;Lisboa e Vale do Tejo;ACES Lisboa Central;38.7306317,-9.1510414;38313;10249;226
2016-01;Lisboa e Vale do Tejo;Área dos CSP da ULS Arco Ribeirinho;38.6672076,-9.0543329;35844;10527;222
2016-01;Norte;ACES Grande Porto III - Maia / Valongo;41.2333945,-8.6187474;37218;20655;440
2016-01;Norte;ACES Douro I - Marão e Douro Norte;41.2968711,-7.7483727;20318;10765;298
2016-01;Norte;ACES Grande Porto VII - Gaia;41.1278433,-8.580396;25126;13534;386
2016-01;Norte;ACES Douro II - Douro Sul;41.0953745,-7.8123805;15817;6028;235
2016-01;Norte;ACES Tâmega III - Vale do Sousa Norte;41.2793583,-8.2787457;30115;15508;272
2016-01;Norte;Área dos CSP da ULS Alto Minho;41.7056054,-8.8252713;53641;24384;730
2016-01;Norte;Área dos CSP da ULS Barcelos / Esposende;41.5317419,-8.6178922;32210;14336;303
2016-01;Norte;ACES Tâmega II - Vale do Sousa Sul;41.1548155,-8.2163769;36421;16017;518
2016-02;Centro;Área dos CSP da ULS Região de Aveiro;40.6405055,-8.6537539;74460;28032;502
2016-02;Centro;ACES Pinhal Interior Norte;40.1151262,-8.2473136;23031;14548;184
2016-02;Centro;ACES Baixo Mondego;40.2150023,-8.4071805;56384;27767;438
2016-02;Lisboa e Vale do Tejo;Área dos CSP da ULS Almada / Seixal;38.6678522,-9.1875777;61549;19779;591
2016-02;Lisboa e Vale do Tejo;ACES Lisboa Ocidental e Oeiras;38.6914388,-9.3184304;33400;8822;386
2016-02;Lisboa e Vale do Tejo;Área dos CSP da ULS Lezíria;39.2371689,-8.6908895;36228;14704;375
2016-02;Lisboa e Vale do Tejo;Área dos CSP da ULS Arrábida;38.5324373,-8.8627453;34827;13103;256
2016-02;Norte;ACES Grande Porto I - Santo Tirso / Trofa;41.3469246,-8.4822648;22061;11535;305
2016-02;Norte;ACES Grande Porto V - Porto Ocidental;41.1741353,-8.6691662;27565;11579;447
2016-02;Norte;Área dos CSP da ULS Póvoa Varzim / Vila Conde;41.355519,-8.746653;26401;13709;294
2016-03;Alentejo;Área dos CSP da ULS Baixo Alentejo;38.0153039,-7.8627308;27864;12880;414
2016-03;Algarve;ACES Algarve III - Algarve Sotavento;37.383008,-7.7293275;11100;4446;130
2016-03;Centro;ACES Pinhal Litoral;39.7495331,-8.807683;48750;16444;213
2016-03;Centro;Área dos CSP da ULS Guarda;40.5353285,-7.2724426;27467;10028;252
2016-03;Lisboa e Vale do Tejo;ACES Amadora;38.7573081,-9.23429;27503;5972;113
2016-03;Lisboa e Vale do Tejo;Área dos CSP da ULS Arrábida;38.5324373,-8.8627453;37027;14025;305
2016-03;Lisboa e Vale do Tejo;ACES Lisboa Ocidental e Oeiras;38.6914388,-9.3184304;36438;9145;415
2016-03;Lisboa e Vale do Tejo;Área dos CSP da ULS Almada / Seixal;38.6678522,-9.1875777;65347;20897;616
2016-03;Norte;ACES Entre Douro e Vouga II - Aveiro Norte;40.8472225,-8.4656674;23789;8538;274
2016-03;Norte;Área dos CSP da ULS Barcelos / Esposende;41.5317419,-8.6178922;35394;12752;363
2016-03;Norte;ACES Grande Porto VII - Gaia;41.1278433,-8.580396;27813;13425;397
2016-03;Norte;Área dos CSP da ULS Alto Minho;41.7056054,-8.8252713;57092;23750;771
2016-03;Norte;ACES Grande Porto V - Porto Ocidental;41.1741353,-8.6691662;30078;12220;469
2016-03;Norte;ACES Tâmega III - Vale do Sousa Norte;41.2793583,-8.2787457;31416;14478;303
2016-04;Alentejo;Área dos CSP da ULS Baixo Alentejo;38.0153039,-7.8627308;25169;11697;287
2016-04;Centro;ACES Beira Interior Sul;39.8211367,-7.5036651;11472;5002;21
2016-04;Lisboa e Vale do Tejo;ACES Amadora;38.7573081,-9.23429;24745;5739;95
2016-04;Lisboa e Vale do Tejo;Área dos CSP da ULS Arrábida;38.5324373,-8.8627453;32449;13067;274
2016-04;Lisboa e Vale do Tejo;ACES Lisboa Ocidental e Oeiras;38.6914388,-9.3184304;33095;8841;428
2016-04;Lisboa e Vale do Tejo;ACES Loures / Odivelas;38.8012718,-9.1137868;51787;12927;289
2016-04;Lisboa e Vale do Tejo;ACES Lisboa Central;38.7306317,-9.1510414;37301;9575;216
2016-04;Norte;ACES Grande Porto III - Maia / Valongo;41.2333945,-8.6187474;36295;19301;441
2016-04;Norte;ACES Tâmega II - Vale do Sousa Sul;41.1548155,-8.2163769;34932;14679;407
2016-04;Norte;ACES Grande Porto V - Porto Ocidental;41.1741353,-8.6691662;26799;12030;421
2016-04;Norte;ACES Alto Ave - Guimarães, Vizela e Terras de Basto;41.4417064,-8.1722408;55297;21232;594
2016-04;Norte;ACES Grande Porto VI - Porto Oriental;41.1694498,-8.6126428;20266;8869;317
2016-05;Centro;ACES Pinhal Interior Norte;40.1151262,-8.2473136;23148;15451;189
2016-05;Centro;Área dos CSP da ULS Região de Aveiro;40.6405055,-8.6537539;76902;30335;561
2016-05;Lisboa e Vale do Tejo;Área dos CSP da ULS Almada / Seixal;38.6678522,-9.1875777;64142;21417;591
2016-05;Lisboa e Vale do Tejo;ACES Amadora;38.7573081,-9.23429;25606;6327;89
2016-05;Lisboa e Vale do Tejo;ACES Oeste Norte;39.410844,-9.1396215;36401;13710;266
2016-05;Lisboa e Vale do Tejo;Área dos CSP da ULS Arrábida;38.5324373,-8.8627453;35393;14392;273
2016-05;Lisboa e Vale do Tejo;ACES Cascais;38.69904,-9.3818008;27355;9271;142
2016-05;Lisboa e Vale do Tejo;ACES Lisboa Ocidental e Oeiras;38.6914388,-9.3184304;35670;9626;378
2016-05;Norte;Área dos CSP da ULS Alto Minho;41.7056054,-8.8252713;56995;24652;771
2016-05;Norte;ACES Grande Porto III - Maia / Valongo;41.2333945,-8.6187474;39817;20816;457
2016-05;Norte;ACES Grande Porto V - Porto Ocidental;41.1741353,-8.6691662;28100;13104;453
2016-05;Norte;ACES Tâmega III - Vale do Sousa Norte;41.2793583,-8.2787457;31124;15220;277
2016-05;Norte;ACES Tâmega II - Vale do Sousa Sul;41.1548155,-8.2163769;37564;15873;421
2016-06;Centro;Área dos CSP da ULS Guarda;40.5353285,-7.2724426;24133;10012;143
2016-06;Centro;ACES Pinhal Interior Norte;40.1151262,-8.2473136;21764;15013;174
2016-06;Centro;Área dos CSP da ULS Viseu Dão-Lafões;40.6565861,-7.9124712;50579;18108;755
2016-06;Lisboa e Vale do Tejo;Área dos CSP da ULS Estuário do Tejo;38.9528113,-8.9911154;34670;7023;161
2016-06;Norte;ACES Grande Porto V - Porto Ocidental;41.1741353,-8.6691662;25928;12527;406
2016-06;Norte;ACES Douro I - Marão e Douro Norte;41.2968711,-7.7483727;19997;10614;293
2016-06;Norte;ACES Grande Porto I - Santo Tirso / Trofa;41.3469246,-8.4822648;20144;11502;260
2016-06;Norte;ACES Douro II - Douro Sul;41.0953745,-7.8123805;15128;6205;214
2016-06;Norte;Área dos CSP da ULS Póvoa Varzim / Vila Conde;41.355519,-8.746653;23352;13775;399
2016-07;Alentejo;Área dos CSP da ULS Alto Alentejo;39.2967086,-7.4284755;21396;12068;338
2016-07;Algarve;ACES Algarve I - Algarve Central;37.0274264,-7.9395984;33888;11057;268
2016-07;Centro;ACES Pinhal Litoral;39.7495331,-8.807683;41265;15593;129
2016-07;Lisboa e Vale do Tejo;ACES Amadora;38.7573081,-9.23429;22319;5674;96
2016-07;Lisboa e Vale do Tejo;ACES Lisboa Central;38.7306317,-9.1510414;33201;9762;234
2016-07;Norte;Área dos CSP da ULS Matosinhos;41.1918541,-8.6590693;27962;14632;322
2016-07;Norte;ACES Entre Douro e Vouga I - Feira e Arouca;40.9263169,-8.5478813;26704;14356;286
2016-07;Norte;ACES Alto Ave - Guimarães, Vizela e Terras de Basto;41.4417064,-8.1722408;50500;20819;507
2016-07;Norte;ACES Tâmega I - Baixo Tâmega;41.2719719,-8.0791631;29462;11091;227
2016-08;Algarve;ACES Algarve II - Algarve Barlavento;37.1387554,-8.5445093;24742;8643;121
2016-08;Centro;ACES Baixo Mondego;40.2150023,-8.4071805;49033;33359;295
2016-08;Lisboa e Vale do Tejo;ACES Oeste Norte;39.410844,-9.1396215;30468;13984;202
2016-08;Lisboa e Vale do Tejo;Área dos CSP da ULS Lezíria;39.2371689,-8.6908895;29049;15260;262
2016-08;Norte;ACES Grande Porto VI - Porto Oriental;41.1694498,-8.6126428;17384;9048;207
2016-08;Norte;Área dos CSP da ULS Póvoa Varzim / Vila Conde;41.355519,-8.746653;23247;14271;290
2016-08;Norte;ACES Tâmega II - Vale do Sousa Sul;41.1548155,-8.2163769;34523;16831;361
2016-09;Centro;Área dos CSP da ULS Região de Aveiro;40.6405055,-8.6537539;73862;31307;578
2016-09;Centro;ACES Beira Interior Sul;39.8211367,-7.5036651;12559;5863;39
2016-09;Lisboa e Vale do Tejo;Área dos CSP da ULS Almada / Seixal;38.6678522,-9.1875777;58986;20431;584
2016-09;Lisboa e Vale do Tejo;Área dos CSP da ULS Arco Ribeirinho;38.6672076,-9.0543329;32751;10772;162
2016-09;Lisboa e Vale do Tejo;Área dos CSP da ULS Lezíria;39.2371689,-8.6908895;34340;15858;272
2016-09;Lisboa e Vale do Tejo;ACES Médio Tejo;39.478072,-8.5404429;44019;14524;300
2016-09;Norte;ACES Grande Porto I - Santo Tirso / Trofa;41.3469246,-8.4822648;21180;11969;222
2016-10;Centro;ACES Pinhal Interior Sul;39.7510898,-7.9203657;4971;3364;9
2016-10;Lisboa e Vale do Tejo;ACES Médio Tejo;39.478072,-8.5404429;43598;15201;324
2016-10;Lisboa e Vale do Tejo;ACES Oeste Sul;39.0917759,-9.2600341;30875;10445;269
2016-10;Lisboa e Vale do Tejo;Área dos CSP da ULS Estuário do Tejo;38.9528113,-8.9911154;38254;8667;156
2016-10;Lisboa e Vale do Tejo;ACES Lisboa Norte;38.7396924,-9.168506;33633;8838;411
2016-10;Norte;ACES Alto Trás-os-Montes - Alto Tâmega e Barroso;41.741781,-7.4731648;15717;6876;189
2016-10;Norte;ACES Grande Porto V - Porto Ocidental;41.1741353,-8.6691662;28166;13662;426
2016-10;Norte;ACES Grande Porto I - Santo Tirso / Trofa;41.3469246,-8.4822648;20767;12613;292
2016-10;Norte;Área dos CSP da ULS Nordeste;41.8069684,-6.7587977;23552;9774;290
2016-10;Norte;Área dos CSP da ULS Barcelos / Esposende;41.5317419,-8.6178922;32986;15122;337
2016-10;Região não Especificada;Desconhecido | Nacional;;279;154;
2016-11;Alentejo;Área dos CSP da ULS Litoral Alentejano;38.3841359,-8.5132031;16840;7572;114
2016-11;Alentejo;Área dos CSP da ULS Baixo Alentejo;38.0153039,-7.8627308;25984;12974;309
2016-11;Algarve;ACES Algarve III - Algarve Sotavento;37.383008,-7.7293275;11031;4745;96
2016-11;Centro;Área dos CSP da ULS Cova da Beira;40.2677741,-7.4995083;13751;6635;11
2016-11;Lisboa e Vale do Tejo;ACES Loures / Odivelas;38.8012718,-9.1137868;55693;15248;315
2016-11;Lisboa e Vale do Tejo;ACES Lisboa Norte;38.7396924,-9.168506;36137;9397;404
2016-11;Lisboa e Vale do Tejo;Área dos CSP da ULS Almada / Seixal;38.6678522,-9.1875777;51293;17714;449
2016-11;Lisboa e Vale do Tejo;ACES Lisboa Central;38.7306317,-9.1510414;40834;10987;232
2016-11;Lisboa e Vale do Tejo;ACES Amadora;38.7573081,-9.23429;27038;6765;125
2016-11;Lisboa e Vale do Tejo;ACES Oeste Sul;39.0917759,-9.2600341;32310;10118;292
2016-11;Lisboa e Vale do Tejo;Área dos CSP da ULS Arco Ribeirinho;38.6672076,-9.0543329;35666;10282;226
2016-11;Norte;ACES Alto Ave - Guimarães, Vizela e Terras de Basto;41.4417064,-8.1722408;58809;23724;609
2016-11;Norte;ACES Grande Porto II - Gondomar;41.1738444,-8.5612238;34427;18467;416
2016-11;Norte;ACES Grande Porto VII - Gaia;41.1278433,-8.580396;26723;15235;344
2016-11;Norte;ACES Grande Porto I - Santo Tirso / Trofa;41.3469246,-8.4822648;22251;12362;358
2016-11;Norte;ACES Entre Douro e Vouga II - Aveiro Norte;40.8472225,-8.4656674;23979;9768;308
2016-11;Região não Especificada;Desconhecido | Nacional;;150;79;
2016-12;Algarve;ACES Algarve I - Algarve Central;37.0274264,-7.9395984;32536;10995;242
2016-12;Algarve;ACES Algarve II - Algarve Barlavento;37.1387554,-8.5445093;21461;7420;96
2016-12;Centro;Área dos CSP da ULS Região de Aveiro;40.6405055,-8.6537539;65530;27624;548
2016-12;Centro;Área dos CSP da ULS Cova da Beira;40.2677741,-7.4995083;10483;5091;8
2016-12;Lisboa e Vale do Tejo;ACES Oeste Norte;39.410844,-9.1396215;30681;12281;225
2016-12;Norte;ACES Tâmega I - Baixo Tâmega;41.2719719,-8.0791631;28177;11655;244
2017-01;Alentejo;Área dos CSP da ULS Baixo Alentejo;38.0153039,-7.8627308;28249;13833;363
2017-01;Centro;ACES Pinhal Litoral;39.7495331,-8.807683;50361;18709;291
2017-01;Centro;Área dos CSP da ULS Guarda;40.5353285,-7.2724426;26865;10511;190
2017-01;Centro;ACES Baixo Mondego;40.2150023,-8.4071805;68030;39693;614
2017-01;Lisboa e Vale do Tejo;ACES Oeste Norte;39.410844,-9.1396215;37916;14008;285
2017-01;Lisboa e Vale do Tejo;Área dos CSP da ULS Arco Ribeirinho;38.6672076,-9.0543329;36160;11309;229
2017-01;Lisboa e Vale do Tejo;ACES Lisboa Central;38.7306317,-9.1510414;43187;10575;313
2017-01;Lisboa e Vale do Tejo;ACES Loures / Odivelas;38.8012718,-9.1137868;57359;15026;372
2017-01;Lisboa e Vale do Tejo;ACES Oeste Sul;39.0917759,-9.2600341;34475;10123;302
2017-01;Lisboa e Vale do Tejo;ACES Médio Tejo;39.478072,-8.5404429;50442;13915;346
2017-01;Norte;ACES Entre Douro e Vouga I - Feira e Arouca;40.9263169,-8.5478813;31809;16790;508
2017-01;Norte;Área dos CSP da ULS Alto Minho;41.7056054,-8.8252713;60504;27363;975
2017-01;Norte;ACES Douro II - Douro Sul;41.0953745,-7.8123805;17927;6815;268
2017-01;Norte;ACES Entre Douro e Vouga II - Aveiro Norte;40.8472225,-8.4656674;26162;9444;344
2017-01;Norte;ACES Grande Porto III - Maia / Valongo;41.2333945,-8.6187474;42233;22389;541
2017-01;Norte;ACES Tâmega I - Baixo Tâmega;41.2719719,-8.0791631;37804;14444;366
2017-01;Norte;ACES Grande Porto V - Porto Ocidental;41.1741353,-8.6691662;31815;14200;544
2017-01;Norte;ACES Alto Trás-os-Montes - Alto Tâmega e Barroso;41.741781,-7.4731648;16797;7040;192
2017-01;Região não Especificada;Desconhecido | Nacional;;398;126;
2017-02;Alentejo;Área dos CSP da ULS Alentejo Central;38.8442031,-7.5826619;34304;16760;381
2017-02;Lisboa e Vale do Tejo;ACES Oeste Sul;39.0917759,-9.2600341;30049;8616;236
2017-02;Lisboa e Vale do Tejo;ACES Lisboa Ocidental e Oeiras;38.6914388,-9.3184304;32435;8085;352
2017-02;Lisboa e Vale do Tejo;ACES Lisboa Central;38.7306317,-9.1510414;36955;8903;241
2017-02;Lisboa e Vale do Tejo;Área dos CSP da ULS Arco Ribeirinho;38.6672076,-9.0543329;31119;9583;197
2017-02;Lisboa e Vale do Tejo;ACES Loures / Odivelas;38.8012718,-9.1137868;49655;12760;346
2017-02;Norte;ACES Tâmega II - Vale do Sousa Sul;41.1548155,-8.2163769;33704;14546;446
2017-02;Norte;ACES Douro I - Marão e Douro Norte;41.2968711,-7.7483727;18700;9695;268
2017-02;Região não Especificada;Desconhecido | Nacional;;303;98;
2017-03;Lisboa e Vale do Tejo;Área dos CSP da ULS Lezíria;39.2371689,-8.6908895;40815;17698;271
2017-03;Norte;ACES Cávado II - Gerês / Cabreira;41.6298661,-8.3596897;21553;13057;368
2017-03;Norte;ACES Entre Douro e Vouga I - Feira e Arouca;40.9263169,-8.5478813;33738;17080;448
2017-03;Norte;ACES Ave / Famalicão;41.3835805,-8.4157518;25492;10881;252
2017-03;Norte;Área dos CSP da ULS Póvoa Varzim / Vila Conde;41.355519,-8.746653;29581;15924;361
2017-03;Região não Especificada;Desconhecido | Nacional;;917;;
2017-04;Lisboa e Vale do Tejo;Área dos CSP da ULS Estuário do Tejo;38.9528113,-8.9911154;35328;6790;124
2017-04;Lisboa e Vale do Tejo;ACES Lisboa Ocidental e Oeiras;38.6914388,-9.3184304;28219;8410;213
2017-04;Norte;ACES Grande Porto II - Gondomar;41.1738444,-8.5612238;28162;15643;378
2017-04;Norte;Área dos CSP da ULS Póvoa Varzim / Vila Conde;41.355519,-8.746653;22083;12370;274
2017-04;Norte;ACES Douro I - Marão e Douro Norte;41.2968711,-7.7483727;16892;9374;245
2017-04;Norte;ACES Entre Douro e Vouga II - Aveiro Norte;40.8472225,-8.4656674;19245;7850;180
2017-04;Norte;Área dos CSP da ULS Nordeste;41.8069684,-6.7587977;20586;7401;282
2017-04;Região não Especificada;Desconhecido | Nacional;;296;111;
2017-05;Centro;Área dos CSP da ULS Viseu Dão-Lafões;40.6565861,-7.9124712;51098;21038;642
2017-05;Lisboa e Vale do Tejo;Área dos CSP da ULS Arrábida;38.5324373,-8.8627453;34107;14151;262
2017-05;Lisboa e Vale do Tejo;ACES Lisboa Norte;38.7396924,-9.168506;33982;9050;321
2017-05;Lisboa e Vale do Tejo;ACES Médio Tejo;39.478072,-8.5404429;44501;14456;297
2017-05;Lisboa e Vale do Tejo;ACES Lisboa Central;38.7306317,-9.1510414;39315;11347;288
2017-05;Lisboa e Vale do Tejo;Área dos CSP da ULS Arco Ribeirinho;38.6672076,-9.0543329;32581;12257;164
2017-05;Norte;ACES Douro I - Marão e Douro Norte;41.2968711,-7.7483727;19253;12158;288
2017-05;Norte;ACES Grande Porto II - Gondomar;41.1738444,-8.5612238;33880;19748;407
2017-05;Norte;ACES Douro II - Douro Sul;41.0953745,-7.8123805;15574;6745;152
2017-05;Norte;Área dos CSP da ULS Alto Minho;41.7056054,-8.8252713;53426;27389;754
2017-05;Norte;ACES Tâmega I - Baixo Tâmega;41.2719719,-8.0791631;33524;14500;306
2017-05;Norte;ACES Cávado II - Gerês / Cabreira;41.6298661,-8.3596897;18340;13111;278
2017-05;Região não Especificada;Desconhecido | Nacional;;1361;;
2017-06;Centro;ACES Pinhal Interior Sul;39.7510898,-7.9203657;4473;3205;12
2017-06;Centro;Área dos CSP da ULS Viseu Dão-Lafões;40.6565861,-7.9124712;48195;18402;601
2017-06;Lisboa e Vale do Tejo;ACES Loures / Odivelas;38.8012718,-9.1137868;52544;14830;321
2017-06;Lisboa e Vale do Tejo;ACES Médio Tejo;39.478072,-8.5404429;41052;13182;252
2017-06;Lisboa e Vale do Tejo;Área dos CSP da ULS Almada / Seixal;38.6678522,-9.1875777;53913;19585;447
2017-06;Norte;ACES Ave / Famalicão;41.3835805,-8.4157518;21636;10123;239
2017-06;Norte;ACES Grande Porto VIII - Espinho / Gaia;41.0022421,-8.642018;31519;17237;373
2017-06;Norte;ACES Grande Porto III - Maia / Valongo;41.2333945,-8.6187474;37298;20757;393
2017-06;Região não Especificada;Desconhecido | Nacional;;1121;;
2017-07;Algarve;ACES Algarve II - Algarve Barlavento;37.1387554,-8.5445093;23203;7496;92
2017-07;Centro;ACES Pinhal Interior Norte;40.1151262,-8.2473136;20888;14621;159
2017-07;Centro;ACES Pinhal Litoral;39.7495331,-8.807683;42119;16064;226
2017-07;Lisboa e Vale do Tejo;ACES Oeste Sul;39.0917759,-9.2600341;28169;9836;182
2017-07;Norte;ACES Alto Trás-os-Montes - Alto Tâmega e Barroso;41.741781,-7.4731648;14241;6047;150
2017-07;Norte;ACES Grande Porto I - Santo Tirso / Trofa;41.3469246,-8.4822648;18131;11040;211
2017-07;Norte;Área dos CSP da ULS Nordeste;41.8069684,-6.7587977;20631;8432;250
2017-07;Norte;ACES Grande Porto V - Porto Ocidental;41.1741353,-8.6691662;25054;13039;304
2017-07;Norte;ACES Tâmega III - Vale do Sousa Norte;41.2793583,-8.2787457;28293;14672;244
2017-07;Norte;ACES Douro I - Marão e Douro Norte;41.2968711,-7.7483727;17617;10900;181
2017-07;Norte;ACES Cávado II - Gerês / Cabreira;41.6298661,-8.3596897;17756;11598;236
2017-08;Alentejo;Área dos CSP da ULS Alto Alentejo;39.2967086,-7.4284755;21505;13142;195
2017-08;Algarve;ACES Algarve I - Algarve Central;37.0274264,-7.9395984;34003;11330;179
2017-08;Centro;Área dos CSP da ULS Região de Aveiro;40.6405055,-8.6537539;64948;30129;446
2017-08;Centro;ACES Baixo Mondego;40.2150023,-8.4071805;53124;37438;324
2017-08;Centro;Área dos CSP da ULS Cova da Beira;40.2677741,-7.4995083;10658;6227;15
2017-08;Lisboa e Vale do Tejo;ACES Loures / Odivelas;38.8012718,-9.1137868;44433;13921;303
2017-08;Lisboa e Vale do Tejo;ACES Oeste Norte;39.410844,-9.1396215;28580;13736;154
2017-08;Norte;ACES Tâmega III - Vale do Sousa Norte;41.2793583,-8.2787457;25916;15892;237
2017-08;Norte;Área dos CSP da ULS Barcelos / Esposende;41.5317419,-8.6178922;28863;12507;253
2017-08;Norte;Área dos CSP da ULS Alto Minho;41.7056054,-8.8252713;46863;25191;493
2017-08;Norte;ACES Cávado II - Gerês / Cabreira;41.6298661,-8.3596897;16526;11582;205
2017-08;Norte;ACES Grande Porto III - Maia / Valongo;41.2333945,-8.6187474;31891;19918;323
2017-09;Alentejo;Área dos CSP da ULS Litoral Alentejano;38.3841359,-8.5132031;15877;6545;79
2017-09;Algarve;ACES Algarve I - Algarve Central;37.0274264,-7.9395984;35049;11520;189
2017-09;Algarve;ACES Algarve II - Algarve Barlavento;37.1387554,-8.5445093;23256;7767;108
2017-09;Centro;ACES Beira Interior Sul;39.8211367,-7.5036651;11414;5494;21
2017-09;Centro;Área dos CSP da ULS Cova da Beira;40.2677741,-7.4995083;11767;5811;23
2017-09;Lisboa e Vale do Tejo;ACES Lisboa Central;38.7306317,-9.1510414;35318;10399;247
2017-09;Lisboa e Vale do Tejo;ACES Oeste Norte;39.410844,-9.1396215;29405;13355;162
2017-09;Lisboa e Vale do Tejo;ACES Amadora;38.7573081,-9.23429;20306;6213;85
2017-09;Norte;ACES Grande Porto V - Porto Ocidental;41.1741353,-8.6691662;25942;13493;276
2017-09;Norte;ACES Tâmega I - Baixo Tâmega;41.2719719,-8.0791631;30747;12915;287
2017-09;Norte;ACES Tâmega II - Vale do Sousa Sul;41.1548155,-8.2163769;33407;16379;302
2017-09;Região não Especificada;Desconhecido | Nacional;;2;;
2017-10;Centro;Área dos CSP da ULS Região de Aveiro;40.6405055,-8.6537539;76493;32757;662
2017-10;Centro;ACES Baixo Mondego;40.2150023,-8.4071805;66057;42340;469
2017-10;Centro;Área dos CSP da ULS Viseu Dão-Lafões;40.6565861,-7.9124712;52687;21394;668
2017-10;Centro;ACES Pinhal Interior Norte;40.1151262,-8.2473136;21939;16051;196
2017-10;Lisboa e Vale do Tejo;ACES Loures / Odivelas;38.8012718,-9.1137868;54259;16824;364
2017-10;Lisboa e Vale do Tejo;Área dos CSP da ULS Almada / Seixal;38.6678522,-9.1875777;56938;23160;361
2017-10;Lisboa e Vale do Tejo;ACES Oeste Norte;39.410844,-9.1396215;32053;15033;204
2017-10;Norte;ACES Tâmega I - Baixo Tâmega;41.2719719,-8.0791631;33219;15283;304
2017-10;Norte;ACES Cávado I - Braga;41.5518714,-8.4126362;32872;15890;488
2017-10;Norte;Área dos CSP da ULS Alto Minho;41.7056054,-8.8252713;53728;28251;725
2017-10;Norte;ACES Grande Porto III - Maia / Valongo;41.2333945,-8.6187474;39386;23629;404
2017-10;Norte;ACES Grande Porto VII - Gaia;41.1278433,-8.580396;26958;15602;336
2017-10;Região não Especificada;Desconhecido | Nacional;;1;;
2017-11;Lisboa e Vale do Tejo;ACES Oeste Sul;39.0917759,-9.2600341;29638;10655;206
2017-11;Lisboa e Vale do Tejo;ACES Médio Tejo;39.478072,-8.5404429;43530;14561;262
2017-11;Lisboa e Vale do Tejo;Área dos CSP da ULS Estuário do Tejo;38.9528113,-8.9911154;37469;8536;189
2017-11;Norte;ACES Cávado I - Braga;41.5518714,-8.4126362;32586;15178;487
2017-11;Norte;ACES Grande Porto III - Maia / Valongo;41.2333945,-8.6187474;40068;22628;414
2017-11;Norte;ACES Alto Ave - Guimarães, Vizela e Terras de Basto;41.4417064,-8.1722408;58209;22941;592
2017-11;Norte;ACES Tâmega III - Vale do Sousa Norte;41.2793583,-8.2787457;30276;16740;273
2017-11;Região não Especificada;Desconhecido | Nacional;;1117;131;
2017-12;Lisboa e Vale do Tejo;ACES Médio Tejo;39.478072,-8.5404429;34706;11931;198
2017-12;Lisboa e Vale do Tejo;Área dos CSP da ULS Almada / Seixal;38.6678522,-9.1875777;45675;18395;311
2017-12;Norte;ACES Cávado II - Gerês / Cabreira;41.6298661,-8.3596897;14398;10058;203
2017-12;Norte;ACES Grande Porto VII - Gaia;41.1278433,-8.580396;20309;10909;261
2017-12;Norte;ACES Entre Douro e Vouga II - Aveiro Norte;40.8472225,-8.4656674;17980;7644;190
2017-12;Norte;Área dos CSP da ULS Barcelos / Esposende;41.5317419,-8.6178922;25818;11413;203
2017-12;Norte;Área dos CSP da ULS Póvoa Varzim / Vila Conde;41.355519,-8.746653;21122;13111;322
2017-12;Região não Especificada;Desconhecido | Nacional;;778;93;
2017-12;Região não Especificada;Desconhecido | Nacional;;788;;
2018-01;Alentejo;Área dos CSP da ULS Alto Alentejo;39.2967086,-7.4284755;29085;14719;346
2018-01;Algarve;ACES Algarve III - Algarve Sotavento;37.383008,-7.7293275;12119;5012;113
2018-01;Centro;ACES Baixo Mondego;40.2150023,-8.4071805;76848;43643;637
2018-01;Lisboa e Vale do Tejo;Área dos CSP da ULS Estuário do Tejo;38.9528113,-8.9911154;42516;9489;199
2018-01;Lisboa e Vale do Tejo;Área dos CSP da ULS Lezíria;39.2371689,-8.6908895;41106;17489;241
2018-01;Lisboa e Vale do Tejo;ACES Médio Tejo;39.478072,-8.5404429;49474;16292;286
2018-01;Norte;Área dos CSP da ULS Barcelos / Esposende;41.5317419,-8.6178922;37637;15573;360
2018-01;Norte;Área dos CSP da ULS Nordeste;41.8069684,-6.7587977;28440;9631;353
2018-01;Norte;ACES Tâmega I - Baixo Tâmega;41.2719719,-8.0791631;38024;15264;414
2018-02;Centro;Área dos CSP da ULS Cova da Beira;40.2677741,-7.4995083;13057;6102;18
2018-02;Lisboa e Vale do Tejo;Área dos CSP da ULS Arrábida;38.5324373,-8.8627453;33786;12355;257
2018-02;Lisboa e Vale do Tejo;ACES Médio Tejo;39.478072,-8.5404429;42682;12981;260
2018-02;Norte;Área dos CSP da ULS Alto Minho;41.7056054,-8.8252713;51191;22727;629
2018-02;Norte;ACES Tâmega I - Baixo Tâmega;41.2719719,-8.0791631;32904;12143;353
2018-02;Norte;ACES Grande Porto VII - Gaia;41.1278433,-8.580396;24243;12494;310
2018-02;Norte;ACES Tâmega II - Vale do Sousa Sul;41.1548155,-8.2163769;34716;15465;345
2018-02;Norte;ACES Tâmega III - Vale do Sousa Norte;41.2793583,-8.2787457;30296;14593;325
2018-02;Norte;ACES Entre Douro e Vouga II - Aveiro Norte;40.8472225,-8.4656674;21720;8108;266
2018-03;Algarve;ACES Algarve II - Algarve Barlavento;37.1387554,-8.5445093;25858;7907;152
2018-03;Algarve;ACES Algarve III - Algarve Sotavento;37.383008,-7.7293275;10658;4320;129
2018-03;Centro;Área dos CSP da ULS Guarda;40.5353285,-7.2724426;26293;9537;190
2018-03;Centro;ACES Pinhal Litoral;39.7495331,-8.807683;45157;16683;280
2018-03;Centro;ACES Beira Interior Sul;39.8211367,-7.5036651;12426;4939;45
2018-03;Lisboa e Vale do Tejo;Área dos CSP da ULS Almada / Seixal;38.6678522,-9.1875777;57142;20657;418
2018-03;Lisboa e Vale do Tejo;ACES Amadora;38.7573081,-9.23429;24172;6196;119
2018-03;Norte;Área dos CSP da ULS Matosinhos;41.1918541,-8.6590693;31941;16348;364
2018-03;Norte;ACES Cávado II - Gerês / Cabreira;41.6298661,-8.3596897;17672;11430;285
2018-03;Norte;Área dos CSP da ULS Alto Minho;41.7056054,-8.8252713;53823;23957;723
2018-03;Norte;ACES Grande Porto II - Gondomar;41.1738444,-8.5612238;32902;18083;424
2018-04;Centro;ACES Pinhal Interior Sul;39.7510898,-7.9203657;4344;3305;11
2018-04;Centro;ACES Beira Interior Sul;39.8211367,-7.5036651;10830;5020;33
2018-04;Lisboa e Vale do Tejo;Área dos CSP da ULS Lezíria;39.2371689,-8.6908895;33900;14870;213
2018-04;Lisboa e Vale do Tejo;ACES Amadora;38.7573081,-9.23429;22848;6275;101
2018-04;Lisboa e Vale do Tejo;Área dos CSP da ULS Arco Ribeirinho;38.6672076,-9.0543329;31756;10675;144
2018-04;Norte;Área dos CSP da ULS Barcelos / Esposende;41.5317419,-8.6178922;30841;13099;324
2018-04;Norte;ACES Alto Trás-os-Montes - Alto Tâmega e Barroso;41.741781,-7.4731648;14983;6350;225
2018-04;Norte;ACES Grande Porto VIII - Espinho / Gaia;41.0022421,-8.642018;30602;17649;383
2018-04;Norte;ACES Douro II - Douro Sul;41.0953745,-7.8123805;14919;5683;197
2018-04;Região não Especificada;Desconhecido | Nacional;;961;93;
2018-05;Alentejo;Área dos CSP da ULS Litoral Alentejano;38.3841359,-8.5132031;17058;6873;141
2018-05;Alentejo;Área dos CSP da ULS Alto Alentejo;39.2967086,-7.4284755;25778;13962;287
2018-05;Centro;ACES Pinhal Litoral;39.7495331,-8.807683;42780;18321;280
2018-05;Centro;Área dos CSP da ULS Região de Aveiro;40.6405055,-8.6537539;70734;31906;587
2018-05;Lisboa e Vale do Tejo;ACES Médio Tejo;39.478072,-8.5404429;43656;14573;246
2018-05;Lisboa e Vale do Tejo;ACES Cascais;38.69904,-9.3818008;26784;11636;185
2018-05;Lisboa e Vale do Tejo;ACES Loures / Odivelas;38.8012718,-9.1137868;53247;16135;352
2018-05;Norte;ACES Alto Trás-os-Montes - Alto Tâmega e Barroso;41.741781,-7.4731648;16226;7070;253
2018-05;Norte;ACES Entre Douro e Vouga II - Aveiro Norte;40.8472225,-8.4656674;22430;9820;276
2018-05;Norte;ACES Grande Porto III - Maia / Valongo;41.2333945,-8.6187474;38319;22101;403
2018-05;Norte;ACES Cávado II - Gerês / Cabreira;41.6298661,-8.3596897;17776;12616;329
2018-05;Norte;ACES Entre Douro e Vouga I - Feira e Arouca;40.9263169,-8.5478813;28945;16174;450
2018-05;Norte;Área dos CSP da ULS Matosinhos;41.1918541,-8.6590693;28941;16862;365
2018-05;Região não Especificada;Desconhecido | Nacional;;1224;;
2018-06;Algarve;ACES Algarve II - Algarve Barlavento;37.1387554,-8.5445093;26127;7580;159
2018-06;Centro;Área dos CSP da ULS Cova da Beira;40.2677741,-7.4995083;13036;6287;57
2018-06;Lisboa e Vale do Tejo;Área dos CSP da ULS Almada / Seixal;38.6678522,-9.1875777;55761;21016;466
2018-06;Lisboa e Vale do Tejo;Área dos CSP da ULS Estuário do Tejo;38.9528113,-8.9911154;36856;8145;201
2018-06;Norte;ACES Tâmega II - Vale do Sousa Sul;41.1548155,-8.2163769;34148;16727;374
2018-06;Norte;ACES Grande Porto VI - Porto Oriental;41.1694498,-8.6126428;20025;9800;268
2018-06;Norte;ACES Alto Ave - Guimarães, Vizela e Terras de Basto;41.4417064,-8.1722408;55592;21019;642
2018-06;Norte;Área dos CSP da ULS Barcelos / Esposende;41.5317419,-8.6178922;31712;12885;300
2018-06;Norte;ACES Grande Porto II - Gondomar;41.1738444,-8.5612238;31148;18721;423
2018-06;Norte;Área dos CSP da ULS Nordeste;41.8069684,-6.7587977;22499;8176;332
2018-07;Alentejo;Área dos CSP da ULS Baixo Alentejo;38.0153039,-7.8627308;22689;12175;286
2018-07;Algarve;ACES Algarve I - Algarve Central;37.0274264,-7.9395984;38113;12816;204
2018-07;Algarve;ACES Algarve III - Algarve Sotavento;37.383008,-7.7293275;11109;4359;132
2018-07;Lisboa e Vale do Tejo;ACES Lisboa Central;38.7306317,-9.1510414;37899;11655;302
2018-07;Lisboa e Vale do Tejo;ACES Oeste Norte;39.410844,-9.1396215;31542;13789;148
2018-07;Lisboa e Vale do Tejo;ACES Lisboa Norte;38.7396924,-9.168506;33659;9140;254
2018-07;Norte;Área dos CSP da ULS Póvoa Varzim / Vila Conde;41.355519,-8.746653;25666;15704;306
2018-07;Norte;ACES Grande Porto V - Porto Ocidental;41.1741353,-8.6691662;27149;14069;306
2018-07;Norte;Área dos CSP da ULS Barcelos / Esposende;41.5317419,-8.6178922;31962;13343;239
2018-07;Região não Especificada;Desconhecido | Nacional;;1178;;
2018-08;Alentejo;Área dos CSP da ULS Alto Alentejo;39.2967086,-7.4284755;20972;12080;153
2018-08;Algarve;ACES Algarve III - Algarve Sotavento;37.383008,-7.7293275;10132;4151;135
2018-08;Algarve;ACES Algarve II - Algarve Barlavento;37.1387554,-8.5445093;25544;7554;127
2018-08;Centro;ACES Pinhal Interior Sul;39.7510898,-7.9203657;4138;3420;3
2018-08;Centro;Área dos CSP da ULS Viseu Dão-Lafões;40.6565861,-7.9124712;47076;18605;466
2018-08;Lisboa e Vale do Tejo;ACES Loures / Odivelas;38.8012718,-9.1137868;44990;14293;320
2018-08;Norte;Área dos CSP da ULS Matosinhos;41.1918541,-8.6590693;27424;15515;291
2018-08;Norte;Área dos CSP da ULS Barcelos / Esposende;41.5317419,-8.6178922;28700;12923;224
2018-08;Norte;ACES Grande Porto I - Santo Tirso / Trofa;41.3469246,-8.4822648;18312;11150;255
2018-08;Norte;ACES Entre Douro e Vouga II - Aveiro Norte;40.8472225,-8.4656674;19401;8419;181
2018-08;Região não Especificada;Desconhecido | Nacional;;889;131;
2018-09;Alentejo;Área dos CSP da ULS Litoral Alentejano;38.3841359,-8.5132031;13823;6282;114
2018-09;Algarve;ACES Algarve II - Algarve Barlavento;37.1387554,-8.5445093;23490;7208;103
2018-09;Centro;ACES Pinhal Litoral;39.7495331,-8.807683;40940;16847;236
2018-09;Centro;Área dos CSP da ULS Região de Aveiro;40.6405055,-8.6537539;65037;29507;420
2018-09;Centro;ACES Baixo Mondego;40.2150023,-8.4071805;56966;37674;428
2018-09;Centro;ACES Pinhal Interior Sul;39.7510898,-7.9203657;4031;3334;1
2018-09;Lisboa e Vale do Tejo;ACES Lisboa Norte;38.7396924,-9.168506;30411;7866;238
2018-09;Lisboa e Vale do Tejo;ACES Oeste Norte;39.410844,-9.1396215;27972;13472;149
2018-09;Norte;ACES Douro I - Marão e Douro Norte;41.2968711,-7.7483727;16792;10792;247
2018-09;Norte;ACES Alto Trás-os-Montes - Alto Tâmega e Barroso;41.741781,-7.4731648;13996;6532;124
2018-09;Norte;Área dos CSP da ULS Póvoa Varzim / Vila Conde;41.355519,-8.746653;23133;14254;317
2018-09;Norte;ACES Douro II - Douro Sul;41.0953745,-7.8123805;14142;5761;142
2018-09;Região não Especificada;Desconhecido | Nacional;;979;124;
2018-10;Centro;ACES Pinhal Interior Sul;39.7510898,-7.9203657;5094;4019;6
2018-10;Centro;ACES Beira Interior Sul;39.8211367,-7.5036651;13057;6351;61
2018-10;Lisboa e Vale do Tejo;Área dos CSP da ULS Arco Ribeirinho;38.6672076,-9.0543329;36255;12331;187
2018-10;Lisboa e Vale do Tejo;Área dos CSP da ULS Estuário do Tejo;38.9528113,-8.9911154;41256;9584;143
2018-10;Norte;ACES Grande Porto III - Maia / Valongo;41.2333945,-8.6187474;40916;25124;400
2018-10;Norte;ACES Entre Douro e Vouga II - Aveiro Norte;40.8472225,-8.4656674;24561;10555;340
2018-10;Norte;ACES Grande Porto VIII - Espinho / Gaia;41.0022421,-8.642018;35829;20643;469
2018-10;Norte;Área dos CSP da ULS Barcelos / Esposende;41.5317419,-8.6178922;35169;15630;385
2018-10;Norte;ACES Cávado I - Braga;41.5518714,-8.4126362;34853;18017;454
2018-10;Norte;ACES Grande Porto V - Porto Ocidental;41.1741353,-8.6691662;29128;15859;366
2018-10;Região não Especificada;Desconhecido | Nacional;;1195;;
2018-11;Algarve;ACES Algarve III - Algarve Sotavento;37.383008,-7.7293275;11416;4914;146
2018-11;Centro;ACES Pinhal Interior Norte;40.1151262,-8.2473136;23685;15892;162
2018-11;Centro;ACES Baixo Mondego;40.2150023,-8.4071805;65309;41156;560
2018-11;Lisboa e Vale do Tejo;ACES Sintra;38.7519209,-9.2753636;54056;13813;307
2018-11;Lisboa e Vale do Tejo;ACES Lisboa Ocidental e Oeiras;38.6914388,-9.3184304;34709;11095;378
2018-11;Lisboa e Vale do Tejo;ACES Loures / Odivelas;38.8012718,-9.1137868;50852;16449;444
2018-11;Norte;ACES Cávado II - Gerês / Cabreira;41.6298661,-8.3596897;18563;12821;310
2018-11;Norte;ACES Grande Porto VIII - Espinho / Gaia;41.0022421,-8.642018;33246;18876;458
2018-11;Norte;ACES Grande Porto V - Porto Ocidental;41.1741353,-8.6691662;27453;14711;413
2018-11;Norte;ACES Grande Porto I - Santo Tirso / Trofa;41.3469246,-8.4822648;21118;12660;380
2018-11;Norte;ACES Alto Ave - Guimarães, Vizela e Terras de Basto;41.4417064,-8.1722408;57712;23210;637
2018-11;Região não Especificada;Desconhecido | Nacional;;1063;115;
2018-11;Região não Especificada;Desconhecido | Nacional;;1058;;
2018-11;Região não Especificada;Desconhecido | Nacional;;1;;
2018-12;Algarve;ACES Algarve I - Algarve Central;37.0274264,-7.9395984;32351;11259;209
2018-12;Centro;ACES Pinhal Litoral;39.7495331,-8.807683;38907;15266;262
2018-12;Centro;Área dos CSP da ULS Viseu Dão-Lafões;40.6565861,-7.9124712;44112;16638;444
2018-12;Centro;ACES Beira Interior Sul;39.8211367,-7.5036651;9720;4607;46
2018-12;Centro;Área dos CSP da ULS Região de Aveiro;40.6405055,-8.6537539;59385;25612;424
2018-12;Lisboa e Vale do Tejo;Área dos CSP da ULS Arrábida;38.5324373,-8.8627453;30687;11907;347
2018-12;Lisboa e Vale do Tejo;ACES Oeste Sul;39.0917759,-9.2600341;25906;9129;165
2018-12;Norte;Área dos CSP da ULS Alto Minho;41.7056054,-8.8252713;43564;22389;586
2018-12;Norte;ACES Grande Porto II - Gondomar;41.1738444,-8.5612238;26010;17012;327
2018-12;Norte;ACES Cávado I - Braga;41.5518714,-8.4126362;25493;12170;356
2018-12;Norte;ACES Tâmega I - Baixo Tâmega;41.2719719,-8.0791631;26470;12271;253
2018-12;Norte;Área dos CSP da ULS Barcelos / Esposende;41.5317419,-8.6178922;26804;11341;281
2018-12;Norte;ACES Ave / Famalicão;41.3835805,-8.4157518;18801;8777;188
2018-12;Norte;ACES Tâmega II - Vale do Sousa Sul;41.1548155,-8.2163769;29392;15580;322
2018-12;Norte;ACES Grande Porto VI - Porto Oriental;41.1694498,-8.6126428;16413;8538;217
2018-12;Região não Especificada;Desconhecido | Nacional;;1031;;1
2019-01;Algarve;ACES Algarve I - Algarve Central;37.0274264,-7.9395984;42322;14910;298
2019-01;Centro;ACES Beira Interior Sul;39.8211367,-7.5036651;14430;6225;61
2019-01;Centro;ACES Baixo Mondego;40.2150023,-8.4071805;76817;45344;679
2019-01;Centro;Área dos CSP da ULS Guarda;40.5353285,-7.2724426;26364;10772;151
2019-01;Centro;ACES Pinhal Interior Sul;39.7510898,-7.9203657;5486;4068;13
2019-01;Centro;Área dos CSP da ULS Cova da Beira;40.2677741,-7.4995083;14375;7467;45
2019-01;Lisboa e Vale do Tejo;ACES Médio Tejo;39.478072,-8.5404429;50377;17474;352
2019-01;Lisboa e Vale do Tejo;Área dos CSP da ULS Arco Ribeirinho;38.6672076,-9.0543329;38808;12300;235
2019-01;Lisboa e Vale do Tejo;ACES Oeste Sul;39.0917759,-9.2600341;36535;13116;240
2019-01;Lisboa e Vale do Tejo;ACES Cascais;38.69904,-9.3818008;32237;12731;298
2019-01;Norte;ACES Tâmega II - Vale do Sousa Sul;41.1548155,-8.2163769;39616;20262;351
2019-01;Norte;ACES Grande Porto V - Porto Ocidental;41.1741353,-8.6691662;31683;15679;415
2019-01;Norte;ACES Grande Porto VII - Gaia;41.1278433,-8.580396;29717;15462;378
2019-01;Norte;ACES Grande Porto III - Maia / Valongo;41.2333945,-8.6187474;43943;24928;479
2019-01;Norte;ACES Alto Ave - Guimarães, Vizela e Terras de Basto;41.4417064,-8.1722408;65555;25947;624
2019-02;Centro;Área dos CSP da ULS Cova da Beira;40.2677741,-7.4995083;12981;5523;38
2019-02;Lisboa e Vale do Tejo;ACES Oeste Sul;39.0917759,-9.2600341;30955;10716;194
2019-02;Norte;ACES Alto Trás-os-Montes - Alto Tâmega e Barroso;41.741781,-7.4731648;16264;5980;181
2019-02;Norte;ACES Cávado I - Braga;41.5518714,-8.4126362;32491;15154;468
2019-02;Norte;ACES Grande Porto II - Gondomar;41.1738444,-8.5612238;31846;18820;427
2019-02;Norte;Área dos CSP da ULS Nordeste;41.8069684,-6.7587977;23412;8013;298
2019-03;Alentejo;Área dos CSP da ULS Alto Alentejo;39.2967086,-7.4284755;25557;12173;242
2019-03;Alentejo;Área dos CSP da ULS Baixo Alentejo;38.0153039,-7.8627308;25105;11913;315
2019-03;Centro;ACES Pinhal Interior Sul;39.7510898,-7.9203657;4716;3185;9
2019-03;Centro;ACES Pinhal Interior Norte;40.1151262,-8.2473136;23468;14345;188
2019-03;Centro;Área dos CSP da ULS Cova da Beira;40.2677741,-7.4995083;13039;6048;45
2019-03;Lisboa e Vale do Tejo;ACES Amadora;38.7573081,-9.23429;23599;6235;157
2019-03;Lisboa e Vale do Tejo;ACES Lisboa Norte;38.7396924,-9.168506;34659;8575;329
2019-03;Lisboa e Vale do Tejo;Área dos CSP da ULS Estuário do Tejo;38.9528113,-8.9911154;41376;8325;177
2019-03;Lisboa e Vale do Tejo;ACES Sintra;38.7519209,-9.2753636;52854;12942;340
2019-03;Lisboa e Vale do Tejo;ACES Médio Tejo;39.478072,-8.5404429;43098;14265;289
2019-03;Norte;ACES Entre Douro e Vouga I - Feira e Arouca;40.9263169,-8.5478813;29052;15468;346
2019-03;Norte;ACES Tâmega II - Vale do Sousa Sul;41.1548155,-8.2163769;34888;16870;332
2019-03;Norte;ACES Tâmega I - Baixo Tâmega;41.2719719,-8.0791631;31822;13209;361
2019-03;Norte;Área dos CSP da ULS Nordeste;41.8069684,-6.7587977;22883;7950;280
2019-03;Norte;ACES Grande Porto I - Santo Tirso / Trofa;41.3469246,-8.4822648;20126;11628;307
2019-03;Norte;ACES Tâmega III - Vale do Sousa Norte;41.2793583,-8.2787457;32367;15874;340
2019-03;Norte;ACES Cávado II - Gerês / Cabreira;41.6298661,-8.3596897;17303;11846;262
2019-03;Norte;Área dos CSP da ULS Barcelos / Esposende;41.5317419,-8.6178922;31515;13316;296
2019-04;Alentejo;Área dos CSP da ULS Baixo Alentejo;38.0153039,-7.8627308;24015;13075;289
2019-04;Centro;Área dos CSP da ULS Viseu Dão-Lafões;40.6565861,-7.9124712;51021;18549;533
2019-04;Centro;Área dos CSP da ULS Cova da Beira;40.2677741,-7.4995083;12350;6138;26
2019-04;Lisboa e Vale do Tejo;ACES Lisboa Ocidental e Oeiras;38.6914388,-9.3184304;31699;10510;332
2019-04;Lisboa e Vale do Tejo;ACES Oeste Sul;39.0917759,-9.2600341;29774;10958;192
2019-04;Lisboa e Vale do Tejo;ACES Lisboa Norte;38.7396924,-9.168506;32836;8831;305
2019-04;Norte;ACES Grande Porto III - Maia / Valongo;41.2333945,-8.6187474;36312;21257;320
2019-04;Norte;ACES Tâmega I - Baixo Tâmega;41.2719719,-8.0791631;30961;13648;292
2019-04;Norte;ACES Entre Douro e Vouga I - Feira e Arouca;40.9263169,-8.5478813;27880;15753;332
2019-05;Centro;Área dos CSP da ULS Viseu Dão-Lafões;40.6565861,-7.9124712;57369;22388;666
2019-05;Centro;Área dos CSP da ULS Região de Aveiro;40.6405055,-8.6537539;79399;33607;691
2019-05;Lisboa e Vale do Tejo;Área dos CSP da ULS Lezíria;39.2371689,-8.6908895;38272;16115;214
2019-05;Lisboa e Vale do Tejo;ACES Lisboa Central;38.7306317,-9.1510414;42565;12274;378
2019-05;Lisboa e Vale do Tejo;Área dos CSP da ULS Arrábida;38.5324373,-8.8627453;37142;14282;299
2019-05;Lisboa e Vale do Tejo;Área dos CSP da ULS Estuário do Tejo;38.9528113,-8.9911154;43335;9273;204
2019-05;Norte;ACES Grande Porto VII - Gaia;41.1278433,-8.580396;28274;15313;368
2019-05;Norte;ACES Entre Douro e Vouga II - Aveiro Norte;40.8472225,-8.4656674;25018;10315;282
2019-05;Norte;ACES Grande Porto III - Maia / Valongo;41.2333945,-8.6187474;41835;23421;466
2019-06;Alentejo;Área dos CSP da ULS Baixo Alentejo;38.0153039,-7.8627308;21029;11408;267
2019-06;Centro;ACES Pinhal Litoral;39.7495331,-8.807683;37143;17125;244
2019-06;Centro;ACES Beira Interior Sul;39.8211367,-7.5036651;9937;4952;35
2019-06;Centro;ACES Baixo Mondego;40.2150023,-8.4071805;54715;35291;449
2019-06;Lisboa e Vale do Tejo;ACES Sintra;38.7519209,-9.2753636;43573;12016;285
2019-06;Lisboa e Vale do Tejo;ACES Médio Tejo;39.478072,-8.5404429;35941;13777;216
2019-06;Lisboa e Vale do Tejo;ACES Lisboa Central;38.7306317,-9.1510414;29703;9820;258
2019-06;Norte;ACES Douro II - Douro Sul;41.0953745,-7.8123805;11525;4844;122
2019-06;Norte;ACES Tâmega I - Baixo Tâmega;41.2719719,-8.0791631;26314;12438;282
2019-06;Norte;ACES Grande Porto III - Maia / Valongo;41.2333945,-8.6187474;30454;18502;319
2019-06;Norte;ACES Tâmega II - Vale do Sousa Sul;41.1548155,-8.2163769;29159;16328;296
2019-06;Norte;ACES Grande Porto VII - Gaia;41.1278433,-8.580396;20844;12095;286
2019-07;Algarve;ACES Algarve III - Algarve Sotavento;37.383008,-7.7293275;11643;4717;117
2019-07;Centro;ACES Beira Interior Sul;39.8211367,-7.5036651;11836;5983;68
2019-07;Lisboa e Vale do Tejo;Área dos CSP da ULS Arrábida;38.5324373,-8.8627453;35797;14439;218
2019-07;Lisboa e Vale do Tejo;Área dos CSP da ULS Arco Ribeirinho;38.6672076,-9.0543329;34930;12266;174
2019-07;Lisboa e Vale do Tejo;ACES Amadora;38.7573081,-9.23429;24314;7414;107
2019-07;Lisboa e Vale do Tejo;ACES Loures / Odivelas;38.8012718,-9.1137868;49398;18338;371
2019-07;Norte;ACES Entre Douro e Vouga I - Feira e Arouca;40.9263169,-8.5478813;28311;17801;327
2019-07;Norte;ACES Grande Porto V - Porto Ocidental;41.1741353,-8.6691662;27889;16033;305
2019-07;Norte;ACES Tâmega II - Vale do Sousa Sul;41.1548155,-8.2163769;34380;19123;297
2019-07;Norte;ACES Douro I - Marão e Douro Norte;41.2968711,-7.7483727;17881;12265;201
2019-07;Região não Especificada;Desconhecido | Nacional;;1203;;
2019-08;Alentejo;Área dos CSP da ULS Litoral Alentejano;38.3841359,-8.5132031;13237;5742;89
2019-08;Algarve;ACES Algarve III - Algarve Sotavento;37.383008,-7.7293275;10572;4179;125
2019-08;Centro;Área dos CSP da ULS Viseu Dão-Lafões;40.6565861,-7.9124712;45904;18707;488
2019-08;Centro;Área dos CSP da ULS Cova da Beira;40.2677741,-7.4995083;10770;6237;42
2019-08;Lisboa e Vale do Tejo;ACES Cascais;38.69904,-9.3818008;23105;10547;194
2019-08;Norte;ACES Douro II - Douro Sul;41.0953745,-7.8123805;12658;5288;139
2019-08;Norte;ACES Entre Douro e Vouga II - Aveiro Norte;40.8472225,-8.4656674;19086;8930;167
2019-08;Norte;Área dos CSP da ULS Nordeste;41.8069684,-6.7587977;17562;8056;173
2019-09;Centro;Área dos CSP da ULS Guarda;40.5353285,-7.2724426;22165;9710;184
2019-09;Centro;ACES Beira Interior Sul;39.8211367,-7.5036651;11003;5350;44
2019-09;Lisboa e Vale do Tejo;Área dos CSP da ULS Arrábida;38.5324373,-8.8627453;33753;12595;235
2019-09;Norte;ACES Tâmega III - Vale do Sousa Norte;41.2793583,-8.2787457;30612;17514;299
2019-09;Norte;ACES Grande Porto VIII - Espinho / Gaia;41.0022421,-8.642018;30449;18615;330
2019-09;Norte;ACES Tâmega II - Vale do Sousa Sul;41.1548155,-8.2163769;33527;18090;304
2019-09;Região não Especificada;Desconhecido | Nacional;;1071;;
2019-10;Algarve;ACES Algarve III - Algarve Sotavento;37.383008,-7.7293275;12708;4891;192
2019-10;Centro;ACES Pinhal Interior Norte;40.1151262,-8.2473136;26363;17065;204
2019-10;Lisboa e Vale do Tejo;Área dos CSP da ULS Arrábida;38.5324373,-8.8627453;40623;15308;278
2019-10;Lisboa e Vale do Tejo;ACES Cascais;38.69904,-9.3818008;30422;14768;215
2019-10;Lisboa e Vale do Tejo;Área dos CSP da ULS Lezíria;39.2371689,-8.6908895;41740;16629;342
2019-10;Lisboa e Vale do Tejo;ACES Oeste Sul;39.0917759,-9.2600341;34815;13692;255
2019-10;Lisboa e Vale do Tejo;ACES Médio Tejo;39.478072,-8.5404429;47300;17620;317
2019-10;Norte;ACES Alto Ave - Guimarães, Vizela e Terras de Basto;41.4417064,-8.1722408;63986;25594;682
2019-11;Alentejo;Área dos CSP da ULS Alto Alentejo;39.2967086,-7.4284755;24260;12063;275
2019-11;Alentejo;Área dos CSP da ULS Litoral Alentejano;38.3841359,-8.5132031;15207;6102;98
2019-11;Algarve;ACES Algarve I - Algarve Central;37.0274264,-7.9395984;39035;12847;348
2019-11;Centro;ACES Baixo Mondego;40.2150023,-8.4071805;64922;39328;642
2019-11;Lisboa e Vale do Tejo;ACES Cascais;38.69904,-9.3818008;27984;12578;209
2019-11;Lisboa e Vale do Tejo;Área dos CSP da ULS Arrábida;38.5324373,-8.8627453;35126;12902;247
2019-11;Lisboa e Vale do Tejo;ACES Oeste Norte;39.410844,-9.1396215;33212;13442;260
2019-11;Lisboa e Vale do Tejo;ACES Lisboa Norte;38.7396924,-9.168506;36228;9359;344
2019-11;Lisboa e Vale do Tejo;Área dos CSP da ULS Estuário do Tejo;38.9528113,-8.9911154;38033;10456;184
2019-11;Lisboa e Vale do Tejo;ACES Lisboa Central;38.7306317,-9.1510414;39425;11098;318
2019-11;Norte;ACES Tâmega III - Vale do Sousa Norte;41.2793583,-8.2787457;31306;17620;363
2019-11;Norte;Área dos CSP da ULS Alto Minho;41.7056054,-8.8252713;52738;26096;845
2019-12;Centro;ACES Beira Interior Sul;39.8211367,-7.5036651;10007;4659;42
2019-12;Centro;Área dos CSP da ULS Cova da Beira;40.2677741,-7.4995083;10753;5377;34
2019-12;Centro;ACES Baixo Mondego;40.2150023,-8.4071805;55731;34019;403
2019-12;Lisboa e Vale do Tejo;Área dos CSP da ULS Lezíria;39.2371689,-8.6908895;31848;12996;210
2019-12;Norte;ACES Alto Trás-os-Montes - Alto Tâmega e Barroso;41.741781,-7.4731648;13399;5834;179
2019-12;Norte;ACES Ave / Famalicão;41.3835805,-8.4157518;19222;9622;222
2019-12;Norte;ACES Grande Porto VI - Porto Oriental;41.1694498,-8.6126428;17082;9385;251
2019-12;Norte;ACES Douro I - Marão e Douro Norte;41.2968711,-7.7483727;15292;9365;249
2019-12;Região não Especificada;Desconhecido | Nacional;;816;;
2020-01;Algarve;ACES Algarve I - Algarve Central;37.0274264,-7.9395984;40085;14149;360
2020-01;Centro;Área dos CSP da ULS Cova da Beira;40.2677741,-7.4995083;14564;7663;38
2020-01;Centro;Área dos CSP da ULS Viseu Dão-Lafões;40.6565861,-7.9124712;57543;23931;655
2020-01;Centro;Área dos CSP da ULS Região de Aveiro;40.6405055,-8.6537539;78962;35424;802
2020-01;Lisboa e Vale do Tejo;ACES Lisboa Ocidental e Oeiras;38.6914388,-9.3184304;36933;11816;426
2020-01;Lisboa e Vale do Tejo;ACES Oeste Norte;39.410844,-9.1396215;37437;14839;213
2020-01;Norte;ACES Grande Porto II - Gondomar;41.1738444,-8.5612238;35549;23149;479
2020-01;Norte;Área dos CSP da ULS Póvoa Varzim / Vila Conde;41.355519,-8.746653;28704;16100;388
2020-01;Norte;ACES Tâmega II - Vale do Sousa Sul;41.1548155,-8.2163769;37751;20152;363
2020-01;Norte;ACES Douro II - Douro Sul;41.0953745,-7.8123805;16547;6377;244
2020-01;Norte;ACES Cávado I - Braga;41.5518714,-8.4126362;37019;18091;404
2020-01;Região não Especificada;Desconhecido | Nacional;;1068;;
2020-02;Alentejo;Área dos CSP da ULS Alto Alentejo;39.2967086,-7.4284755;23673;11374;217
2020-02;Alentejo;Área dos CSP da ULS Litoral Alentejano;38.3841359,-8.5132031;13056;5812;120
2020-02;Algarve;ACES Algarve III - Algarve Sotavento;37.383008,-7.7293275;11441;4048;167
2020-02;Centro;ACES Pinhal Interior Norte;40.1151262,-8.2473136;22205;13169;191
2020-02;Centro;ACES Pinhal Litoral;39.7495331,-8.807683;44952;19381;408
2020-02;Centro;ACES Pinhal Interior Sul;39.7510898,-7.9203657;4561;3195;7
2020-02;Lisboa e Vale do Tejo;Área dos CSP da ULS Arrábida;38.5324373,-8.8627453;34470;12044;204
2020-02;Lisboa e Vale do Tejo;ACES Lisboa Ocidental e Oeiras;38.6914388,-9.3184304;32914;10086;362
2020-02;Lisboa e Vale do Tejo;ACES Lisboa Norte;38.7396924,-9.168506;34982;8513;275
2020-02;Norte;Área dos CSP da ULS Alto Minho;41.7056054,-8.8252713;49922;24783;681
2020-02;Norte;ACES Grande Porto VIII - Espinho / Gaia;41.0022421,-8.642018;30504;17285;404
2020-02;Norte;ACES Ave / Famalicão;41.3835805,-8.4157518;21491;10788;259
2020-02;Norte;ACES Cávado II - Gerês / Cabreira;41.6298661,-8.3596897;18366;11866;276
2020-02;Região não Especificada;Desconhecido | Nacional;;950;;
2020-03;Alentejo;Área dos CSP da ULS Alentejo Central;38.8442031,-7.5826619;22216;25829;150
2020-03;Algarve;ACES Algarve I - Algarve Central;37.0274264,-7.9395984;28687;19452;190
2020-03;Centro;ACES Beira Interior Sul;39.8211367,-7.5036651;8143;8409;51
2020-03;Lisboa e Vale do Tejo;Área dos CSP da ULS Estuário do Tejo;38.9528113,-8.9911154;28251;18647;102
2020-03;Lisboa e Vale do Tejo;ACES Lisboa Central;38.7306317,-9.1510414;24983;21459;163
2020-03;Lisboa e Vale do Tejo;ACES Cascais;38.69904,-9.3818008;18251;21812;125
2020-03;Lisboa e Vale do Tejo;Área dos CSP da ULS Lezíria;39.2371689,-8.6908895;24740;22555;166
2020-03;Norte;ACES Grande Porto VIII - Espinho / Gaia;41.0022421,-8.642018;21610;26267;274
2020-03;Norte;ACES Cávado I - Braga;41.5518714,-8.4126362;19583;27082;241
2020-03;Norte;Área dos CSP da ULS Matosinhos;41.1918541,-8.6590693;19543;26779;189
2020-03;Norte;ACES Grande Porto I - Santo Tirso / Trofa;41.3469246,-8.4822648;14323;16974;251
2020-03;Região não Especificada;Desconhecido | Nacional;;1219;;
2020-04;Lisboa e Vale do Tejo;ACES Cascais;38.69904,-9.3818008;6151;25564;45
2020-04;Norte;Área dos CSP da ULS Barcelos / Esposende;41.5317419,-8.6178922;7095;33834;39
2020-04;Norte;ACES Grande Porto VII - Gaia;41.1278433,-8.580396;5459;24782;59
2020-04;Norte;ACES Cávado I - Braga;41.5518714,-8.4126362;4597;38485;85
2020-04;Norte;ACES Ave / Famalicão;41.3835805,-8.4157518;6763;13171;71
2020-04;Norte;ACES Tâmega III - Vale do Sousa Norte;41.2793583,-8.2787457;6984;28551;11
2020-04;Norte;ACES Cávado II - Gerês / Cabreira;41.6298661,-8.3596897;2360;18123;12
2020-04;Norte;Área dos CSP da ULS Matosinhos;41.1918541,-8.6590693;5799;35711;141
2020-04;Região não Especificada;Desconhecido | Nacional;;10;;
2020-05;Alentejo;Área dos CSP da ULS Litoral Alentejano;38.3841359,-8.5132031;6140;10092;53
2020-05;Alentejo;Área dos CSP da ULS Alto Alentejo;39.2967086,-7.4284755;15700;15273;158
2020-05;Algarve;ACES Algarve II - Algarve Barlavento;37.1387554,-8.5445093;14251;12563;104
2020-05;Centro;ACES Pinhal Litoral;39.7495331,-8.807683;15931;39853;144
2020-05;Centro;ACES Pinhal Interior Sul;39.7510898,-7.9203657;2481;5313;4
2020-05;Lisboa e Vale do Tejo;ACES Loures / Odivelas;38.8012718,-9.1137868;21199;42016;152
2020-05;Lisboa e Vale do Tejo;Área dos CSP da ULS Lezíria;39.2371689,-8.6908895;18344;27682;72
2020-05;Lisboa e Vale do Tejo;Área dos CSP da ULS Arrábida;38.5324373,-8.8627453;17885;23465;94
2020-05;Lisboa e Vale do Tejo;ACES Médio Tejo;39.478072,-8.5404429;19849;29286;121
2020-05;Norte;Área dos CSP da ULS Matosinhos;41.1918541,-8.6590693;8157;32790;232
2020-05;Norte;ACES Alto Ave - Guimarães, Vizela e Terras de Basto;41.4417064,-8.1722408;13265;54250;193
2020-05;Norte;ACES Grande Porto III - Maia / Valongo;41.2333945,-8.6187474;14507;39264;134
2020-05;Norte;Área dos CSP da ULS Nordeste;41.8069684,-6.7587977;6754;18960;63
2020-05;Norte;Área dos CSP da ULS Alto Minho;41.7056054,-8.8252713;10894;58705;103
2020-05;Norte;ACES Ave / Famalicão;41.3835805,-8.4157518;7861;17771;133
2020-06;Alentejo;Área dos CSP da ULS Alto Alentejo;39.2967086,-7.4284755;18418;15077;181
2020-06;Centro;Área dos CSP da ULS Região de Aveiro;40.6405055,-8.6537539;27213;75007;469
2020-06;Centro;Área dos CSP da ULS Cova da Beira;40.2677741,-7.4995083;5707;13674;16
2020-06;Centro;Área dos CSP da ULS Viseu Dão-Lafões;40.6565861,-7.9124712;19954;53953;311
2020-06;Centro;ACES Beira Interior Sul;39.8211367,-7.5036651;7427;8679;43
2020-06;Centro;Área dos CSP da ULS Guarda;40.5353285,-7.2724426;16899;15166;51
2020-06;Lisboa e Vale do Tejo;Área dos CSP da ULS Arco Ribeirinho;38.6672076,-9.0543329;17888;27948;70
2020-06;Norte;ACES Grande Porto VI - Porto Oriental;41.1694498,-8.6126428;6390;25502;100
2020-06;Norte;ACES Grande Porto I - Santo Tirso / Trofa;41.3469246,-8.4822648;8835;24274;304
2020-06;Norte;Área dos CSP da ULS Póvoa Varzim / Vila Conde;41.355519,-8.746653;8750;30114;338
2020-06;Norte;ACES Entre Douro e Vouga II - Aveiro Norte;40.8472225,-8.4656674;9442;22515;205
2020-06;Norte;Área dos CSP da ULS Barcelos / Esposende;41.5317419,-8.6178922;13578;24989;142
2020-06;Norte;ACES Tâmega II - Vale do Sousa Sul;41.1548155,-8.2163769;13152;40479;319
2020-06;Norte;ACES Alto Ave - Guimarães, Vizela e Terras de Basto;41.4417064,-8.1722408;16916;58328;346
2020-07;Algarve;ACES Algarve I - Algarve Central;37.0274264,-7.9395984;30019;25419;227
2020-07;Centro;ACES Pinhal Interior Norte;40.1151262,-8.2473136;14302;21643;128
2020-07;Lisboa e Vale do Tejo;ACES Oeste Sul;39.0917759,-9.2600341;15568;27377;86
2020-07;Lisboa e Vale do Tejo;ACES Lisboa Norte;38.7396924,-9.168506;20466;30740;197
2020-07;Lisboa e Vale do Tejo;ACES Oeste Norte;39.410844,-9.1396215;22912;23079;71
2020-07;Norte;Área dos CSP da ULS Alto Minho;41.7056054,-8.8252713;18580;66967;225
2020-07;Norte;Área dos CSP da ULS Matosinhos;41.1918541,-8.6590693;14028;38993;293
2020-07;Norte;ACES Grande Porto V - Porto Ocidental;41.1741353,-8.6691662;16181;37138;280
2020-07;Norte;ACES Alto Ave - Guimarães, Vizela e Terras de Basto;41.4417064,-8.1722408;23649;56831;358
2020-07;Norte;ACES Tâmega I - Baixo Tâmega;41.2719719,-8.0791631;13841;34890;231
2020-07;Norte;ACES Grande Porto VI - Porto Oriental;41.1694498,-8.6126428;8595;27996;207
2020-07;Região não Especificada;Desconhecido | Nacional;;806;;
2020-08;Centro;ACES Beira Interior Sul;39.8211367,-7.5036651;7256;7000;40
2020-08;Centro;Área dos CSP da ULS Região de Aveiro;40.6405055,-8.6537539;30571;64804;396
2020-08;Centro;Área dos CSP da ULS Guarda;40.5353285,-7.2724426;15145;12543;90
2020-08;Lisboa e Vale do Tejo;ACES Lisboa Central;38.7306317,-9.1510414;15589;29643;82
2020-08;Lisboa e Vale do Tejo;ACES Cascais;38.69904,-9.3818008;11685;27684;72
2020-08;Lisboa e Vale do Tejo;ACES Oeste Norte;39.410844,-9.1396215;20767;21106;81
2020-08;Lisboa e Vale do Tejo;ACES Lisboa Norte;38.7396924,-9.168506;15684;25597;125
2020-08;Norte;ACES Ave / Famalicão;41.3835805,-8.4157518;7924;22794;206
2020-08;Norte;ACES Tâmega III - Vale do Sousa Norte;41.2793583,-8.2787457;12464;37386;121
2020-08;Norte;ACES Grande Porto I - Santo Tirso / Trofa;41.3469246,-8.4822648;10192;21337;230
2020-09;Alentejo;Área dos CSP da ULS Alentejo Central;38.8442031,-7.5826619;20620;34726;675
2020-09;Alentejo;Área dos CSP da ULS Alto Alentejo;39.2967086,-7.4284755;20046;16130;125
2020-09;Centro;Área dos CSP da ULS Viseu Dão-Lafões;40.6565861,-7.9124712;28775;53507;280
2020-09;Lisboa e Vale do Tejo;ACES Sintra;38.7519209,-9.2753636;28811;40931;118
2020-09;Lisboa e Vale do Tejo;Área dos CSP da ULS Estuário do Tejo;38.9528113,-8.9911154;23496;29612;61
2020-09;Lisboa e Vale do Tejo;Área dos CSP da ULS Arrábida;38.5324373,-8.8627453;28438;25250;135
2020-09;Lisboa e Vale do Tejo;ACES Lisboa Norte;38.7396924,-9.168506;21519;32828;173
2020-09;Lisboa e Vale do Tejo;ACES Médio Tejo;39.478072,-8.5404429;31433;36737;197
2020-09;Lisboa e Vale do Tejo;ACES Lisboa Ocidental e Oeiras;38.6914388,-9.3184304;16856;42550;201
2020-09;Norte;ACES Alto Trás-os-Montes - Alto Tâmega e Barroso;41.741781,-7.4731648;9701;15344;108
2020-09;Norte;Área dos CSP da ULS Barcelos / Esposende;41.5317419,-8.6178922;15730;34429;148
2020-09;Norte;ACES Ave / Famalicão;41.3835805,-8.4157518;10505;28871;201
2020-09;Região não Especificada;Desconhecido | Nacional;;865;;1
2020-10;Alentejo;Área dos CSP da ULS Alentejo Central;38.8442031,-7.5826619;19985;40111;500
2020-10;Algarve;ACES Algarve III - Algarve Sotavento;37.383008,-7.7293275;9073;8415;100
2020-10;Centro;Área dos CSP da ULS Guarda;40.5353285,-7.2724426;19587;18041;70
2020-10;Centro;Área dos CSP da ULS Viseu Dão-Lafões;40.6565861,-7.9124712;32280;57710;369
2020-10;Lisboa e Vale do Tejo;ACES Amadora;38.7573081,-9.23429;15398;20924;51
2020-10;Norte;ACES Entre Douro e Vouga II - Aveiro Norte;40.8472225,-8.4656674;12939;27839;169
2020-10;Norte;ACES Entre Douro e Vouga I - Feira e Arouca;40.9263169,-8.5478813;15572;44660;230
2020-10;Norte;ACES Grande Porto VIII - Espinho / Gaia;41.0022421,-8.642018;21766;42287;325
2020-11;Centro;ACES Pinhal Interior Norte;40.1151262,-8.2473136;17733;25077;96
2020-11;Lisboa e Vale do Tejo;ACES Amadora;38.7573081,-9.23429;14915;19749;17
2020-11;Lisboa e Vale do Tejo;ACES Sintra;38.7519209,-9.2753636;29161;39593;119
2020-11;Lisboa e Vale do Tejo;Área dos CSP da ULS Arrábida;38.5324373,-8.8627453;34023;25643;164
2020-11;Norte;ACES Grande Porto VI - Porto Oriental;41.1694498,-8.6126428;10956;33298;134
2020-11;Norte;Área dos CSP da ULS Alto Minho;41.7056054,-8.8252713;27330;83394;464
2020-11;Norte;ACES Entre Douro e Vouga II - Aveiro Norte;40.8472225,-8.4656674;15691;29620;141
2020-11;Norte;ACES Cávado I - Braga;41.5518714,-8.4126362;25051;60280;298
2020-11;Norte;Área dos CSP da ULS Matosinhos;41.1918541,-8.6590693;21934;54012;217
2020-11;Norte;ACES Alto Ave - Guimarães, Vizela e Terras de Basto;41.4417064,-8.1722408;39442;86259;259
2020-11;Norte;ACES Douro II - Douro Sul;41.0953745,-7.8123805;10928;17281;356
2020-12;Alentejo;Área dos CSP da ULS Alentejo Central;38.8442031,-7.5826619;16000;41556;808
2020-12;Centro;Área dos CSP da ULS Cova da Beira;40.2677741,-7.4995083;7373;13359;45
2020-12;Lisboa e Vale do Tejo;ACES Cascais;38.69904,-9.3818008;12493;25737;41
2020-12;Lisboa e Vale do Tejo;ACES Lisboa Central;38.7306317,-9.1510414;16538;34415;107
2020-12;Norte;Área dos CSP da ULS Matosinhos;41.1918541,-8.6590693;17307;40392;238
2020-12;Norte;ACES Grande Porto VI - Porto Oriental;41.1694498,-8.6126428;8520;24733;101
2020-12;Norte;ACES Douro II - Douro Sul;41.0953745,-7.8123805;8788;17741;213
2021-01;Alentejo;Área dos CSP da ULS Litoral Alentejano;38.3841359,-8.5132031;10423;14740;126
2021-01;Lisboa e Vale do Tejo;ACES Amadora;38.7573081,-9.23429;15479;21697;18
2021-01;Lisboa e Vale do Tejo;ACES Médio Tejo;39.478072,-8.5404429;26914;46223;82
2021-01;Lisboa e Vale do Tejo;ACES Cascais;38.69904,-9.3818008;14194;35505;76
2021-01;Norte;ACES Ave / Famalicão;41.3835805,-8.4157518;14254;27694;183
2021-01;Norte;Área dos CSP da ULS Matosinhos;41.1918541,-8.6590693;21804;48221;292
2021-01;Norte;Área dos CSP da ULS Alto Minho;41.7056054,-8.8252713;25909;105089;318
2021-01;Norte;ACES Cávado I - Braga;41.5518714,-8.4126362;16944;59444;229
2021-01;Norte;ACES Cávado II - Gerês / Cabreira;41.6298661,-8.3596897;15367;29444;101
2021-01;Norte;ACES Entre Douro e Vouga I - Feira e Arouca;40.9263169,-8.5478813;14740;47925;201
2021-02;Alentejo;Área dos CSP da ULS Alentejo Central;38.8442031,-7.5826619;15979;41000;694
2021-02;Algarve;ACES Algarve I - Algarve Central;37.0274264,-7.9395984;27588;33850;196
2021-02;Algarve;ACES Algarve II - Algarve Barlavento;37.1387554,-8.5445093;21256;15517;121
2021-02;Centro;Área dos CSP da ULS Região de Aveiro;40.6405055,-8.6537539;34493;80218;458
2021-02;Centro;ACES Beira Interior Sul;39.8211367,-7.5036651;7375;11472;24
2021-02;Centro;ACES Pinhal Interior Norte;40.1151262,-8.2473136;12146;27375;102
2021-02;Lisboa e Vale do Tejo;ACES Lisboa Ocidental e Oeiras;38.6914388,-9.3184304;14784;49419;212
2021-02;Lisboa e Vale do Tejo;Área dos CSP da ULS Lezíria;39.2371689,-8.6908895;20258;35040;82
2021-02;Lisboa e Vale do Tejo;ACES Loures / Odivelas;38.8012718,-9.1137868;20255;56212;170
2021-02;Norte;Área dos CSP da ULS Póvoa Varzim / Vila Conde;41.355519,-8.746653;10282;35095;204
2021-02;Norte;ACES Ave / Famalicão;41.3835805,-8.4157518;12779;24742;254
2021-02;Norte;ACES Grande Porto VII - Gaia;41.1278433,-8.580396;13574;31891;262
2021-02;Norte;ACES Entre Douro e Vouga II - Aveiro Norte;40.8472225,-8.4656674;11352;25729;194
2021-02;Norte;ACES Alto Trás-os-Montes - Alto Tâmega e Barroso;41.741781,-7.4731648;8669;14274;46
2021-03;Algarve;ACES Algarve I - Algarve Central;37.0274264,-7.9395984;34017;27667;221
2021-03;Algarve;ACES Algarve III - Algarve Sotavento;37.383008,-7.7293275;12133;7591;280
2021-03;Lisboa e Vale do Tejo;ACES Amadora;38.7573081,-9.23429;16536;17949;49
2021-03;Lisboa e Vale do Tejo;ACES Loures / Odivelas;38.8012718,-9.1137868;30859;46975;314
2021-03;Norte;ACES Douro I - Marão e Douro Norte;41.2968711,-7.7483727;13003;18925;235
2021-03;Norte;ACES Grande Porto VI - Porto Oriental;41.1694498,-8.6126428;14776;25956;275
2021-03;Norte;Área dos CSP da ULS Alto Minho;41.7056054,-8.8252713;29338;70074;435
2021-03;Norte;Área dos CSP da ULS Nordeste;41.8069684,-6.7587977;17803;18264;137
2021-03;Norte;Área dos CSP da ULS Matosinhos;41.1918541,-8.6590693;22580;39482;356
2021-03;Norte;Área dos CSP da ULS Barcelos / Esposende;41.5317419,-8.6178922;20624;32694;245
2021-03;Norte;ACES Grande Porto V - Porto Ocidental;41.1741353,-8.6691662;23435;34205;563
2021-03;Região não Especificada;Desconhecido | Nacional;;18;;
2021-04;Alentejo;Área dos CSP da ULS Alto Alentejo;39.2967086,-7.4284755;18579;16240;174
2021-04;Alentejo;Área dos CSP da ULS Litoral Alentejano;38.3841359,-8.5132031;13477;9844;86
2021-04;Centro;Área dos CSP da ULS Cova da Beira;40.2677741,-7.4995083;9920;12886;43
2021-04;Centro;ACES Pinhal Interior Sul;39.7510898,-7.9203657;4209;4711;4
2021-04;Lisboa e Vale do Tejo;ACES Oeste Sul;39.0917759,-9.2600341;17966;25592;82
2021-04;Lisboa e Vale do Tejo;Área dos CSP da ULS Lezíria;39.2371689,-8.6908895;26139;28630;172
2021-04;Lisboa e Vale do Tejo;ACES Lisboa Norte;38.7396924,-9.168506;21890;30097;190
2021-04;Norte;ACES Entre Douro e Vouga II - Aveiro Norte;40.8472225,-8.4656674;15258;25032;463
2021-04;Norte;ACES Tâmega III - Vale do Sousa Norte;41.2793583,-8.2787457;15867;39619;650
2021-04;Norte;ACES Alto Ave - Guimarães, Vizela e Terras de Basto;41.4417064,-8.1722408;40182;49385;338
2021-05;Alentejo;Área dos CSP da ULS Alto Alentejo;39.2967086,-7.4284755;20286;15912;176
2021-05;Centro;ACES Beira Interior Sul;39.8211367,-7.5036651;10240;9523;24
2021-05;Lisboa e Vale do Tejo;Área dos CSP da ULS Lezíria;39.2371689,-8.6908895;28711;27937;163
2021-05;Lisboa e Vale do Tejo;Área dos CSP da ULS Arrábida;38.5324373,-8.8627453;32168;21846;215
2021-05;Lisboa e Vale do Tejo;ACES Cascais;38.69904,-9.3818008;17666;31338;146
2021-05;Norte;ACES Douro II - Douro Sul;41.0953745,-7.8123805;10403;13290;272
2021-05;Norte;ACES Alto Trás-os-Montes - Alto Tâmega e Barroso;41.741781,-7.4731648;11586;12474;149
2021-05;Norte;Área dos CSP da ULS Alto Minho;41.7056054,-8.8252713;34479;63439;986
2021-05;Norte;ACES Tâmega II - Vale do Sousa Sul;41.1548155,-8.2163769;27491;34721;388
2021-05;Norte;ACES Cávado I - Braga;41.5518714,-8.4126362;25199;34625;577
2021-06;Centro;ACES Baixo Mondego;40.2150023,-8.4071805;43935;70557;528
2021-06;Centro;Área dos CSP da ULS Cova da Beira;40.2677741,-7.4995083;9939;11533;28
2021-06;Lisboa e Vale do Tejo;Área dos CSP da ULS Lezíria;39.2371689,-8.6908895;29507;28440;164
2021-06;Lisboa e Vale do Tejo;ACES Oeste Norte;39.410844,-9.1396215;26169;21197;97
2021-06;Lisboa e Vale do Tejo;ACES Loures / Odivelas;38.8012718,-9.1137868;30680;39603;194
2021-06;Norte;ACES Alto Ave - Guimarães, Vizela e Terras de Basto;41.4417064,-8.1722408;36214;45735;396
2021-06;Norte;ACES Grande Porto III - Maia / Valongo;41.2333945,-8.6187474;27473;41020;376
2021-06;Norte;ACES Grande Porto VIII - Espinho / Gaia;41.0022421,-8.642018;21417;32007;421
2021-06;Norte;Área dos CSP da ULS Alto Minho;41.7056054,-8.8252713;29718;56947;628
2021-07;Alentejo;Área dos CSP da ULS Baixo Alentejo;38.0153039,-7.8627308;18177;19211;104
2021-07;Centro;ACES Pinhal Interior Sul;39.7510898,-7.9203657;4133;4855;4
2021-07;Centro;ACES Pinhal Litoral;39.7495331,-8.807683;30889;47350;268
2021-07;Centro;Área dos CSP da ULS Guarda;40.5353285,-7.2724426;19467;14110;61
2021-07;Lisboa e Vale do Tejo;Área dos CSP da ULS Arco Ribeirinho;38.6672076,-9.0543329;28268;27240;104
2021-07;Lisboa e Vale do Tejo;ACES Oeste Norte;39.410844,-9.1396215;28041;22420;85
2021-07;Norte;ACES Tâmega I - Baixo Tâmega;41.2719719,-8.0791631;20987;27803;243
2021-07;Norte;ACES Tâmega III - Vale do Sousa Norte;41.2793583,-8.2787457;18929;38993;322
2021-07;Norte;ACES Grande Porto III - Maia / Valongo;41.2333945,-8.6187474;27597;43020;235
2021-07;Norte;ACES Tâmega II - Vale do Sousa Sul;41.1548155,-8.2163769;26324;33355;300
2021-07;Norte;ACES Alto Ave - Guimarães, Vizela e Terras de Basto;41.4417064,-8.1722408;41109;44263;350
2021-07;Norte;Área dos CSP da ULS Matosinhos;41.1918541,-8.6590693;25485;39271;267
2021-07;Norte;ACES Grande Porto I - Santo Tirso / Trofa;41.3469246,-8.4822648;14561;25052;203
2021-08;Alentejo;Área dos CSP da ULS Litoral Alentejano;38.3841359,-8.5132031;13401;9349;92
2021-08;Alentejo;Área dos CSP da ULS Alto Alentejo;39.2967086,-7.4284755;17645;15742;103
2021-08;Algarve;ACES Algarve III - Algarve Sotavento;37.383008,-7.7293275;9326;6363;98
2021-08;Centro;ACES Pinhal Interior Norte;40.1151262,-8.2473136;16189;18847;63
2021-08;Lisboa e Vale do Tejo;Área dos CSP da ULS Lezíria;39.2371689,-8.6908895;28458;24785;200
2021-08;Lisboa e Vale do Tejo;ACES Lisboa Central;38.7306317,-9.1510414;19456;31603;190
2021-08;Lisboa e Vale do Tejo;ACES Loures / Odivelas;38.8012718,-9.1137868;27216;37290;185
2021-08;Lisboa e Vale do Tejo;Área dos CSP da ULS Estuário do Tejo;38.9528113,-8.9911154;26569;21443;57
2021-08;Norte;ACES Tâmega III - Vale do Sousa Norte;41.2793583,-8.2787457;17758;34036;198
2021-08;Norte;ACES Alto Ave - Guimarães, Vizela e Terras de Basto;41.4417064,-8.1722408;34406;41418;251
2021-08;Norte;ACES Grande Porto III - Maia / Valongo;41.2333945,-8.6187474;26525;39433;260
2021-08;Norte;Área dos CSP da ULS Matosinhos;41.1918541,-8.6590693;21926;34171;271
2021-08;Norte;ACES Ave / Famalicão;41.3835805,-8.4157518;16562;19817;199
2021-08;Norte;ACES Tâmega I - Baixo Tâmega;41.2719719,-8.0791631;20328;27308;170
2021-09;Centro;Área dos CSP da ULS Cova da Beira;40.2677741,-7.4995083;10735;13944;32
2021-09;Lisboa e Vale do Tejo;Área dos CSP da ULS Estuário do Tejo;38.9528113,-8.9911154;26126;21776;83
2021-09;Lisboa e Vale do Tejo;ACES Oeste Norte;39.410844,-9.1396215;26639;22749;111
2021-09;Lisboa e Vale do Tejo;ACES Amadora;38.7573081,-9.23429;17414;14847;36
2021-09;Norte;ACES Cávado I - Braga;41.5518714,-8.4126362;27560;33762;353
2021-09;Norte;ACES Entre Douro e Vouga I - Feira e Arouca;40.9263169,-8.5478813;19905;35068;285
2021-09;Norte;ACES Grande Porto I - Santo Tirso / Trofa;41.3469246,-8.4822648;15555;21019;249
2021-09;Norte;ACES Cávado II - Gerês / Cabreira;41.6298661,-8.3596897;17639;20686;173
2021-09;Norte;Área dos CSP da ULS Nordeste;41.8069684,-6.7587977;17064;15743;156
2021-09;Norte;ACES Entre Douro e Vouga II - Aveiro Norte;40.8472225,-8.4656674;17395;20777;162
2021-09;Norte;ACES Grande Porto III - Maia / Valongo;41.2333945,-8.6187474;30417;42414;313
2021-09;Região não Especificada;Desconhecido | Nacional;;621;220;
2021-10;Alentejo;Área dos CSP da ULS Litoral Alentejano;38.3841359,-8.5132031;14550;8974;79
2021-10;Alentejo;Área dos CSP da ULS Alentejo Central;38.8442031,-7.5826619;26315;31450;195
2021-10;Algarve;ACES Algarve I - Algarve Central;37.0274264,-7.9395984;33327;23500;356
2021-10;Centro;ACES Pinhal Interior Norte;40.1151262,-8.2473136;18273;20919;103
2021-10;Lisboa e Vale do Tejo;ACES Lisboa Ocidental e Oeiras;38.6914388,-9.3184304;23906;27225;260
2021-10;Norte;ACES Entre Douro e Vouga II - Aveiro Norte;40.8472225,-8.4656674;18163;20055;271
2021-10;Norte;ACES Grande Porto I - Santo Tirso / Trofa;41.3469246,-8.4822648;15980;20921;309
2021-10;Norte;Área dos CSP da ULS Barcelos / Esposende;41.5317419,-8.6178922;20814;28256;269
2021-10;Norte;ACES Tâmega II - Vale do Sousa Sul;41.1548155,-8.2163769;27834;33916;293
2021-10;Norte;ACES Douro II - Douro Sul;41.0953745,-7.8123805;11123;11310;320
2021-11;Alentejo;Área dos CSP da ULS Baixo Alentejo;38.0153039,-7.8627308;19517;20118;180
2021-11;Alentejo;Área dos CSP da ULS Alto Alentejo;39.2967086,-7.4284755;21931;16882;122
2021-11;Centro;ACES Pinhal Interior Sul;39.7510898,-7.9203657;4820;4936;2
2021-11;Centro;Área dos CSP da ULS Cova da Beira;40.2677741,-7.4995083;12332;15748;65
2021-11;Centro;ACES Beira Interior Sul;39.8211367,-7.5036651;10624;9049;63
2021-11;Centro;ACES Baixo Mondego;40.2150023,-8.4071805;56409;77256;514
2021-11;Lisboa e Vale do Tejo;Área dos CSP da ULS Arrábida;38.5324373,-8.8627453;36636;24748;197
2021-11;Lisboa e Vale do Tejo;Área dos CSP da ULS Lezíria;39.2371689,-8.6908895;34182;29321;222
2021-11;Lisboa e Vale do Tejo;ACES Lisboa Ocidental e Oeiras;38.6914388,-9.3184304;26937;32321;234
2021-11;Norte;ACES Grande Porto VI - Porto Oriental;41.1694498,-8.6126428;16010;24054;577
2021-11;Norte;Área dos CSP da ULS Barcelos / Esposende;41.5317419,-8.6178922;24436;30784;618
2021-11;Região não Especificada;Desconhecido | Nacional;;179;42;
2021-12;Alentejo;Área dos CSP da ULS Baixo Alentejo;38.0153039,-7.8627308;14873;19223;92
2021-12;Algarve;ACES Algarve II - Algarve Barlavento;37.1387554,-8.5445093;19899;14342;132
2021-12;Centro;ACES Pinhal Interior Norte;40.1151262,-8.2473136;17045;21295;71
2021-12;Lisboa e Vale do Tejo;ACES Oeste Sul;39.0917759,-9.2600341;18252;25442;61
2021-12;Lisboa e Vale do Tejo;ACES Amadora;38.7573081,-9.23429;19227;13601;47
2021-12;Lisboa e Vale do Tejo;ACES Oeste Norte;39.410844,-9.1396215;26882;22335;99
2021-12;Lisboa e Vale do Tejo;Área dos CSP da ULS Estuário do Tejo;38.9528113,-8.9911154;34916;21852;75
2021-12;Norte;ACES Grande Porto I - Santo Tirso / Trofa;41.3469246,-8.4822648;13183;21309;356
2021-12;Norte;ACES Douro II - Douro Sul;41.0953745,-7.8123805;9325;12450;160
2021-12;Norte;Área dos CSP da ULS Póvoa Varzim / Vila Conde;41.355519,-8.746653;16805;28714;263
2021-12;Norte;ACES Tâmega I - Baixo Tâmega;41.2719719,-8.0791631;23035;24051;286
2021-12;Norte;Área dos CSP da ULS Matosinhos;41.1918541,-8.6590693;24200;35546;331
2022-01;Alentejo;Área dos CSP da ULS Alentejo Central;38.8442031,-7.5826619;25296;39687;253
2022-01;Algarve;ACES Algarve III - Algarve Sotavento;37.383008,-7.7293275;9918;7350;84
2022-01;Centro;ACES Pinhal Interior Sul;39.7510898,-7.9203657;4458;6250;4
2022-01;Centro;Área dos CSP da ULS Cova da Beira;40.2677741,-7.4995083;10260;18017;37
2022-01;Lisboa e Vale do Tejo;Área dos CSP da ULS Lezíria;39.2371689,-8.6908895;28751;31814;183
2022-01;Lisboa e Vale do Tejo;Área dos CSP da ULS Estuário do Tejo;38.9528113,-8.9911154;34681;28078;65
2022-01;Lisboa e Vale do Tejo;ACES Cascais;38.69904,-9.3818008;19611;33908;135
2022-01;Norte;ACES Ave / Famalicão;41.3835805,-8.4157518;19301;26652;336
2022-01;Norte;ACES Tâmega II - Vale do Sousa Sul;41.1548155,-8.2163769;25577;40743;239
2022-01;Norte;ACES Grande Porto VIII - Espinho / Gaia;41.0022421,-8.642018;21477;41222;296
2022-01;Norte;Área dos CSP da ULS Alto Minho;41.7056054,-8.8252713;34556;78061;420
2022-01;Norte;ACES Grande Porto I - Santo Tirso / Trofa;41.3469246,-8.4822648;14504;26086;263
2022-01;Norte;ACES Tâmega I - Baixo Tâmega;41.2719719,-8.0791631;25321;30115;223
2022-01;Norte;ACES Entre Douro e Vouga II - Aveiro Norte;40.8472225,-8.4656674;17755;24202;192
2022-01;Norte;ACES Tâmega III - Vale do Sousa Norte;41.2793583,-8.2787457;21745;38987;208
2022-01;Norte;ACES Alto Trás-os-Montes - Alto Tâmega e Barroso;41.741781,-7.4731648;12412;15502;86
2022-01;Norte;ACES Grande Porto VII - Gaia;41.1278433,-8.580396;17975;36964;292
2022-01;Norte;ACES Grande Porto III - Maia / Valongo;41.2333945,-8.6187474;28851;50447;268
2022-01;Região não Especificada;Desconhecido | Nacional;;143;5;
2022-02;Alentejo;Área dos CSP da ULS Alentejo Central;38.8442031,-7.5826619;24856;27841;237
2022-02;Centro;Área dos CSP da ULS Cova da Beira;40.2677741,-7.4995083;10274;11996;49
2022-02;Centro;Área dos CSP da ULS Guarda;40.5353285,-7.2724426;20339;13884;61
2022-02;Lisboa e Vale do Tejo;ACES Cascais;38.69904,-9.3818008;21674;23449;138
2022-02;Lisboa e Vale do Tejo;ACES Sintra;38.7519209,-9.2753636;35402;29090;507
2022-02;Norte;ACES Tâmega I - Baixo Tâmega;41.2719719,-8.0791631;26260;21800;277
2022-02;Norte;ACES Grande Porto III - Maia / Valongo;41.2333945,-8.6187474;30146;35963;355
2022-02;Norte;ACES Entre Douro e Vouga I - Feira e Arouca;40.9263169,-8.5478813;20421;25920;336
2022-02;Norte;ACES Douro II - Douro Sul;41.0953745,-7.8123805;10681;8285;243
2022-02;Norte;ACES Douro I - Marão e Douro Norte;41.2968711,-7.7483727;13510;15191;127
2022-02;Norte;ACES Grande Porto V - Porto Ocidental;41.1741353,-8.6691662;25301;25712;348
2022-02;Norte;Área dos CSP da ULS Nordeste;41.8069684,-6.7587977;16951;14210;196
2022-02;Norte;ACES Alto Ave - Guimarães, Vizela e Terras de Basto;41.4417064,-8.1722408;42202;38292;499
2022-02;Região não Especificada;Desconhecido | Nacional;;569;188;
2022-02;Região não Especificada;Desconhecido | Nacional;;204;16;
2022-03;Alentejo;Área dos CSP da ULS Baixo Alentejo;38.0153039,-7.8627308;21795;18170;140
2022-03;Centro;Área dos CSP da ULS Cova da Beira;40.2677741,-7.4995083;12906;12214;53
2022-03;Lisboa e Vale do Tejo;ACES Oeste Sul;39.0917759,-9.2600341;22731;21915;116
2022-03;Norte;Área dos CSP da ULS Matosinhos;41.1918541,-8.6590693;28126;30373;365
2022-03;Norte;Área dos CSP da ULS Póvoa Varzim / Vila Conde;41.355519,-8.746653;25122;27627;317
2022-03;Norte;ACES Grande Porto VIII - Espinho / Gaia;41.0022421,-8.642018;30866;31475;450
2022-03;Norte;ACES Grande Porto III - Maia / Valongo;41.2333945,-8.6187474;37942;38680;400
2022-03;Região não Especificada;Desconhecido | Nacional;;617;281;
2022-04;Alentejo;Área dos CSP da ULS Litoral Alentejano;38.3841359,-8.5132031;12170;6404;130
2022-04;Lisboa e Vale do Tejo;ACES Amadora;38.7573081,-9.23429;19811;11020;73
2022-04;Lisboa e Vale do Tejo;Área dos CSP da ULS Arco Ribeirinho;38.6672076,-9.0543329;23816;15627;136
2022-04;Norte;ACES Grande Porto V - Porto Ocidental;41.1741353,-8.6691662;25806;23834;301
2022-04;Norte;ACES Grande Porto III - Maia / Valongo;41.2333945,-8.6187474;31543;31802;302
2022-04;Norte;ACES Grande Porto VII - Gaia;41.1278433,-8.580396;21125;23104;386
2022-04;Norte;Área dos CSP da ULS Alto Minho;41.7056054,-8.8252713;36550;41101;487
2022-04;Norte;ACES Entre Douro e Vouga I - Feira e Arouca;40.9263169,-8.5478813;21988;25363;283
2022-04;Região não Especificada;Desconhecido | Nacional;;282;21;
2022-05;Lisboa e Vale do Tejo;Área dos CSP da ULS Estuário do Tejo;38.9528113,-8.9911154;32251;19186;101
2022-05;Norte;ACES Entre Douro e Vouga II - Aveiro Norte;40.8472225,-8.4656674;22498;18386;363
2022-05;Norte;ACES Grande Porto VIII - Espinho / Gaia;41.0022421,-8.642018;29612;32253;446
2022-05;Norte;ACES Douro II - Douro Sul;41.0953745,-7.8123805;13148;8847;297
2022-06;Centro;ACES Beira Interior Sul;39.8211367,-7.5036651;10231;7414;48
2022-06;Centro;ACES Baixo Mondego;40.2150023,-8.4071805;51300;63379;510
2022-06;Lisboa e Vale do Tejo;Área dos CSP da ULS Arrábida;38.5324373,-8.8627453;33060;20484;245
2022-06;Lisboa e Vale do Tejo;Área dos CSP da ULS Lezíria;39.2371689,-8.6908895;30599;22629;204
2022-06;Lisboa e Vale do Tejo;ACES Loures / Odivelas;38.8012718,-9.1137868;38162;31310;364
2022-06;Norte;Área dos CSP da ULS Póvoa Varzim / Vila Conde;41.355519,-8.746653;20409;24673;389
2022-06;Norte;ACES Tâmega III - Vale do Sousa Norte;41.2793583,-8.2787457;25375;27818;299
2022-06;Norte;ACES Alto Trás-os-Montes - Alto Tâmega e Barroso;41.741781,-7.4731648;13558;10334;177
2022-06;Norte;Área dos CSP da ULS Barcelos / Esposende;41.5317419,-8.6178922;25389;24871;341
2022-06;Norte;ACES Grande Porto VII - Gaia;41.1278433,-8.580396;21210;23808;375
2022-06;Norte;ACES Cávado I - Braga;41.5518714,-8.4126362;28429;25795;434
2022-07;Alentejo;Área dos CSP da ULS Litoral Alentejano;38.3841359,-8.5132031;14461;7507;65
2022-07;Algarve;ACES Algarve III - Algarve Sotavento;37.383008,-7.7293275;10143;6207;93
2022-07;Algarve;ACES Algarve I - Algarve Central;37.0274264,-7.9395984;34541;19795;306
2022-07;Algarve;ACES Algarve II - Algarve Barlavento;37.1387554,-8.5445093;23573;11087;121
2022-07;Centro;Área dos CSP da ULS Cova da Beira;40.2677741,-7.4995083;10793;10984;49
2022-07;Centro;ACES Pinhal Interior Sul;39.7510898,-7.9203657;3524;4081;8
2022-07;Centro;ACES Pinhal Litoral;39.7495331,-8.807683;34374;34325;250
2022-07;Lisboa e Vale do Tejo;Área dos CSP da ULS Arco Ribeirinho;38.6672076,-9.0543329;26565;18146;141
2022-07;Lisboa e Vale do Tejo;Área dos CSP da ULS Arrábida;38.5324373,-8.8627453;31996;18929;195
2022-07;Lisboa e Vale do Tejo;ACES Lisboa Ocidental e Oeiras;38.6914388,-9.3184304;24191;21057;302
2022-07;Lisboa e Vale do Tejo;ACES Oeste Norte;39.410844,-9.1396215;26452;20231;127
2022-07;Lisboa e Vale do Tejo;Área dos CSP da ULS Estuário do Tejo;38.9528113,-8.9911154;24322;17145;120
2022-07;Lisboa e Vale do Tejo;ACES Amadora;38.7573081,-9.23429;21818;11608;57
2022-07;Norte;Área dos CSP da ULS Barcelos / Esposende;41.5317419,-8.6178922;24618;24478;240
2022-07;Norte;Área dos CSP da ULS Alto Minho;41.7056054,-8.8252713;38258;40257;445
2022-08;Alentejo;Área dos CSP da ULS Alto Alentejo;39.2967086,-7.4284755;20159;13945;87
2022-08;Centro;ACES Beira Interior Sul;39.8211367,-7.5036651;9577;7604;50
2022-08;Centro;Área dos CSP da ULS Cova da Beira;40.2677741,-7.4995083;10283;10495;46
2022-08;Centro;ACES Pinhal Litoral;39.7495331,-8.807683;34851;35306;228
2022-08;Lisboa e Vale do Tejo;ACES Oeste Norte;39.410844,-9.1396215;28025;21400;98
2022-08;Lisboa e Vale do Tejo;ACES Oeste Sul;39.0917759,-9.2600341;19557;19157;118
2022-08;Lisboa e Vale do Tejo;ACES Sintra;38.7519209,-9.2753636;39155;27763;150
2022-08;Norte;ACES Grande Porto VII - Gaia;41.1278433,-8.580396;22915;24722;397
2022-08;Norte;ACES Grande Porto I - Santo Tirso / Trofa;41.3469246,-8.4822648;17753;17574;245
2022-08;Norte;ACES Alto Trás-os-Montes - Alto Tâmega e Barroso;41.741781,-7.4731648;13150;9814;108
2022-08;Norte;ACES Tâmega III - Vale do Sousa Norte;41.2793583,-8.2787457;25848;27795;277
2022-08;Norte;ACES Tâmega II - Vale do Sousa Sul;41.1548155,-8.2163769;28733;27875;253
2022-09;Alentejo;Área dos CSP da ULS Alto Alentejo;39.2967086,-7.4284755;22364;15192;111
2022-09;Algarve;ACES Algarve III - Algarve Sotavento;37.383008,-7.7293275;9960;6869;98
2022-09;Lisboa e Vale do Tejo;ACES Lisboa Norte;38.7396924,-9.168506;29656;19463;237
2022-09;Lisboa e Vale do Tejo;ACES Lisboa Ocidental e Oeiras;38.6914388,-9.3184304;25539;22019;270
2022-09;Lisboa e Vale do Tejo;Área dos CSP da ULS Arco Ribeirinho;38.6672076,-9.0543329;27089;18129;165
2022-09;Norte;ACES Alto Ave - Guimarães, Vizela e Terras de Basto;41.4417064,-8.1722408;48038;42184;565
2022-09;Norte;ACES Grande Porto VIII - Espinho / Gaia;41.0022421,-8.642018;27163;30510;390
2022-09;Norte;Área dos CSP da ULS Barcelos / Esposende;41.5317419,-8.6178922;26018;28382;286
2022-10;Alentejo;Área dos CSP da ULS Alto Alentejo;39.2967086,-7.4284755;22709;15340;91
2022-10;Algarve;ACES Algarve I - Algarve Central;37.0274264,-7.9395984;36896;23094;375
2022-10;Centro;ACES Pinhal Interior Norte;40.1151262,-8.2473136;19964;20393;171
2022-10;Centro;ACES Beira Interior Sul;39.8211367,-7.5036651;11029;8153;27
2022-10;Lisboa e Vale do Tejo;ACES Cascais;38.69904,-9.3818008;26041;24368;256
2022-10;Lisboa e Vale do Tejo;Área dos CSP da ULS Estuário do Tejo;38.9528113,-8.9911154;26571;18516;88
2022-10;Norte;Área dos CSP da ULS Alto Minho;41.7056054,-8.8252713;42969;46970;710
2022-10;Norte;ACES Entre Douro e Vouga I - Feira e Arouca;40.9263169,-8.5478813;24493;27224;425
2022-10;Norte;Área dos CSP da ULS Matosinhos;41.1918541,-8.6590693;26156;31086;415
2022-10;Norte;ACES Alto Trás-os-Montes - Alto Tâmega e Barroso;41.741781,-7.4731648;15029;11080;144
2022-10;Norte;ACES Grande Porto VII - Gaia;41.1278433,-8.580396;24343;26464;418
2022-10;Norte;ACES Tâmega II - Vale do Sousa Sul;41.1548155,-8.2163769;31092;29995;398
2022-10;Norte;ACES Cávado I - Braga;41.5518714,-8.4126362;31147;28436;498
2022-10;Norte;Área dos CSP da ULS Barcelos / Esposende;41.5317419,-8.6178922;24075;27107;287
2022-10;Região não Especificada;Desconhecido | Nacional;;324;7;
2022-11;Centro;Área dos CSP da ULS Cova da Beira;40.2677741,-7.4995083;12723;12072;41
2022-11;Lisboa e Vale do Tejo;ACES Médio Tejo;39.478072,-8.5404429;37763;28451;209
2022-11;Lisboa e Vale do Tejo;Área dos CSP da ULS Arrábida;38.5324373,-8.8627453;37684;22479;216
2022-11;Norte;ACES Entre Douro e Vouga I - Feira e Arouca;40.9263169,-8.5478813;25856;28265;400
2022-11;Norte;ACES Grande Porto III - Maia / Valongo;41.2333945,-8.6187474;38144;38011;602
2022-11;Norte;ACES Douro I - Marão e Douro Norte;41.2968711,-7.7483727;17235;17697;262
2022-11;Norte;ACES Cávado II - Gerês / Cabreira;41.6298661,-8.3596897;18672;20750;430
2022-12;Alentejo;Área dos CSP da ULS Alto Alentejo;39.2967086,-7.4284755;21392;13425;86
2022-12;Centro;Área dos CSP da ULS Cova da Beira;40.2677741,-7.4995083;9831;9653;30
2022-12;Lisboa e Vale do Tejo;ACES Médio Tejo;39.478072,-8.5404429;29392;21042;201
2022-12;Norte;ACES Tâmega III - Vale do Sousa Norte;41.2793583,-8.2787457;23928;24757;281
2022-12;Região não Especificada;Desconhecido | Nacional;;478;283;
2023-01;Algarve;ACES Algarve I - Algarve Central;37.0274264,-7.9395984;41129;24670;370
2023-01;Centro;ACES Baixo Mondego;40.2150023,-8.4071805;62447;69103;539
2023-01;Centro;ACES Pinhal Interior Norte;40.1151262,-8.2473136;22280;22342;176
2023-01;Lisboa e Vale do Tejo;ACES Lisboa Ocidental e Oeiras;38.6914388,-9.3184304;31257;23420;374
2023-01;Lisboa e Vale do Tejo;ACES Loures / Odivelas;38.8012718,-9.1137868;44153;33231;470
2023-01;Lisboa e Vale do Tejo;ACES Lisboa Norte;38.7396924,-9.168506;32369;20125;253
2023-01;Norte;ACES Grande Porto V - Porto Ocidental;41.1741353,-8.6691662;32762;27957;392
2023-01;Norte;ACES Alto Trás-os-Montes - Alto Tâmega e Barroso;41.741781,-7.4731648;16709;11388;158
2023-01;Norte;ACES Entre Douro e Vouga I - Feira e Arouca;40.9263169,-8.5478813;25322;26945;324
2023-01;Norte;ACES Tâmega II - Vale do Sousa Sul;41.1548155,-8.2163769;35457;30753;360
2023-02;Centro;ACES Pinhal Litoral;39.7495331,-8.807683;34737;33250;217
2023-02;Centro;ACES Pinhal Interior Sul;39.7510898,-7.9203657;4339;3930;13
2023-02;Lisboa e Vale do Tejo;Área dos CSP da ULS Almada / Seixal;38.6678522,-9.1875777;49501;34297;400
2023-02;Lisboa e Vale do Tejo;ACES Loures / Odivelas;38.8012718,-9.1137868;40139;25654;409
2023-02;Lisboa e Vale do Tejo;ACES Sintra;38.7519209,-9.2753636;40657;28057;201
2023-02;Norte;ACES Grande Porto VII - Gaia;41.1278433,-8.580396;22694;22784;387
2023-02;Norte;Área dos CSP da ULS Alto Minho;41.7056054,-8.8252713;41398;40163;572
2023-02;Norte;ACES Entre Douro e Vouga II - Aveiro Norte;40.8472225,-8.4656674;21267;15251;237
2023-03;Alentejo;Área dos CSP da ULS Alto Alentejo;39.2991,-7.4278;26070;16148;117
2023-03;Centro;ACES Baixo Mondego;40.21578,-8.41058;60045;67381;574
2023-03;Lisboa e Vale do Tejo;Área dos CSP da ULS Estuário do Tejo;38.891077,-9.039536;31212;19263;206
2023-03;Lisboa e Vale do Tejo;Área dos CSP da ULS Almada / Seixal;38.6276044797217,-9.11368350111247;55425;40528;441
2023-03;Lisboa e Vale do Tejo;ACES Lisboa Norte;38.739567,-9.168651;32814;20438;258
2023-03;Norte;Área dos CSP da ULS Nordeste;41.806816,-6.759102;21372;15143;337
2023-03;Norte;Área dos CSP da ULS Matosinhos;41.1807,-8.66314;29862;31342;443
2023-03;Norte;ACES Grande Porto III - Maia / Valongo;41.233597309,-8.6166174889;38702;38016;413
2023-03;Norte;ACES Ave / Famalicão;41.383524892,-8.4155289584;21808;20744;264
2023-03;Norte;ACES Tâmega I - Baixo Tâmega;41.271319448,-8.0787110652;29695;23035;273
2023-03;Norte;ACES Douro I - Marão e Douro Norte;41.2969,-7.74841;17217;16941;319
2023-03;Norte;Área dos CSP da ULS Póvoa Varzim / Vila Conde;41.355472362,-8.7448970377;25868;27465;407
2023-04;Alentejo;Área dos CSP da ULS Litoral Alentejano;38.039936,-8.731693;13165;6982;81
2023-04;Lisboa e Vale do Tejo;ACES Lisboa Central;38.7365023,-9.1313583;28090;20366;246
2023-04;Lisboa e Vale do Tejo;Área dos CSP da ULS Estuário do Tejo;38.891077,-9.039536;24088;16305;119
2023-04;Lisboa e Vale do Tejo;Área dos CSP da ULS Almada / Seixal;38.6276044797217,-9.11368350111247;46054;31722;307
2023-04;Lisboa e Vale do Tejo;ACES Loures / Odivelas;38.797701,-9.115877;38101;24384;349
2023-04;Norte;ACES Entre Douro e Vouga I - Feira e Arouca;40.926349,-8.548039;22459;21481;276
2023-04;Norte;ACES Grande Porto II - Gondomar;41.174369643,-8.5608546544;24440;29766;263
2023-04;Norte;ACES Entre Douro e Vouga II - Aveiro Norte;40.847818652,-8.4649314477;19136;14637;234
2023-04;Norte;ACES Alto Trás-os-Montes - Alto Tâmega e Barroso;41.7543,-7.47959;14507;9657;120
2023-04;Norte;ACES Tâmega III - Vale do Sousa Norte;41.280299,-8.278129;24323;24850;284
2023-05;Algarve;ACES Algarve I - Algarve Central;37.02745056,-7.937649;40219;24845;327
2023-05;Centro;ACES Beira Interior Sul;39.831269,-7.486884;11912;8475;38
2023-05;Centro;Área dos CSP da ULS Viseu Dão-Lafões;40.659169,-7.915314;51656;37412;503
2023-05;Centro;ACES Pinhal Interior Norte;40.111927,-8.246515;22074;22764;173
2023-05;Lisboa e Vale do Tejo;Área dos CSP da ULS Arco Ribeirinho;38.669538907,-9.0530283486;32555;20944;216
2023-05;Lisboa e Vale do Tejo;ACES Lisboa Central;38.7365023,-9.1313583;36742;26433;331
2023-05;Lisboa e Vale do Tejo;Área dos CSP da ULS Lezíria;39.237167,-8.688705;38400;23975;229
2023-05;Lisboa e Vale do Tejo;ACES Loures / Odivelas;38.797701,-9.115877;47094;33249;399
2023-05;Norte;Área dos CSP da ULS Barcelos / Esposende;41.533628173,-8.6240622256;28468;27160;350
2023-05;Norte;ACES Douro I - Marão e Douro Norte;41.2969,-7.74841;17430;18072;310
2023-05;Norte;ACES Grande Porto VIII - Espinho / Gaia;41.002755547,-8.6377298499;28212;31093;355
2023-05;Norte;ACES Entre Douro e Vouga I - Feira e Arouca;40.926349,-8.548039;27914;27639;386
2023-05;Norte;ACES Ave / Famalicão;41.383524892,-8.4155289584;22127;21535;294
2023-05;Norte;ACES Tâmega I - Baixo Tâmega;41.271319448,-8.0787110652;31601;24375;365
2023-06;Alentejo;Área dos CSP da ULS Litoral Alentejano;38.3841359,-8.5132031;13589;7939;68
2023-06;Centro;ACES Pinhal Litoral;39.7495331,-8.807683;32536;34558;294
2023-06;Centro;Área dos CSP da ULS Região de Aveiro;40.6405055,-8.6537539;56666;51443;595
2023-06;Centro;ACES Beira Interior Sul;39.8211367,-7.5036651;10395;7154;20
2023-06;Centro;ACES Pinhal Interior Sul;39.7510898,-7.9203657;4103;4103;7
2023-06;Lisboa e Vale do Tejo;Área dos CSP da ULS Arco Ribeirinho;38.6672076,-9.0543329;28248;18537;161
2023-06;Lisboa e Vale do Tejo;Área dos CSP da ULS Lezíria;39.2371689,-8.6908895;32455;21429;254
2023-06;Lisboa e Vale do Tejo;ACES Oeste Norte;39.410844,-9.1396215;26558;20531;179
2023-06;Lisboa e Vale do Tejo;Área dos CSP da ULS Almada / Seixal;38.6678522,-9.1875777;48932;35364;393
2023-06;Lisboa e Vale do Tejo;ACES Lisboa Ocidental e Oeiras;38.6914388,-9.3184304;27445;22633;372
2023-06;Norte;Área dos CSP da ULS Alto Minho;41.7056054,-8.8252713;41928;41406;693
2023-06;Norte;ACES Alto Ave - Guimarães, Vizela e Terras de Basto;41.4417064,-8.1722408;47334;37842;575
2023-06;Norte;ACES Douro II - Douro Sul;41.0953745,-7.8123805;12099;7779;216
2023-06;Norte;ACES Tâmega II - Vale do Sousa Sul;41.1548155,-8.2163769;31188;26848;395
2023-07;Algarve;ACES Algarve I - Algarve Central;37.02745056,-7.937649;34947;21415;247
2023-07;Centro;ACES Pinhal Interior Sul;39.751436,-7.925101;3686;4114;7
2023-07;Centro;Área dos CSP da ULS Guarda;40.5314,-7.27322;21338;12516;130
2023-07;Lisboa e Vale do Tejo;ACES Oeste Norte;39.411452329,-9.1394549604;25964;20231;184
2023-07;Lisboa e Vale do Tejo;Área dos CSP da ULS Arco Ribeirinho;38.669538907,-9.0530283486;25673;17239;137
2023-07;Lisboa e Vale do Tejo;ACES Loures / Odivelas;38.797701,-9.115877;36311;27043;303
2023-07;Norte;ACES Douro I - Marão e Douro Norte;41.2969,-7.74841;12810;13751;191
2023-07;Norte;ACES Alto Ave - Guimarães, Vizela e Terras de Basto;41.426805082,-8.2945278754;42237;37107;442
2023-07;Norte;ACES Grande Porto VIII - Espinho / Gaia;41.002755547,-8.6377298499;22558;25846;277
2023-07;Norte;ACES Tâmega III - Vale do Sousa Norte;41.280299,-8.278129;22337;25602;217
2023-07;Norte;Área dos CSP da ULS Barcelos / Esposende;41.533628173,-8.6240622256;23789;23230;252
2023-07;Norte;ACES Entre Douro e Vouga I - Feira e Arouca;40.926349,-8.548039;22881;23845;230
2023-07;Norte;ACES Cávado II - Gerês / Cabreira;41.629758698,-8.3591461276;14888;17611;192
2023-08;Alentejo;Área dos CSP da ULS Alto Alentejo;39.2991,-7.4278;17949;13746;70
2023-08;Alentejo;Área dos CSP da ULS Alentejo Central;38.574093,-7.911785;26149;24094;207
2023-08;Lisboa e Vale do Tejo;Área dos CSP da ULS Estuário do Tejo;38.891077,-9.039536;24563;18020;114
2023-08;Lisboa e Vale do Tejo;Área dos CSP da ULS Arco Ribeirinho;38.669538907,-9.0530283486;26032;18244;137
2023-08;Lisboa e Vale do Tejo;ACES Lisboa Ocidental e Oeiras;38.69329057,-9.3178385229;24602;20126;262
2023-08;Lisboa e Vale do Tejo;ACES Oeste Norte;39.411452329,-9.1394549604;26927;20951;161
2023-08;Norte;ACES Entre Douro e Vouga II - Aveiro Norte;40.847818652,-8.4649314477;19540;15733;200
2023-08;Norte;ACES Cávado I - Braga;41.547059616,-8.4278529356;29486;26897;418
2023-08;Norte;ACES Tâmega I - Baixo Tâmega;41.271319448,-8.0787110652;25806;21533;196
2023-08;Norte;ACES Grande Porto II - Gondomar;41.174369643,-8.5608546544;24147;32185;327
2023-08;Norte;ACES Grande Porto III - Maia / Valongo;41.233597309,-8.6166174889;31291;34958;378
2023-09;Alentejo;Área dos CSP da ULS Alto Alentejo;39.2991,-7.4278;20099;14651;115
2023-09;Alentejo;Área dos CSP da ULS Baixo Alentejo;38.014,-7.8675;21229;15598;115
2023-09;Algarve;ACES Algarve III - Algarve Sotavento;37.115865018,-7.6506054852;8957;6830;105
2023-09;Lisboa e Vale do Tejo;ACES Oeste Sul;39.079532265,-9.2569721248;26314;17131;119
2023-09;Lisboa e Vale do Tejo;Área dos CSP da ULS Arco Ribeirinho;38.669538907,-9.0530283486;26308;18017;155
2023-09;Lisboa e Vale do Tejo;ACES Lisboa Central;38.7365023,-9.1313583;30701;22423;323
2023-09;Lisboa e Vale do Tejo;ACES Cascais;38.698818794,-9.3815130504;21762;22944;250
2023-09;Norte;ACES Ave / Famalicão;41.383524892,-8.4155289584;19079;19154;286
2023-09;Norte;ACES Alto Trás-os-Montes - Alto Tâmega e Barroso;41.7543,-7.47959;14947;10773;148
2023-09;Norte;ACES Grande Porto II - Gondomar;41.174369643,-8.5608546544;25977;33175;300
2023-09;Norte;ACES Entre Douro e Vouga II - Aveiro Norte;40.847818652,-8.4649314477;21075;16977;272
2023-10;Alentejo;Área dos CSP da ULS Alentejo Central;38.574093,-7.911785;34314;25813;288
2023-10;Algarve;ACES Algarve I - Algarve Central;37.02745056,-7.937649;35262;23513;247
2023-10;Algarve;ACES Algarve III - Algarve Sotavento;37.115865018,-7.6506054852;9256;7292;111
2023-10;Centro;Área dos CSP da ULS Região de Aveiro;40.6418,-8.65166;58111;51548;640
2023-10;Centro;ACES Pinhal Litoral;39.7464482,-8.8044873;30676;36342;340
2023-10;Centro;Área dos CSP da ULS Viseu Dão-Lafões;40.659169,-7.915314;45718;35624;553
2023-10;Lisboa e Vale do Tejo;ACES Lisboa Norte;38.739567,-9.168651;29263;20017;247
2023-10;Lisboa e Vale do Tejo;ACES Lisboa Central;38.7365023,-9.1313583;31807;24687;324
2023-10;Lisboa e Vale do Tejo;Área dos CSP da ULS Almada / Seixal;38.6276044797217,-9.11368350111247;48309;38675;366
2023-10;Norte;ACES Grande Porto II - Gondomar;41.174369643,-8.5608546544;25121;34198;414
2023-10;Norte;ACES Tâmega II - Vale do Sousa Sul;41.206266147,-8.2725028602;28785;28350;303
2023-10;Norte;Área dos CSP da ULS Alto Minho;41.696866,-8.832522;41964;44828;603
2023-11;Alentejo;Área dos CSP da ULS Alto Alentejo;39.2991,-7.4278;22830;14864;121
2023-11;Alentejo;Área dos CSP da ULS Litoral Alentejano;38.039936,-8.731693;14393;8534;61
2023-11;Centro;Área dos CSP da ULS Guarda;40.5314,-7.27322;22600;14391;137
2023-11;Centro;ACES Pinhal Litoral;39.7464482,-8.8044873;32445;36384;313
2023-11;Lisboa e Vale do Tejo;Área dos CSP da ULS Almada / Seixal;38.6276044797217,-9.11368350111247;51895;38862;405
2023-11;Lisboa e Vale do Tejo;Área dos CSP da ULS Estuário do Tejo;38.891077,-9.039536;28184;18510;123
2023-11;Lisboa e Vale do Tejo;ACES Oeste Sul;39.079532265,-9.2569721248;28035;19092;144
2023-11;Norte;ACES Tâmega II - Vale do Sousa Sul;41.206266147,-8.2725028602;30412;28582;431
2023-11;Norte;ACES Douro I - Marão e Douro Norte;41.2969,-7.74841;17168;16630;300
2023-11;Norte;Área dos CSP da ULS Matosinhos;41.1807,-8.66314;28231;28943;418
2023-11;Norte;ACES Grande Porto VIII - Espinho / Gaia;41.002755547,-8.6377298499;28751;30738;414
2023-12;Algarve;ACES Algarve I - Algarve Central;37.02745056,-7.937649;29690;18756;268
2023-12;Centro;ACES Baixo Mondego;40.21578,-8.41058;43493;49927;479
2023-12;Lisboa e Vale do Tejo;ACES Lisboa Ocidental e Oeiras;38.69329057,-9.3178385229;24404;20557;287
2023-12;Norte;ACES Alto Trás-os-Montes - Alto Tâmega e Barroso;41.7543,-7.47959;13120;8233;151
2023-12;Norte;ACES Douro II - Douro Sul;41.0828,-7.79611;11246;6800;227
2023-12;Norte;ACES Grande Porto VIII - Espinho / Gaia;41.002755547,-8.6377298499;22308;24125;381
2023-12;Norte;ACES Cávado II - Gerês / Cabreira;41.629758698,-8.3591461276;14276;15753;236
2023-12;Norte;ACES Entre Douro e Vouga II - Aveiro Norte;40.847818652,-8.4649314477;16531;15840;280
2023-12;Norte;ACES Grande Porto III - Maia / Valongo;41.233597309,-8.6166174889;28509;28497;331
2023-12;Norte;Área dos CSP da ULS Póvoa Varzim / Vila Conde;41.355472362,-8.7448970377;18376;21934;377
2023-12;Norte;ACES Grande Porto II - Gondomar;41.174369643,-8.5608546544;22619;27298;252
2024-01;Centro;Área dos CSP da ULS Viseu Dão-Lafões;40.659169,-7.915314;53935;37694;554
2024-01;Lisboa e Vale do Tejo;Área dos CSP da ULS Arco Ribeirinho;38.669538907,-9.0530283486;31248;20061;202
2024-01;Lisboa e Vale do Tejo;Área dos CSP da ULS Amadora / Sintra;38.75717,-9.23401;72975;47421;359
2024-01;Lisboa e Vale do Tejo;Área dos CSP da ULS Arrábida;38.531,-8.8874;38044;22679;273
2024-01;Norte;Área dos CSP da ULS Matosinhos;41.1807,-8.66314;30750;31798;391
2024-01;Norte;Área dos CSP da ULS Braga;41.629758698,-8.3591461276;57236;53567;921
2024-01;Norte;Área dos CSP da ULS Entre Douro e Vouga;40.926349,-8.548039;52272;47482;739
2024-02;Centro;Área dos CSP da ULS Coimbra;40.21578,-8.41058;63457;62795;613
2024-02;Centro;Área dos CSP da ULS Cova da Beira;40.279552,-7.501801;14121;10106;24
2024-02;Lisboa e Vale do Tejo;Área dos CSP da ULS Arrábida;38.531,-8.8874;35885;18968;281
2024-02;Lisboa e Vale do Tejo;Área dos CSP da ULS Médio Tejo;39.605565,-8.404399;28348;20063;180
2024-02;Norte;Área dos CSP da ULS Braga;41.629758698,-8.3591461276;53822;46460;892
2024-02;Norte;Área dos CSP da ULS Trás-os-Montes Alto Douro;41.2969,-7.74841;48179;32256;924
2024-02;Norte;Área dos CSP da ULS Nordeste;41.806816,-6.759102;23474;12373;289
2024-02;Norte;Área dos CSP da ULS Barcelos / Esposende;41.533628173,-8.6240622256;30067;23557;445
2024-03;Centro;Área dos CSP da ULS Coimbra;40.21578,-8.41058;63677;59348;582
2024-03;Centro;Área dos CSP da ULS Região de Leiria;39.7418,-8.79444;55874;44777;399
2024-03;Centro;Área dos CSP da ULS Viseu Dão-Lafões;40.659169,-7.915314;46236;31144;478
2024-03;Centro;Área dos CSP da ULS Guarda;40.5314,-7.27322;27205;12523;190
2024-03;Centro;Área dos CSP da ULS Castelo Branco;39.831269,-7.486884;21726;9455;56
2024-03;Lisboa e Vale do Tejo;Área dos CSP da ULS Médio Tejo;39.605565,-8.404399;27892;19169;162
2024-03;Norte;Área dos CSP da ULS Trás-os-Montes Alto Douro;41.2969,-7.74841;47778;29985;936
2024-03;Norte;Área dos CSP da ULS Barcelos / Esposende;41.533628173,-8.6240622256;28318;22024;398
2024-03;Norte;Área dos CSP da ULS Póvoa Varzim / Vila Conde;41.355472362,-8.7448970377;23016;24416;377
2024-03;Norte;Área dos CSP da ULS São João;41.169696,-8.612651;59891;51634;801
2024-04;Lisboa e Vale do Tejo;Área dos CSP da ULS Lezíria;39.232503,-8.715083;35605;21041;261
2024-04;Lisboa e Vale do Tejo;Área dos CSP da ULS Estuário do Tejo;38.891077,-9.039536;30266;18254;109
2024-04;Lisboa e Vale do Tejo;Área dos CSP da ULS Santa Maria;38.739567,-9.168651;44396;24578;303
2024-04;Norte;Área dos CSP da ULS Alto Minho;41.696866,-8.832522;49482;41205;695
2024-04;Norte;Área dos CSP da ULS Trás-os-Montes Alto Douro;41.2969,-7.74841;49995;33394;956
2024-04;Norte;Área dos CSP da ULS Entre Douro e Vouga;40.926349,-8.548039;50972;42206;779
2024-04;Norte;Área dos CSP da ULS Póvoa Varzim / Vila Conde;41.355472362,-8.7448970377;24787;27949;428
2024-04;Norte;Área dos CSP da ULS Nordeste;41.806816,-6.759102;24605;13131;306
2024-04;Norte;Área dos CSP da ULS Médio Ave;41.346844614,-8.482973945;41143;37595;645
2024-05;Norte;Área dos CSP da ULS Matosinhos;41.1807,-8.66314;27782;28161;434
2024-05;Norte;Área dos CSP da ULS São João;41.169696,-8.612651;61228;57425;878
2024-05;Norte;Área dos CSP da ULS Barcelos / Esposende;41.533628173,-8.6240622256;28838;23772;411
2024-05;Norte;Área dos CSP da ULS Médio Ave;41.346844614,-8.482973945;42149;38272;723
2024-05;Norte;Área dos CSP da ULS Alto Ave;41.426805082,-8.2945278754;55721;42090;686
2024-06;Lisboa e Vale do Tejo;Área dos CSP da ULS Lezíria;39.232503,-8.715083;31727;18698;229
2024-06;Lisboa e Vale do Tejo;Área dos CSP da ULS Oeste;39.411452329,-9.1394549604;27806;21107;182
2024-06;Norte;Área dos CSP da ULS Médio Ave;41.346844614,-8.482973945;33376;32963;642
2024-06;Norte;Área dos CSP da ULS Alto Ave;41.426805082,-8.2945278754;47548;37062;625
2024-06;Norte;Área dos CSP da ULS São João;41.169696,-8.612651;50550;49520;808
2024-06;Norte;Área dos CSP da ULS Gaia / Espinho;41.127363348,-8.5796956622;51074;46736;881
2024-07;Centro;Área dos CSP da ULS Baixo Mondego;40.130297609,-8.860696177;16533;18833;219
2024-07;Centro;Área dos CSP da ULS Guarda;40.5314,-7.27322;27427;12572;199
2024-07;Norte;Área dos CSP da ULS Tâmega e Sousa;41.206266147,-8.2725028602;86474;73465;980
2024-07;Norte;Área dos CSP da ULS Alto Ave;41.426805082,-8.2945278754;54097;42234;715
2024-07;Norte;Área dos CSP da ULS Alto Minho;41.696866,-8.832522;46814;40517;580
2024-08;Algarve;Área dos CSP da ULS Algarve;37.02745056,-7.937649;67032;38551;651
2024-08;Centro;Área dos CSP da ULS Baixo Mondego;40.130297609,-8.860696177;14444;17639;197
2024-08;Centro;Área dos CSP da ULS Viseu Dão-Lafões;40.659169,-7.915314;43356;30646;508
2024-08;Centro;Área dos CSP da ULS Coimbra;40.21578,-8.41058;51432;54062;521
2024-08;Lisboa e Vale do Tejo;Área dos CSP da ULS São José;38.7365023,-9.1313583;39625;30493;388
2024-08;Lisboa e Vale do Tejo;Área dos CSP da ULS Arco Ribeirinho;38.6527214050293,-9.05825614929199;25452;18022;170
2024-08;Lisboa e Vale do Tejo;Área dos CSP da ULS Loures / Odivelas;38.821769,-9.176301;22314;16958;341
2024-08;Norte;Área dos CSP da ULS Médio Ave;41.346844614,-8.482973945;30786;32058;454
2024-08;Norte;Área dos CSP da ULS Póvoa Varzim / Vila Conde;41.355472362,-8.7448970377;18760;23251;354
2024-09;Alentejo;Área dos CSP da ULS Litoral Alentejano;38.039936,-8.731693;13716;7524;90
2024-09;Alentejo;Área dos CSP da ULS Baixo Alentejo;38.014,-7.8675;19554;14216;125
2024-09;Centro;Área dos CSP da ULS Baixo Mondego;40.130297609,-8.860696177;15254;18694;177
2024-09;Centro;Área dos CSP da ULS Guarda;40.5314,-7.27322;25404;12715;242
2024-09;Lisboa e Vale do Tejo;Área dos CSP da ULS Lezíria;39.232503,-8.715083;31231;18638;218
2024-09;Lisboa e Vale do Tejo;Área dos CSP da ULS Loures / Odivelas;38.821769,-9.176301;23858;18212;313
2024-09;Norte;Área dos CSP da ULS Médio Ave;41.346844614,-8.482973945;34912;36840;622
2024-09;Norte;Área dos CSP da ULS Alto Minho;41.696866,-8.832522;41231;37519;546
2024-09;Norte;Área dos CSP da ULS Matosinhos;41.1807,-8.66314;25415;26987;342
2024-09;Norte;Área dos CSP da ULS Nordeste;41.806816,-6.759102;19980;12564;158
2024-09;Norte;Área dos CSP da ULS Santo António;41.160263,-8.681729;53653;58584;759
2024-09;Norte;Área dos CSP da ULS São João;41.169696,-8.612651;51352;54827;733
2024-10;Centro;Área dos CSP da ULS Viseu Dão-Lafões;40.659169,-7.915314;53410;38578;846
2024-10;Lisboa e Vale do Tejo;Área dos CSP da ULS Almada / Seixal;38.6276044797217,-9.11368350111247;50542;40106;522
2024-10;Lisboa e Vale do Tejo;Área dos CSP da ULS Estuário do Tejo;38.891077,-9.039536;31640;20530;146
2024-10;Lisboa e Vale do Tejo;Área dos CSP da ULS Médio Tejo;39.605565,-8.404399;29330;21808;170
2024-10;Norte;Área dos CSP da ULS Póvoa Varzim / Vila Conde;41.355472362,-8.7448970377;24884;28842;503
2024-10;Norte;Área dos CSP da ULS Braga;41.629758698,-8.3591461276;56893;54215;1056
2024-10;Norte;Área dos CSP da ULS Barcelos / Esposende;41.533628173,-8.6240622256;30107;26576;496
2024-10;Norte;Área dos CSP da ULS Tâmega e Sousa;41.206266147,-8.2725028602;92528;83791;1308
2024-10;Norte;Área dos CSP da ULS Gaia / Espinho;41.127363348,-8.5796956622;63512;61212;1163
2024-11;Alentejo;Área dos CSP da ULS Baixo Alentejo;38.014,-7.8675;21300;14246;130
2024-11;Algarve;Área dos CSP da ULS Algarve;37.02745056,-7.937649;72645;42031;837
2024-11;Centro;Área dos CSP da ULS Região de Aveiro;;54384;41139;927
2024-11;Centro;Área dos CSP da ULS Castelo Branco;39.831269,-7.486884;21820;10971;103
2024-11;Centro;Área dos CSP da ULS Baixo Mondego;40.130297609,-8.860696177;16591;18727;289
2024-11;Lisboa e Vale do Tejo;Área dos CSP da ULS Santa Maria;38.739567,-9.168651;47466;23777;328
2024-11;Lisboa e Vale do Tejo;Área dos CSP da ULS Almada / Seixal;38.6276044797217,-9.11368350111247;46529;36452;434
2024-11;Norte;Área dos CSP da ULS Nordeste;41.806816,-6.759102;23311;12600;379
2024-11;Norte;Área dos CSP da ULS Entre Douro e Vouga;;58934;50577;964
2024-11;Norte;Área dos CSP da ULS São João;41.169696,-8.612651;54835;58023;899
2024-12;Alentejo;Área dos CSP da ULS Baixo Alentejo;38.014,-7.8675;18878;12871;163
2024-12;Centro;Área dos CSP da ULS Viseu Dão-Lafões;40.659169,-7.915314;45245;30868;508
2024-12;Lisboa e Vale do Tejo;Área dos CSP da ULS Almada / Seixal;38.6276044797217,-9.11368350111247;40961;32743;389
2024-12;Lisboa e Vale do Tejo;Área dos CSP da ULS Lezíria;39.232503,-8.715083;30641;19685;223
2024-12;Lisboa e Vale do Tejo;Área dos CSP da ULS Estuário do Tejo;38.891077,-9.039536;26651;16897;130
2024-12;Lisboa e Vale do Tejo;Área dos CSP da ULS Loures / Odivelas;38.821769,-9.176301;22772;17161;272
2024-12;Lisboa e Vale do Tejo;Área dos CSP da ULS São José;38.7365023,-9.1313583;42991;31744;508
2024-12;Lisboa e Vale do Tejo;Área dos CSP da ULS Oeste;39.411452329,-9.1394549604;26448;20406;149
2024-12;Norte;Área dos CSP da ULS Entre Douro e Vouga;;52296;45839;756
2024-12;Norte;Área dos CSP da ULS Trás-os-Montes Alto Douro;41.2969,-7.74841;43240;29769;790
2024-12;Norte;Área dos CSP da ULS Barcelos / Esposende;41.533628173,-8.6240622256;24455;22324;401
2025-01;Centro;Área dos CSP da ULS Região de Aveiro;;60633;47808;1011
2025-01;Lisboa e Vale do Tejo;Área dos CSP da ULS Oeste;39.411452329,-9.1394549604;33009;26231;207
2025-01;Lisboa e Vale do Tejo;Área dos CSP da ULS Santa Maria;38.739567,-9.168651;47451;27240;381
2025-01;Lisboa e Vale do Tejo;Área dos CSP da ULS Arrábida;38.531,-8.8874;37597;23861;261
2025-01;Norte;Área dos CSP da ULS Médio Ave;41.346844614,-8.482973945;38050;42335;723
2025-02;Alentejo;Área dos CSP da ULS Alentejo Central;38.568838,-7.903064;35064;24100;369
2025-02;Centro;Área dos CSP da ULS Região de Aveiro;;55475;41367;899
2025-02;Lisboa e Vale do Tejo;Área dos CSP da ULS Santa Maria;38.739567,-9.168651;43852;23929;340
2025-02;Norte;Área dos CSP da ULS Tâmega e Sousa;41.206266147,-8.2725028602;83580;72818;1216
2025-02;Norte;Área dos CSP da ULS São João;41.169696,-8.612651;53654;55017;845
2025-02;Norte;Área dos CSP da ULS Barcelos / Esposende;41.533628173,-8.6240622256;27417;24437;521
2025-03;Alentejo;Área dos CSP da ULS Alto Alentejo;39.3004940975133,-7.42635033349663;21994;15136;236
2025-03;Centro;Área dos CSP da ULS Região de Aveiro;;53648;42586;838
2025-03;Centro;Área dos CSP da ULS Coimbra;40.21578,-8.41058;64358;64875;913
2025-03;Lisboa e Vale do Tejo;Área dos CSP da ULS Almada / Seixal;38.6276044797217,-9.11368350111247;46282;36558;471
2025-03;Lisboa e Vale do Tejo;Área dos CSP da ULS Amadora / Sintra;38.75717,-9.23401;64175;44431;407
2025-03;Lisboa e Vale do Tejo;Área dos CSP da ULS Médio Tejo;39.605565,-8.404399;27469;19625;129
2025-03;Lisboa e Vale do Tejo;Área dos CSP da ULS Loures / Odivelas;38.821769,-9.176301;25938;18826;292
2025-03;Lisboa e Vale do Tejo;Área dos CSP da ULS São José;38.7365023,-9.1313583;49067;33255;614
2025-03;Lisboa e Vale do Tejo;Área dos CSP da ULS Arco Ribeirinho;38.6527214050293,-9.05825614929199;28629;18510;211
2025-04;Algarve;Área dos CSP da ULS Algarve;37.02745056,-7.937649;67680;40099;689
2025-04;Centro;Área dos CSP da ULS Região de Aveiro;;49192;39187;749
2025-04;Lisboa e Vale do Tejo;Área dos CSP da ULS Almada / Seixal;38.6276044797217,-9.11368350111247;43633;35013;439
2025-04;Norte;Área dos CSP da ULS Trás-os-Montes Alto Douro;41.2969,-7.74841;44971;31775;947
2025-04;Norte;Área dos CSP da ULS Entre Douro e Vouga;;54875;47878;916
2025-04;Norte;Área dos CSP da ULS Santo António;41.160263,-8.681729;51872;56755;772
2025-05;Centro;Área dos CSP da ULS Castelo Branco;39.831269,-7.486884;21087;10600;113
2025-05;Centro;Área dos CSP da ULS Região de Aveiro;40.6418,-8.65166;53767;44883;862
2025-05;Lisboa e Vale do Tejo;Área dos CSP da ULS Loures / Odivelas;38.821769,-9.176301;24600;20102;365
2025-05;Lisboa e Vale do Tejo;Área dos CSP da ULS São José;38.7365023,-9.1313583;50390;35321;598
2025-05;Norte;Área dos CSP da ULS Gaia / Espinho;41.127363348,-8.5796956622;57655;56509;1096
2025-05;Norte;Área dos CSP da ULS Póvoa Varzim / Vila Conde;41.355472362,-8.7448970377;23266;28397;481
2025-05;Norte;Área dos CSP da ULS Barcelos / Esposende;41.533628173,-8.6240622256;26917;26072;533
2025-05;Norte;Área dos CSP da ULS Matosinhos;41.1807,-8.66314;26198;31274;430
2025-05;Norte;Área dos CSP da ULS Santo António;41.160263,-8.681729;56787;64426;958
2025-05;Norte;Área dos CSP da ULS Entre Douro e Vouga;40.926349,-8.548039;59791;52176;1006
2025-06;Alentejo;Área dos CSP da ULS Alto Alentejo;39.3004940975133,-7.42635033349663;18728;13393;181
2025-06;Alentejo;Área dos CSP da ULS Litoral Alentejano;38.039936,-8.731693;12988;6922;91
2025-06;Algarve;Área dos CSP da ULS Algarve;37.02745056,-7.937649;64158;39417;626
2025-06;Lisboa e Vale do Tejo;Área dos CSP da ULS Estuário do Tejo;38.891077,-9.039536;24736;18957;110
2025-06;Lisboa e Vale do Tejo;Área dos CSP da ULS Oeste;39.411452329,-9.1394549604;26938;19764;130
2025-06;Norte;Área dos CSP da ULS Matosinhos;41.1807,-8.66314;21938;27544;342
2025-06;Norte;Área dos CSP da ULS Nordeste;41.806816,-6.759102;20965;11435;426
2025-06;Norte;Área dos CSP da ULS Trás-os-Montes Alto Douro;41.2969,-7.74841;41393;31049;781
2025-06;Norte;Área dos CSP da ULS Médio Ave;41.346844614,-8.482973945;28625;33549;598
2025-06;Norte;Área dos CSP da ULS Braga;41.629758698,-8.3591461276;40159;42633;763
2025-06;Norte;Área dos CSP da ULS São João;41.169696,-8.612651;43454;52005;713
2025-06;Norte;Área dos CSP da ULS Alto Ave;41.426805082,-8.2945278754;45473;37071;630
2025-06;Norte;Área dos CSP da ULS Póvoa Varzim / Vila Conde;41.355472362,-8.7448970377;18147;24689;303
2025-07;Centro;Área dos CSP da ULS Cova da Beira;40.279552,-7.501801;13549;12957;28
2025-07;Centro;Área dos CSP da ULS Coimbra;40.21578,-8.41058;63483;67150;839
2025-07;Centro;Área dos CSP da ULS Guarda;40.5314,-7.27322;26644;14531;214
2025-07;Lisboa e Vale do Tejo;Área dos CSP da ULS Arrábida;38.531,-8.8874;36092;22184;279
2025-07;Norte;Área dos CSP da ULS Santo António;41.160263,-8.681729;55228;64191;864
2025-07;Norte;Área dos CSP da ULS Matosinhos;41.1807,-8.66314;25540;31547;406
2025-08;Alentejo;Área dos CSP da ULS Alentejo Central;38.568838,-7.903064;27971;20315;283
2025-08;Centro;Área dos CSP da ULS Baixo Mondego;40.130297609,-8.860696177;15756;17044;228
2025-08;Centro;Área dos CSP da ULS Viseu Dão-Lafões;40.659169,-7.915314;40753;30523;504
2025-08;Centro;Área dos CSP da ULS Castelo Branco;39.831269,-7.486884;17420;8916;79
2025-08;Lisboa e Vale do Tejo;Área dos CSP da ULS Amadora / Sintra;38.752326416,-9.274985919;53079;38137;344
2025-08;Lisboa e Vale do Tejo;Área dos CSP da ULS Oeste;39.4062582,-9.12709;27337;19141;142
2025-08;Norte;Área dos CSP da ULS Tâmega e Sousa;41.206266147,-8.2725028602;66883;67295;921
2025-08;Norte;Área dos CSP da ULS Entre Douro e Vouga;40.926349,-8.548039;45842;44292;669
2025-08;Norte;Área dos CSP da ULS Alto Ave;41.426805082,-8.2945278754;42007;35524;464
2025-08;Norte;Área dos CSP da ULS Santo António;41.160263,-8.681729;41278;52456;600
2025-08;Norte;Área dos CSP da ULS Póvoa Varzim / Vila Conde;41.355472362,-8.7448970377;17786;23553;288
2025-09;Algarve;Área dos CSP da ULS Algarve;37.02745056,-7.937649;73117;45742;688
2025-09;Centro;Área dos CSP da ULS Região de Aveiro;40.6418,-8.65166;51270;45156;802
2025-09;Centro;Área dos CSP da ULS Castelo Branco;39.831269,-7.486884;19439;10713;75
2025-09;Centro;Área dos CSP da ULS Guarda;40.5314,-7.27322;25058;14049;269
2025-09;Lisboa e Vale do Tejo;Área dos CSP da ULS Estuário do Tejo;38.891077,-9.039536;27516;21544;159
2025-09;Lisboa e Vale do Tejo;Área dos CSP da ULS São José;38.7365023,-9.1313583;49346;36145;543
2025-09;Lisboa e Vale do Tejo;Área dos CSP da ULS Lisboa Ocidental;38.698818794,-9.3815130504;53979;52127;625
2025-09;Norte;Área dos CSP da ULS Médio Ave;41.346844614,-8.482973945;34820;41386;697
2025-09;Norte;Área dos CSP da ULS Entre Douro e Vouga;40.926349,-8.548039;57880;55315;856
2025-09;Norte;Área dos CSP da ULS Póvoa Varzim / Vila Conde;41.355472362,-8.7448970377;22031;29061;359
2025-10;Alentejo;Área dos CSP da ULS Baixo Alentejo;38.009362882,-7.8559468083;22683;17384;157
2025-10;Centro;Área dos CSP da ULS Viseu Dão-Lafões;40.659169,-7.915314;51205;39126;863
2025-10;Lisboa e Vale do Tejo;Área dos CSP da ULS Arrábida;38.531,-8.8874;39452;24056;305
2025-10;Lisboa e Vale do Tejo;Área dos CSP da ULS São José;38.7365023,-9.1313583;52592;39008;628
2025-10;Norte;Área dos CSP da ULS Médio Ave;41.346844614,-8.482973945;37544;42957;916
2025-10;Norte;Área dos CSP da ULS São João;41.169696,-8.612651;55237;65214;1104
2025-11;Alentejo;Área dos CSP da ULS Alentejo Central;38.568838,-7.903064;31776;23430;436
2025-11;Alentejo;Área dos CSP da ULS Litoral Alentejano;38.039936,-8.731693;14115;7497;85
2025-11;Centro;Área dos CSP da ULS Coimbra;40.21578,-8.41058;63281;63733;880
2025-11;Lisboa e Vale do Tejo;Área dos CSP da ULS Estuário do Tejo;38.891077,-9.039536;27882;19719;177
2025-11;Lisboa e Vale do Tejo;Área dos CSP da ULS São José;38.7365023,-9.1313583;48137;34767;509
2025-11;Norte;Área dos CSP da ULS Gaia / Espinho;41.127363348,-8.5796956622;54730;52640;975
2025-11;Norte;Área dos CSP da ULS Braga;41.629758698,-8.3591461276;47547;48866;937
2025-12;Alentejo;Área dos CSP da ULS Alto Alentejo;39.3004940975133,-7.42635033349663;20751;13320;137
2025-12;Centro;Área dos CSP da ULS Região de Aveiro;40.6418,-8.65166;43122;39433;607
2025-12;Centro;Área dos CSP da ULS Baixo Mondego;40.130297609,-8.860696177;14781;16938;197
2025-12;Lisboa e Vale do Tejo;Área dos CSP da ULS Oeste;39.4062582,-9.12709;24663;18789;212
2025-12;Lisboa e Vale do Tejo;Área dos CSP da ULS Amadora / Sintra;38.752326416,-9.274985919;48656;41734;345
2025-12;Lisboa e Vale do Tejo;Área dos CSP da ULS Almada / Seixal;38.6276044797217,-9.11368350111247;35922;32489;401
2025-12;Norte;Área dos CSP da ULS Santo António;41.160263,-8.681729;43303;52967;640
2025-12;Norte;Área dos CSP da ULS Póvoa Varzim / Vila Conde;41.355472362,-8.7448970377;16992;25630;296
2025-12;Norte;Área dos CSP da ULS Tâmega e Sousa;41.206266147,-8.2725028602;67018;71179;919
2026-01;Alentejo;Área dos CSP da ULS Alentejo Central;38.568838,-7.903064;33471;25567;438
2026-01;Algarve;Área dos CSP da ULS Algarve;37.02745056,-7.937649;74696;47215;780
2026-01;Centro;Área dos CSP da ULS Viseu Dão-Lafões;40.659169,-7.915314;52227;36722;697
2026-01;Centro;Área dos CSP da ULS Região de Aveiro;40.6418,-8.65166;52619;45110;886
2026-01;Centro;Área dos CSP da ULS Guarda;40.5314,-7.27322;27036;14462;414
2026-01;Lisboa e Vale do Tejo;Área dos CSP da ULS Oeste;39.4062582,-9.12709;31064;23858;262
2026-01;Lisboa e Vale do Tejo;Área dos CSP da ULS Lezíria;39.232503,-8.715083;33148;22107;296
2026-01;Lisboa e Vale do Tejo;Área dos CSP da ULS Arco Ribeirinho;38.6527214050293,-9.05825614929199;27859;20894;232
2026-01;Norte;Área dos CSP da ULS Nordeste;41.806816,-6.759102;26204;13137;522
2026-01;Norte;Área dos CSP da ULS São João;41.169696,-8.612651;52052;61315;837
2026-01;Norte;Área dos CSP da ULS Póvoa Varzim / Vila Conde;41.355472362,-8.7448970377;22306;28844;437
2026-02;Alentejo;Área dos CSP da ULS Litoral Alentejano;38.039936,-8.731693;12753;7718;81
2026-02;Algarve;Área dos CSP da ULS Algarve;37.02745056,-7.937649;67561;41683;648
2026-02;Centro;Área dos CSP da ULS Região de Leiria;39.7418,-8.79444;49324;44491;488
2026-02;Lisboa e Vale do Tejo;Área dos CSP da ULS Loures / Odivelas;38.821769,-9.176301;23529;17861;296
2026-02;Lisboa e Vale do Tejo;Área dos CSP da ULS Oeste;39.4062582,-9.12709;28421;20821;204
2026-02;Norte;Área dos CSP da ULS Alto Minho;41.696866,-8.832522;43026;37263;688
2026-02;Norte;Área dos CSP da ULS Barcelos / Esposende;41.533628173,-8.6240622256;26166;23807;508
2026-03;Alentejo;Área dos CSP da ULS Litoral Alentejano;38.039936,-8.731693;14449;9142;106
2026-03;Alentejo;Área dos CSP da ULS Alentejo Central;38.568838,-7.903064;34461;26338;438
2026-03;Centro;Área dos CSP da ULS Castelo Branco;39.831269,-7.486884;21519;11194;101
2026-03;Centro;Área dos CSP da ULS Cova da Beira;40.279552,-7.501801;13380;13926;33
2026-03;Centro;Área dos CSP da ULS Região de Leiria;39.7418,-8.79444;63392;54563;665
2026-03;Centro;Área dos CSP da ULS Baixo Mondego;40.130297609,-8.860696177;18473;21022;376
2026-03;Lisboa e Vale do Tejo;Área dos CSP da ULS Amadora / Sintra;38.752326416,-9.274985919;68323;50466;474
2026-03;Lisboa e Vale do Tejo;Área dos CSP da ULS São José;38.797701,-9.115877;51993;37551;561
2026-03;Norte;Área dos CSP da ULS Médio Ave;41.346844614,-8.482973945;38719;41479;807
2026-03;Norte;Área dos CSP da ULS Santo António;41.160263,-8.681729;59259;67949;960
2026-03;Norte;Área dos CSP da ULS São João;41.169696,-8.612651;54817;62154;1019
2015-01;Alentejo;Área dos CSP da ULS Litoral Alentejano;38.3841359,-8.5132031;14877;6410;123
2015-01;Alentejo;Área dos CSP da ULS Alto Alentejo;39.2967086,-7.4284755;29577;14742;427
2015-01;Algarve;ACES Algarve III - Algarve Sotavento;37.383008,-7.7293275;11864;4497;66
2015-01;Algarve;ACES Algarve I - Algarve Central;37.0274264,-7.9395984;33123;10703;274
2015-01;Centro;Área dos CSP da ULS Região de Aveiro;40.6405055,-8.6537539;80607;29892;549
2015-01;Centro;ACES Pinhal Litoral;39.7495331,-8.807683;47787;16477;219
2015-01;Lisboa e Vale do Tejo;ACES Cascais;38.69904,-9.3818008;27690;10203;187
2015-01;Lisboa e Vale do Tejo;Área dos CSP da ULS Estuário do Tejo;38.9528113,-8.9911154;40332;8102;243
2015-01;Lisboa e Vale do Tejo;Área dos CSP da ULS Almada / Seixal;38.6678522,-9.1875777;64531;21255;695
2015-01;Norte;ACES Grande Porto VI - Porto Oriental;41.1694498,-8.6126428;21390;9730;417
2015-01;Norte;ACES Tâmega II - Vale do Sousa Sul;41.1548155,-8.2163769;39884;15796;598
2015-01;Norte;ACES Entre Douro e Vouga II - Aveiro Norte;40.8472225,-8.4656674;24629;8144;328
2015-01;Norte;ACES Tâmega I - Baixo Tâmega;41.2719719,-8.0791631;33620;12168;287
2015-01;Norte;ACES Grande Porto V - Porto Ocidental;41.1741353,-8.6691662;28501;12085;535
2015-02;Centro;Área dos CSP da ULS Região de Aveiro;40.6405055,-8.6537539;74185;24468;508
2015-02;Lisboa e Vale do Tejo;ACES Sintra;38.7519209,-9.2753636;48098;11525;355
2015-02;Lisboa e Vale do Tejo;ACES Amadora;38.7573081,-9.23429;23518;5160;115
2015-02;Norte;Área dos CSP da ULS Barcelos / Esposende;41.5317419,-8.6178922;32321;11359;367
2015-02;Norte;ACES Entre Douro e Vouga II - Aveiro Norte;40.8472225,-8.4656674;22603;7164;293
2015-02;Norte;ACES Alto Trás-os-Montes - Alto Tâmega e Barroso;41.741781,-7.4731648;15540;5822;156
2015-02;Norte;ACES Tâmega II - Vale do Sousa Sul;41.1548155,-8.2163769;35944;13627;511
2015-02;Norte;Área dos CSP da ULS Matosinhos;41.1918541,-8.6590693;31694;14335;492
2015-02;Norte;Área dos CSP da ULS Nordeste;41.8069684,-6.7587977;25399;7688;352
2015-02;Região não Especificada;Desconhecido | Nacional;;159;71;
2015-03;Algarve;ACES Algarve III - Algarve Sotavento;37.383008,-7.7293275;11409;4262;94
2015-03;Lisboa e Vale do Tejo;Área dos CSP da ULS Estuário do Tejo;38.9528113,-8.9911154;39221;7556;206
2015-03;Lisboa e Vale do Tejo;Área dos CSP da ULS Lezíria;39.2371689,-8.6908895;37419;14675;372
2015-03;Norte;ACES Entre Douro e Vouga II - Aveiro Norte;40.8472225,-8.4656674;22480;8119;269
2015-03;Norte;Área dos CSP da ULS Póvoa Varzim / Vila Conde;41.355519,-8.746653;27481;13315;342
2015-03;Norte;ACES Tâmega II - Vale do Sousa Sul;41.1548155,-8.2163769;37745;14739;464
2015-03;Norte;ACES Cávado II - Gerês / Cabreira;41.6298661,-8.3596897;20237;11286;276
2015-04;Alentejo;Área dos CSP da ULS Baixo Alentejo;38.0153039,-7.8627308;24929;12635;293
2015-04;Alentejo;Área dos CSP da ULS Alentejo Central;38.8442031,-7.5826619;34390;17848;328
2015-04;Algarve;ACES Algarve III - Algarve Sotavento;37.383008,-7.7293275;10342;4092;79
2015-04;Lisboa e Vale do Tejo;ACES Lisboa Central;38.7306317,-9.1510414;38330;9547;276
2015-04;Lisboa e Vale do Tejo;ACES Sintra;38.7519209,-9.2753636;49996;12039;332
2015-04;Lisboa e Vale do Tejo;ACES Lisboa Ocidental e Oeiras;38.6914388,-9.3184304;33340;8772;370
2015-04;Lisboa e Vale do Tejo;Área dos CSP da ULS Lezíria;39.2371689,-8.6908895;34410;14111;348
2015-04;Norte;Área dos CSP da ULS Alto Minho;41.7056054,-8.8252713;54270;22638;778
2015-04;Norte;ACES Douro I - Marão e Douro Norte;41.2968711,-7.7483727;20678;10553;301
2015-04;Norte;Área dos CSP da ULS Nordeste;41.8069684,-6.7587977;25616;8504;342
2015-04;Norte;Área dos CSP da ULS Matosinhos;41.1918541,-8.6590693;32258;15698;448
2015-04;Norte;ACES Cávado II - Gerês / Cabreira;41.6298661,-8.3596897;18418;10743;231
2015-04;Região não Especificada;Desconhecido | Nacional;;133;69;
2015-05;Alentejo;Área dos CSP da ULS Alto Alentejo;39.2967086,-7.4284755;26512;12582;394
2015-05;Centro;Área dos CSP da ULS Cova da Beira;40.2677741,-7.4995083;14132;5093;26
2015-05;Centro;Área dos CSP da ULS Região de Aveiro;40.6405055,-8.6537539;68653;26351;457
2015-05;Lisboa e Vale do Tejo;ACES Médio Tejo;39.478072,-8.5404429;42917;11363;331
2015-05;Lisboa e Vale do Tejo;ACES Cascais;38.69904,-9.3818008;25250;8763;123
2015-05;Lisboa e Vale do Tejo;ACES Lisboa Ocidental e Oeiras;38.6914388,-9.3184304;32698;8365;384
2015-05;Lisboa e Vale do Tejo;Área dos CSP da ULS Lezíria;39.2371689,-8.6908895;32133;12739;350
2015-05;Norte;ACES Grande Porto I - Santo Tirso / Trofa;41.3469246,-8.4822648;21016;10153;255
2015-05;Norte;ACES Grande Porto VII - Gaia;41.1278433,-8.580396;24417;11491;325
2015-05;Norte;ACES Grande Porto V - Porto Ocidental;41.1741353,-8.6691662;25199;11489;395
2015-05;Norte;ACES Douro I - Marão e Douro Norte;41.2968711,-7.7483727;18833;9490;266
2015-05;Norte;ACES Grande Porto VIII - Espinho / Gaia;41.0022421,-8.642018;34121;15947;406
2015-05;Região não Especificada;Desconhecido | Nacional;;1517;514;14
2015-06;Alentejo;Área dos CSP da ULS Alentejo Central;38.8442031,-7.5826619;33501;18981;428
2015-06;Algarve;ACES Algarve I - Algarve Central;37.0274264,-7.9395984;30963;9759;245
2015-06;Algarve;ACES Algarve II - Algarve Barlavento;37.1387554,-8.5445093;26114;8316;147
2015-06;Centro;Área dos CSP da ULS Cova da Beira;40.2677741,-7.4995083;13880;5058;17
2015-06;Centro;ACES Baixo Mondego;40.2150023,-8.4071805;54402;30055;426
2015-06;Lisboa e Vale do Tejo;ACES Médio Tejo;39.478072,-8.5404429;42527;12526;374
2015-06;Lisboa e Vale do Tejo;ACES Lisboa Ocidental e Oeiras;38.6914388,-9.3184304;33519;9088;351
2015-06;Lisboa e Vale do Tejo;Área dos CSP da ULS Estuário do Tejo;38.9528113,-8.9911154;37115;7581;211
2015-06;Norte;ACES Douro I - Marão e Douro Norte;41.2968711,-7.7483727;19945;10343;279
2015-06;Norte;ACES Grande Porto V - Porto Ocidental;41.1741353,-8.6691662;24523;11590;364
2015-06;Norte;ACES Cávado II - Gerês / Cabreira;41.6298661,-8.3596897;17369;10664;322
2015-06;Norte;ACES Tâmega I - Baixo Tâmega;41.2719719,-8.0791631;34595;10650;278
2015-06;Norte;ACES Ave / Famalicão;41.3835805,-8.4157518;21597;8482;187
2015-06;Norte;ACES Entre Douro e Vouga I - Feira e Arouca;40.9263169,-8.5478813;28439;14006;367
2015-06;Região não Especificada;Desconhecido | Nacional;;790;;
2015-07;Lisboa e Vale do Tejo;ACES Oeste Norte;39.410844,-9.1396215;35433;13391;204
2015-07;Lisboa e Vale do Tejo;ACES Loures / Odivelas;38.8012718,-9.1137868;46187;11810;267
2015-07;Lisboa e Vale do Tejo;ACES Cascais;38.69904,-9.3818008;13012;4439;83
2015-07;Norte;Área dos CSP da ULS Póvoa Varzim / Vila Conde;41.355519,-8.746653;26142;14149;281
2015-07;Norte;Área dos CSP da ULS Matosinhos;41.1918541,-8.6590693;31049;15541;400
2015-07;Norte;ACES Cávado I - Braga;41.5518714,-8.4126362;30676;12734;478
2015-07;Norte;ACES Grande Porto VI - Porto Oriental;41.1694498,-8.6126428;20205;9171;265
2015-07;Região não Especificada;Desconhecido | Nacional;;135;83;
2015-07;Região não Especificada;Desconhecido | Nacional;;712;;
2015-08;Alentejo;Área dos CSP da ULS Alto Alentejo;39.2967086,-7.4284755;21152;12161;350
2015-08;Alentejo;Área dos CSP da ULS Litoral Alentejano;38.3841359,-8.5132031;11421;5388;72
2015-08;Algarve;ACES Algarve II - Algarve Barlavento;37.1387554,-8.5445093;23283;8007;136
2015-08;Centro;ACES Pinhal Interior Sul;39.7510898,-7.9203657;3843;2581;2
2015-08;Centro;ACES Pinhal Litoral;39.7495331,-8.807683;35337;13444;92
2015-08;Centro;ACES Beira Interior Sul;39.8211367,-7.5036651;8808;4327;18
2015-08;Lisboa e Vale do Tejo;Área dos CSP da ULS Lezíria;39.2371689,-8.6908895;28892;13032;284
2015-08;Lisboa e Vale do Tejo;ACES Oeste Sul;39.0917759,-9.2600341;25325;7587;151
2015-08;Norte;ACES Grande Porto I - Santo Tirso / Trofa;41.3469246,-8.4822648;17380;10082;157
2015-08;Norte;ACES Grande Porto VIII - Espinho / Gaia;41.0022421,-8.642018;28391;15897;314
2015-08;Norte;ACES Cávado II - Gerês / Cabreira;41.6298661,-8.3596897;14837;9996;119
2015-08;Norte;ACES Tâmega II - Vale do Sousa Sul;41.1548155,-8.2163769;30889;14337;341
2015-08;Norte;Área dos CSP da ULS Matosinhos;41.1918541,-8.6590693;25894;13746;281
2015-09;Alentejo;Área dos CSP da ULS Baixo Alentejo;38.0153039,-7.8627308;24109;13325;269
2015-09;Algarve;ACES Algarve II - Algarve Barlavento;37.1387554,-8.5445093;26483;9544;140
2015-09;Centro;Área dos CSP da ULS Guarda;40.5353285,-7.2724426;24331;10564;196
2015-09;Centro;ACES Pinhal Litoral;39.7495331,-8.807683;43322;16509;155
2015-09;Centro;Área dos CSP da ULS Viseu Dão-Lafões;40.6565861,-7.9124712;47568;18033;537
2015-09;Lisboa e Vale do Tejo;ACES Lisboa Ocidental e Oeiras;38.6914388,-9.3184304;32611;9207;346
2015-09;Lisboa e Vale do Tejo;ACES Lisboa Norte;38.7396924,-9.168506;32472;7528;429
2015-09;Lisboa e Vale do Tejo;ACES Cascais;38.69904,-9.3818008;25414;9044;122
2015-09;Lisboa e Vale do Tejo;ACES Oeste Sul;39.0917759,-9.2600341;31781;8127;287
2015-09;Norte;ACES Alto Ave - Guimarães, Vizela e Terras de Basto;41.4417064,-8.1722408;55507;22352;613
2015-09;Norte;ACES Alto Trás-os-Montes - Alto Tâmega e Barroso;41.741781,-7.4731648;15060;7104;159
2015-09;Norte;Área dos CSP da ULS Alto Minho;41.7056054,-8.8252713;51375;25377;629
2015-09;Norte;ACES Grande Porto V - Porto Ocidental;41.1741353,-8.6691662;26722;12202;347
2015-09;Região não Especificada;Desconhecido | Nacional;;741;;
2015-10;Alentejo;Área dos CSP da ULS Litoral Alentejano;38.3841359,-8.5132031;14550;7062;102
2015-10;Centro;ACES Pinhal Interior Sul;39.7510898,-7.9203657;5277;3347;6
2015-10;Norte;ACES Cávado I - Braga;41.5518714,-8.4126362;32988;14681;510
2015-10;Norte;ACES Grande Porto VI - Porto Oriental;41.1694498,-8.6126428;22301;9902;306
2015-10;Norte;ACES Grande Porto VIII - Espinho / Gaia;41.0022421,-8.642018;37758;19651;473
2015-10;Norte;Área dos CSP da ULS Barcelos / Esposende;41.5317419,-8.6178922;34679;13958;375
2015-10;Norte;Área dos CSP da ULS Matosinhos;41.1918541,-8.6590693;34413;17926;423
2015-10;Norte;ACES Grande Porto VII - Gaia;41.1278433,-8.580396;26286;14662;400
2015-11;Alentejo;Área dos CSP da ULS Alentejo Central;38.8442031,-7.5826619;34791;18637;392
2015-11;Alentejo;Área dos CSP da ULS Litoral Alentejano;38.3841359,-8.5132031;14511;6172;85
2015-11;Algarve;ACES Algarve III - Algarve Sotavento;37.383008,-7.7293275;10906;4006;88
2015-11;Centro;Área dos CSP da ULS Cova da Beira;40.2677741,-7.4995083;14711;6323;16
2015-11;Centro;ACES Pinhal Litoral;39.7495331,-8.807683;45106;15383;171
2015-11;Lisboa e Vale do Tejo;ACES Cascais;38.69904,-9.3818008;28204;8689;130
2015-11;Lisboa e Vale do Tejo;ACES Lisboa Norte;38.7396924,-9.168506;35222;6944;404
2015-11;Lisboa e Vale do Tejo;ACES Médio Tejo;39.478072,-8.5404429;44888;12156;409
2015-11;Lisboa e Vale do Tejo;Área dos CSP da ULS Lezíria;39.2371689,-8.6908895;37070;14081;378
2015-11;Lisboa e Vale do Tejo;ACES Loures / Odivelas;38.8012718,-9.1137868;52930;12506;386
2015-11;Lisboa e Vale do Tejo;ACES Sintra;38.7519209,-9.2753636;54293;11731;292
2015-11;Lisboa e Vale do Tejo;ACES Oeste Sul;39.0917759,-9.2600341;31710;7629;315
2015-11;Norte;ACES Grande Porto V - Porto Ocidental;41.1741353,-8.6691662;28193;11958;388
2015-11;Norte;ACES Alto Trás-os-Montes - Alto Tâmega e Barroso;41.741781,-7.4731648;15964;6572;196
2015-11;Norte;ACES Grande Porto I - Santo Tirso / Trofa;41.3469246,-8.4822648;21882;11302;301
2015-11;Norte;ACES Ave / Famalicão;41.3835805,-8.4157518;23637;8925;246
2015-11;Norte;Área dos CSP da ULS Barcelos / Esposende;41.5317419,-8.6178922;35042;13229;332
2015-12;Alentejo;Área dos CSP da ULS Alto Alentejo;39.2967086,-7.4284755;24241;12275;362
2015-12;Lisboa e Vale do Tejo;ACES Lisboa Norte;38.7396924,-9.168506;30146;7180;440
2015-12;Norte;Área dos CSP da ULS Barcelos / Esposende;41.5317419,-8.6178922;29733;12459;273
2015-12;Norte;ACES Grande Porto VI - Porto Oriental;41.1694498,-8.6126428;17429;8416;250
2015-12;Norte;ACES Grande Porto VII - Gaia;41.1278433,-8.580396;21718;11430;323
2015-12;Norte;ACES Ave / Famalicão;41.3835805,-8.4157518;19713;8173;197
2015-12;Norte;Área dos CSP da ULS Matosinhos;41.1918541,-8.6590693;27923;15061;377
2015-12;Norte;ACES Grande Porto VIII - Espinho / Gaia;41.0022421,-8.642018;30299;16069;375
2015-12;Norte;ACES Grande Porto V - Porto Ocidental;41.1741353,-8.6691662;23653;10694;374
2015-12;Região não Especificada;Desconhecido | Nacional;;294;190;
2015-12;Região não Especificada;Desconhecido | Nacional;;923;;
2015-12;Região não Especificada;Desconhecido | Nacional;;159;87;
2016-01;Centro;Área dos CSP da ULS Cova da Beira;40.2677741,-7.4995083;14529;6961;20
2016-01;Centro;Área dos CSP da ULS Viseu Dão-Lafões;40.6565861,-7.9124712;52092;18342;630
2016-01;Lisboa e Vale do Tejo;ACES Lisboa Ocidental e Oeiras;38.6914388,-9.3184304;33144;9044;406
2016-01;Norte;ACES Grande Porto VIII - Espinho / Gaia;41.0022421,-8.642018;34594;18596;451
2016-01;Norte;ACES Grande Porto V - Porto Ocidental;41.1741353,-8.6691662;26984;12086;423
2016-01;Norte;ACES Entre Douro e Vouga II - Aveiro Norte;40.8472225,-8.4656674;22741;8921;323
2016-01;Norte;ACES Entre Douro e Vouga I - Feira e Arouca;40.9263169,-8.5478813;28450;15379;369
2016-01;Norte;Área dos CSP da ULS Póvoa Varzim / Vila Conde;41.355519,-8.746653;25808;14768;309
2016-01;Norte;ACES Grande Porto I - Santo Tirso / Trofa;41.3469246,-8.4822648;20460;12490;233
2016-02;Alentejo;Área dos CSP da ULS Alto Alentejo;39.2967086,-7.4284755;26425;13024;395
2016-02;Algarve;ACES Algarve I - Algarve Central;37.0274264,-7.9395984;37669;12275;336
2016-02;Centro;Área dos CSP da ULS Cova da Beira;40.2677741,-7.4995083;14183;5994;22
2016-02;Centro;Área dos CSP da ULS Guarda;40.5353285,-7.2724426;25491;8863;177
2016-02;Lisboa e Vale do Tejo;ACES Oeste Norte;39.410844,-9.1396215;36308;12500;251
2016-02;Norte;ACES Tâmega I - Baixo Tâmega;41.2719719,-8.0791631;33615;11480;236
2016-02;Norte;ACES Grande Porto VI - Porto Oriental;41.1694498,-8.6126428;20930;9093;335
2016-02;Norte;ACES Entre Douro e Vouga II - Aveiro Norte;40.8472225,-8.4656674;22966;7927;293
2016-02;Norte;ACES Grande Porto III - Maia / Valongo;41.2333945,-8.6187474;37822;19304;465
2016-03;Alentejo;Área dos CSP da ULS Alto Alentejo;39.2967086,-7.4284755;27455;13696;444
2016-03;Alentejo;Área dos CSP da ULS Litoral Alentejano;38.3841359,-8.5132031;15866;6907;134
2016-03;Algarve;ACES Algarve II - Algarve Barlavento;37.1387554,-8.5445093;28524;8559;170
2016-03;Lisboa e Vale do Tejo;ACES Sintra;38.7519209,-9.2753636;56703;12683;299
2016-03;Lisboa e Vale do Tejo;ACES Lisboa Norte;38.7396924,-9.168506;36920;7935;415
2016-03;Lisboa e Vale do Tejo;ACES Médio Tejo;39.478072,-8.5404429;48840;13522;392
2016-03;Lisboa e Vale do Tejo;Área dos CSP da ULS Estuário do Tejo;38.9528113,-8.9911154;40440;7764;195
2016-03;Norte;Área dos CSP da ULS Nordeste;41.8069684,-6.7587977;27611;8612;368
2016-03;Norte;ACES Douro I - Marão e Douro Norte;41.2968711,-7.7483727;22760;10494;321
2016-03;Norte;ACES Cávado I - Braga;41.5518714,-8.4126362;35402;12939;515
2016-03;Norte;ACES Grande Porto VI - Porto Oriental;41.1694498,-8.6126428;22574;9150;343
2016-03;Norte;ACES Douro II - Douro Sul;41.0953745,-7.8123805;16429;5975;208
2016-03;Norte;ACES Grande Porto VIII - Espinho / Gaia;41.0022421,-8.642018;38519;17994;479
2016-03;Norte;ACES Grande Porto III - Maia / Valongo;41.2333945,-8.6187474;40799;20482;470
2016-03;Região não Especificada;Desconhecido | Nacional;;35;;
2016-04;Centro;ACES Pinhal Litoral;39.7495331,-8.807683;43122;15038;203
2016-04;Centro;ACES Baixo Mondego;40.2150023,-8.4071805;55370;29987;393
2016-04;Centro;ACES Pinhal Interior Norte;40.1151262,-8.2473136;21694;14838;158
2016-04;Lisboa e Vale do Tejo;ACES Sintra;38.7519209,-9.2753636;50327;11684;272
2016-04;Norte;Área dos CSP da ULS Nordeste;41.8069684,-6.7587977;24363;8390;293
2016-04;Norte;ACES Grande Porto I - Santo Tirso / Trofa;41.3469246,-8.4822648;21249;11245;304
2016-04;Norte;ACES Cávado I - Braga;41.5518714,-8.4126362;30223;13103;458
2016-04;Região não Especificada;Desconhecido | Nacional;;25;;
2016-05;Algarve;ACES Algarve II - Algarve Barlavento;37.1387554,-8.5445093;26783;8382;128
2016-05;Centro;ACES Beira Interior Sul;39.8211367,-7.5036651;12253;5498;41
2016-05;Centro;Área dos CSP da ULS Viseu Dão-Lafões;40.6565861,-7.9124712;53917;18441;784
2016-05;Centro;Área dos CSP da ULS Cova da Beira;40.2677741,-7.4995083;14677;6241;24
2016-05;Centro;ACES Baixo Mondego;40.2150023,-8.4071805;64139;34921;428
2016-05;Lisboa e Vale do Tejo;ACES Sintra;38.7519209,-9.2753636;53253;12594;257
2016-05;Lisboa e Vale do Tejo;Área dos CSP da ULS Arco Ribeirinho;38.6672076,-9.0543329;37213;10769;217
2016-05;Lisboa e Vale do Tejo;Área dos CSP da ULS Lezíria;39.2371689,-8.6908895;35887;15694;320
2016-05;Lisboa e Vale do Tejo;Área dos CSP da ULS Estuário do Tejo;38.9528113,-8.9911154;38749;7919;192
2016-05;Norte;Área dos CSP da ULS Nordeste;41.8069684,-6.7587977;25481;8947;317
2016-05;Norte;ACES Entre Douro e Vouga I - Feira e Arouca;40.9263169,-8.5478813;30130;15344;396
2016-05;Norte;Área dos CSP da ULS Póvoa Varzim / Vila Conde;41.355519,-8.746653;26750;14819;351
2016-05;Norte;ACES Alto Ave - Guimarães, Vizela e Terras de Basto;41.4417064,-8.1722408;58286;22752;648
2016-05;Região não Especificada;Desconhecido | Nacional;;147;68;
2016-06;Alentejo;Área dos CSP da ULS Alto Alentejo;39.2967086,-7.4284755;25472;13805;457
2016-06;Alentejo;Área dos CSP da ULS Alentejo Central;38.8442031,-7.5826619;33884;18381;403
2016-06;Centro;ACES Pinhal Litoral;39.7495331,-8.807683;43780;16703;176
2016-06;Lisboa e Vale do Tejo;Área dos CSP da ULS Arrábida;38.5324373,-8.8627453;33684;13642;226
2016-06;Norte;ACES Entre Douro e Vouga I - Feira e Arouca;40.9263169,-8.5478813;28319;15247;372
2016-06;Norte;ACES Grande Porto II - Gondomar;41.1738444,-8.5612238;31179;16641;500
2016-06;Norte;Área dos CSP da ULS Matosinhos;41.1918541,-8.6590693;29470;15276;438
2016-06;Norte;ACES Entre Douro e Vouga II - Aveiro Norte;40.8472225,-8.4656674;22363;8978;301
2016-06;Norte;ACES Cávado II - Gerês / Cabreira;41.6298661,-8.3596897;17410;11078;342
2016-06;Norte;ACES Tâmega II - Vale do Sousa Sul;41.1548155,-8.2163769;34443;15317;444
2016-07;Alentejo;Área dos CSP da ULS Alentejo Central;38.8442031,-7.5826619;31048;16759;297
2016-07;Alentejo;Área dos CSP da ULS Baixo Alentejo;38.0153039,-7.8627308;21678;11873;234
2016-07;Centro;Área dos CSP da ULS Guarda;40.5353285,-7.2724426;21614;8878;137
2016-07;Centro;ACES Beira Interior Sul;39.8211367,-7.5036651;10783;5059;32
2016-07;Centro;ACES Pinhal Interior Norte;40.1151262,-8.2473136;21290;14617;144
2016-07;Centro;ACES Pinhal Interior Sul;39.7510898,-7.9203657;4459;2805;5
2016-07;Lisboa e Vale do Tejo;ACES Cascais;38.69904,-9.3818008;24457;6390;127
2016-07;Lisboa e Vale do Tejo;ACES Lisboa Norte;38.7396924,-9.168506;30555;7387;365
2016-07;Lisboa e Vale do Tejo;ACES Oeste Sul;39.0917759,-9.2600341;27165;7915;239
2016-07;Lisboa e Vale do Tejo;ACES Lisboa Ocidental e Oeiras;38.6914388,-9.3184304;29768;9565;365
2016-07;Norte;ACES Grande Porto I - Santo Tirso / Trofa;41.3469246,-8.4822648;17966;10428;205
2016-07;Norte;ACES Tâmega II - Vale do Sousa Sul;41.1548155,-8.2163769;31890;14394;362
2016-07;Norte;ACES Douro II - Douro Sul;41.0953745,-7.8123805;13518;5827;136
2016-07;Norte;ACES Grande Porto III - Maia / Valongo;41.2333945,-8.6187474;33195;18621;403
2016-07;Região não Especificada;Desconhecido | Nacional;;137;54;
2016-07;Região não Especificada;Desconhecido | Nacional;;39;;
2016-08;Alentejo;Área dos CSP da ULS Alto Alentejo;39.2967086,-7.4284755;23017;14104;307
2016-08;Alentejo;Área dos CSP da ULS Baixo Alentejo;38.0153039,-7.8627308;20988;12080;219
2016-08;Algarve;ACES Algarve I - Algarve Central;37.0274264,-7.9395984;33951;11662;211
2016-08;Lisboa e Vale do Tejo;ACES Sintra;38.7519209,-9.2753636;42499;12306;167
2016-08;Lisboa e Vale do Tejo;ACES Lisboa Norte;38.7396924,-9.168506;28850;7156;309
2016-08;Norte;ACES Douro I - Marão e Douro Norte;41.2968711,-7.7483727;17624;10644;234
2016-08;Norte;ACES Tâmega I - Baixo Tâmega;41.2719719,-8.0791631;29030;12502;207
2016-08;Norte;Área dos CSP da ULS Nordeste;41.8069684,-6.7587977;19792;8817;186
2016-08;Norte;Área dos CSP da ULS Matosinhos;41.1918541,-8.6590693;26589;16202;340
2016-08;Norte;ACES Entre Douro e Vouga II - Aveiro Norte;40.8472225,-8.4656674;19824;8560;229
2016-08;Norte;Área dos CSP da ULS Barcelos / Esposende;41.5317419,-8.6178922;28181;12726;258
2016-08;Norte;ACES Grande Porto V - Porto Ocidental;41.1741353,-8.6691662;22837;11978;271
2016-08;Região não Especificada;Desconhecido | Nacional;;244;167;
2016-09;Alentejo;Área dos CSP da ULS Baixo Alentejo;38.0153039,-7.8627308;25236;13442;266
2016-09;Algarve;ACES Algarve III - Algarve Sotavento;37.383008,-7.7293275;10117;4871;93
2016-09;Centro;Área dos CSP da ULS Viseu Dão-Lafões;40.6565861,-7.9124712;49907;19313;615
2016-09;Centro;ACES Pinhal Interior Norte;40.1151262,-8.2473136;21842;16709;137
2016-09;Lisboa e Vale do Tejo;ACES Sintra;38.7519209,-9.2753636;48674;13706;235
2016-09;Lisboa e Vale do Tejo;Área dos CSP da ULS Estuário do Tejo;38.9528113,-8.9911154;36158;7656;152
2016-09;Lisboa e Vale do Tejo;ACES Oeste Norte;39.410844,-9.1396215;34280;14433;199
2016-09;Lisboa e Vale do Tejo;Área dos CSP da ULS Arrábida;38.5324373,-8.8627453;32447;13078;211
2016-09;Norte;ACES Grande Porto V - Porto Ocidental;41.1741353,-8.6691662;27486;13495;365
2016-09;Norte;ACES Cávado I - Braga;41.5518714,-8.4126362;31363;14994;492
2016-09;Norte;ACES Alto Trás-os-Montes - Alto Tâmega e Barroso;41.741781,-7.4731648;15437;7050;160
2016-09;Norte;ACES Tâmega III - Vale do Sousa Norte;41.2793583,-8.2787457;30734;16291;279
2016-09;Norte;ACES Grande Porto III - Maia / Valongo;41.2333945,-8.6187474;37892;21551;424
2016-09;Norte;ACES Alto Ave - Guimarães, Vizela e Terras de Basto;41.4417064,-8.1722408;55336;24536;577
2016-09;Região não Especificada;Desconhecido | Nacional;;143;76;
2016-10;Alentejo;Área dos CSP da ULS Alto Alentejo;39.2967086,-7.4284755;25484;13529;298
2016-10;Alentejo;Área dos CSP da ULS Litoral Alentejano;38.3841359,-8.5132031;16382;7226;95
2016-10;Centro;Área dos CSP da ULS Região de Aveiro;40.6405055,-8.6537539;73600;31565;593
2016-10;Centro;Área dos CSP da ULS Guarda;40.5353285,-7.2724426;22972;10120;149
2016-10;Lisboa e Vale do Tejo;ACES Cascais;38.69904,-9.3818008;27685;7313;161
2016-10;Lisboa e Vale do Tejo;ACES Loures / Odivelas;38.8012718,-9.1137868;51681;15165;321
2016-10;Lisboa e Vale do Tejo;ACES Oeste Norte;39.410844,-9.1396215;35082;14148;270
2016-10;Lisboa e Vale do Tejo;ACES Amadora;38.7573081,-9.23429;25814;7023;86
2016-10;Norte;ACES Entre Douro e Vouga I - Feira e Arouca;40.9263169,-8.5478813;28341;16797;369
2016-10;Norte;ACES Grande Porto III - Maia / Valongo;41.2333945,-8.6187474;37679;22299;415
2016-10;Norte;ACES Grande Porto VIII - Espinho / Gaia;41.0022421,-8.642018;33775;20032;409
2016-10;Norte;ACES Grande Porto II - Gondomar;41.1738444,-8.5612238;31124;18544;352
2016-10;Norte;Área dos CSP da ULS Matosinhos;41.1918541,-8.6590693;31078;18109;389
2016-10;Norte;ACES Entre Douro e Vouga II - Aveiro Norte;40.8472225,-8.4656674;22436;9354;274
2016-10;Norte;ACES Douro II - Douro Sul;41.0953745,-7.8123805;15142;6950;186
2016-11;Alentejo;Área dos CSP da ULS Alto Alentejo;39.2967086,-7.4284755;28312;14034;423
2016-11;Algarve;ACES Algarve I - Algarve Central;37.0274264,-7.9395984;38342;12544;288
2016-11;Centro;Área dos CSP da ULS Viseu Dão-Lafões;40.6565861,-7.9124712;54413;20220;835
2016-11;Centro;ACES Pinhal Litoral;39.7495331,-8.807683;49085;17995;280
2016-11;Centro;ACES Pinhal Interior Sul;39.7510898,-7.9203657;5250;3274;6
2016-11;Lisboa e Vale do Tejo;ACES Médio Tejo;39.478072,-8.5404429;46884;14585;339
2016-11;Lisboa e Vale do Tejo;ACES Oeste Norte;39.410844,-9.1396215;37496;13988;292
2016-11;Norte;Área dos CSP da ULS Alto Minho;41.7056054,-8.8252713;55201;25824;854
2016-11;Norte;ACES Grande Porto V - Porto Ocidental;41.1741353,-8.6691662;29771;13728;469
2016-11;Norte;Área dos CSP da ULS Barcelos / Esposende;41.5317419,-8.6178922;35021;14643;360
2016-11;Norte;ACES Grande Porto VI - Porto Oriental;41.1694498,-8.6126428;22757;10126;314
2016-11;Norte;ACES Grande Porto VIII - Espinho / Gaia;41.0022421,-8.642018;35458;19592;432
2016-11;Norte;ACES Cávado II - Gerês / Cabreira;41.6298661,-8.3596897;19622;13181;444
2016-11;Região não Especificada;Desconhecido | Nacional;;285;141;
2016-12;Algarve;ACES Algarve III - Algarve Sotavento;37.383008,-7.7293275;9433;4213;72
2016-12;Centro;ACES Pinhal Litoral;39.7495331,-8.807683;39031;15784;185
2016-12;Centro;Área dos CSP da ULS Guarda;40.5353285,-7.2724426;19257;8613;141
2016-12;Centro;ACES Baixo Mondego;40.2150023,-8.4071805;55260;32558;346
2016-12;Centro;ACES Pinhal Interior Norte;40.1151262,-8.2473136;19838;13352;127
2016-12;Centro;ACES Pinhal Interior Sul;39.7510898,-7.9203657;4181;2949;4
2016-12;Lisboa e Vale do Tejo;ACES Médio Tejo;39.478072,-8.5404429;40618;13021;313
2016-12;Lisboa e Vale do Tejo;ACES Cascais;38.69904,-9.3818008;25626;5790;152
2016-12;Lisboa e Vale do Tejo;Área dos CSP da ULS Arco Ribeirinho;38.6672076,-9.0543329;30280;9224;184
2016-12;Lisboa e Vale do Tejo;ACES Sintra;38.7519209,-9.2753636;44919;12000;229
2016-12;Lisboa e Vale do Tejo;ACES Oeste Sul;39.0917759,-9.2600341;28331;8900;188
2016-12;Norte;ACES Douro II - Douro Sul;41.0953745,-7.8123805;12855;5770;152
2016-12;Norte;Área dos CSP da ULS Nordeste;41.8069684,-6.7587977;18489;7720;288
2016-12;Norte;ACES Grande Porto III - Maia / Valongo;41.2333945,-8.6187474;33094;18791;336
2016-12;Norte;Área dos CSP da ULS Barcelos / Esposende;41.5317419,-8.6178922;28172;13145;293
2016-12;Norte;ACES Grande Porto VI - Porto Oriental;41.1694498,-8.6126428;18176;8963;321
2016-12;Norte;ACES Grande Porto II - Gondomar;41.1738444,-8.5612238;29217;16483;403
2016-12;Região não Especificada;Desconhecido | Nacional;;619;;
2017-01;Alentejo;Área dos CSP da ULS Litoral Alentejano;38.3841359,-8.5132031;17874;7465;182
2017-01;Alentejo;Área dos CSP da ULS Alentejo Central;38.8442031,-7.5826619;39302;20938;455
2017-01;Algarve;ACES Algarve II - Algarve Barlavento;37.1387554,-8.5445093;25430;8891;121
2017-01;Lisboa e Vale do Tejo;ACES Lisboa Norte;38.7396924,-9.168506;38058;8475;536
2017-01;Lisboa e Vale do Tejo;Área dos CSP da ULS Estuário do Tejo;38.9528113,-8.9911154;44804;7850;196
2017-01;Norte;Área dos CSP da ULS Matosinhos;41.1918541,-8.6590693;35043;18503;511
2017-01;Norte;ACES Tâmega III - Vale do Sousa Norte;41.2793583,-8.2787457;34614;17665;385
2017-01;Norte;ACES Tâmega II - Vale do Sousa Sul;41.1548155,-8.2163769;40118;17587;523
2017-01;Norte;Área dos CSP da ULS Nordeste;41.8069684,-6.7587977;26672;9530;464
2017-01;Norte;Área dos CSP da ULS Barcelos / Esposende;41.5317419,-8.6178922;37418;15783;452
2017-01;Norte;ACES Grande Porto II - Gondomar;41.1738444,-8.5612238;35639;19311;547
2017-01;Norte;ACES Grande Porto VII - Gaia;41.1278433,-8.580396;27781;15376;410
2017-02;Centro;Área dos CSP da ULS Guarda;40.5353285,-7.2724426;22668;8718;172
2017-02;Lisboa e Vale do Tejo;ACES Lisboa Norte;38.7396924,-9.168506;32733;7167;403
2017-02;Lisboa e Vale do Tejo;ACES Médio Tejo;39.478072,-8.5404429;42926;11763;307
2017-02;Lisboa e Vale do Tejo;Área dos CSP da ULS Lezíria;39.2371689,-8.6908895;33497;13521;278
2017-02;Lisboa e Vale do Tejo;Área dos CSP da ULS Almada / Seixal;38.6678522,-9.1875777;55260;18611;520
2017-02;Lisboa e Vale do Tejo;ACES Amadora;38.7573081,-9.23429;24767;5429;143
2017-02;Lisboa e Vale do Tejo;ACES Sintra;38.7519209,-9.2753636;46838;11214;275
2017-02;Norte;Área dos CSP da ULS Nordeste;41.8069684,-6.7587977;23306;7429;418
2017-02;Norte;ACES Grande Porto I - Santo Tirso / Trofa;41.3469246,-8.4822648;19340;10928;277
2017-02;Norte;ACES Entre Douro e Vouga I - Feira e Arouca;40.9263169,-8.5478813;28125;13411;365
2017-02;Norte;ACES Grande Porto III - Maia / Valongo;41.2333945,-8.6187474;36386;18462;432
2017-02;Norte;ACES Tâmega III - Vale do Sousa Norte;41.2793583,-8.2787457;28800;13986;294
2017-02;Norte;ACES Grande Porto VIII - Espinho / Gaia;41.0022421,-8.642018;31527;15981;358
2017-02;Norte;ACES Ave / Famalicão;41.3835805,-8.4157518;21282;8584;225
2017-02;Região não Especificada;Desconhecido | Nacional;;683;;
2017-03;Algarve;ACES Algarve III - Algarve Sotavento;37.383008,-7.7293275;11834;4796;118
2017-03;Lisboa e Vale do Tejo;ACES Lisboa Norte;38.7396924,-9.168506;39010;9198;453
2017-03;Lisboa e Vale do Tejo;ACES Oeste Norte;39.410844,-9.1396215;37843;14178;261
2017-03;Norte;ACES Tâmega III - Vale do Sousa Norte;41.2793583,-8.2787457;35189;16935;363
2017-03;Norte;ACES Grande Porto V - Porto Ocidental;41.1741353,-8.6691662;31789;14339;438
2017-03;Norte;ACES Alto Ave - Guimarães, Vizela e Terras de Basto;41.4417064,-8.1722408;63194;24378;579
2017-03;Norte;Área dos CSP da ULS Matosinhos;41.1918541,-8.6590693;35245;18352;418
2017-03;Norte;ACES Grande Porto III - Maia / Valongo;41.2333945,-8.6187474;43605;22784;462
2017-03;Região não Especificada;Desconhecido | Nacional;;388;122;
2017-03;Região não Especificada;Desconhecido | Nacional;;2;;
2017-04;Alentejo;Área dos CSP da ULS Litoral Alentejano;38.3841359,-8.5132031;14323;5759;99
2017-04;Alentejo;Área dos CSP da ULS Baixo Alentejo;38.0153039,-7.8627308;22904;11862;280
2017-04;Algarve;ACES Algarve II - Algarve Barlavento;37.1387554,-8.5445093;20012;7260;67
2017-04;Centro;ACES Pinhal Interior Norte;40.1151262,-8.2473136;19601;13166;165
2017-04;Lisboa e Vale do Tejo;Área dos CSP da ULS Almada / Seixal;38.6678522,-9.1875777;49267;17836;404
2017-04;Lisboa e Vale do Tejo;ACES Oeste Norte;39.410844,-9.1396215;28844;11639;194
2017-04;Lisboa e Vale do Tejo;Área dos CSP da ULS Lezíria;39.2371689,-8.6908895;29812;13566;205
2017-04;Lisboa e Vale do Tejo;ACES Oeste Sul;39.0917759,-9.2600341;26628;8466;175
2017-04;Norte;ACES Tâmega I - Baixo Tâmega;41.2719719,-8.0791631;27979;11307;303
2017-04;Norte;ACES Cávado II - Gerês / Cabreira;41.6298661,-8.3596897;15636;10294;249
2017-04;Norte;ACES Cávado I - Braga;41.5518714,-8.4126362;27358;12083;416
2017-04;Região não Especificada;Desconhecido | Nacional;;789;;
2017-05;Alentejo;Área dos CSP da ULS Alentejo Central;38.8442031,-7.5826619;36533;21267;340
2017-05;Algarve;ACES Algarve II - Algarve Barlavento;37.1387554,-8.5445093;25157;8731;99
2017-05;Lisboa e Vale do Tejo;Área dos CSP da ULS Lezíria;39.2371689,-8.6908895;34056;16588;206
2017-05;Lisboa e Vale do Tejo;Área dos CSP da ULS Almada / Seixal;38.6678522,-9.1875777;58006;21468;457
2017-05;Norte;Área dos CSP da ULS Nordeste;41.8069684,-6.7587977;24763;9046;352
2017-05;Norte;Área dos CSP da ULS Barcelos / Esposende;41.5317419,-8.6178922;31318;14729;274
2017-05;Norte;ACES Grande Porto I - Santo Tirso / Trofa;41.3469246,-8.4822648;20036;12881;327
2017-05;Norte;ACES Alto Trás-os-Montes - Alto Tâmega e Barroso;41.741781,-7.4731648;17069;7134;155
2017-05;Norte;ACES Grande Porto III - Maia / Valongo;41.2333945,-8.6187474;38732;23003;421
2017-05;Norte;ACES Cávado I - Braga;41.5518714,-8.4126362;32560;15991;495
2017-05;Norte;ACES Entre Douro e Vouga II - Aveiro Norte;40.8472225,-8.4656674;22950;9928;239
2017-06;Algarve;ACES Algarve III - Algarve Sotavento;37.383008,-7.7293275;10333;4139;90
2017-06;Centro;ACES Beira Interior Sul;39.8211367,-7.5036651;11438;5138;24
2017-06;Centro;ACES Pinhal Litoral;39.7495331,-8.807683;44636;16464;267
2017-06;Centro;Área dos CSP da ULS Região de Aveiro;40.6405055,-8.6537539;71104;29572;547
2017-06;Lisboa e Vale do Tejo;ACES Oeste Sul;39.0917759,-9.2600341;28010;10156;224
2017-06;Lisboa e Vale do Tejo;ACES Cascais;38.69904,-9.3818008;23967;10537;146
2017-06;Norte;ACES Cávado I - Braga;41.5518714,-8.4126362;29985;13477;456
2017-06;Norte;ACES Grande Porto VII - Gaia;41.1278433,-8.580396;23691;13220;361
2017-06;Norte;Área dos CSP da ULS Póvoa Varzim / Vila Conde;41.355519,-8.746653;23883;13583;413
2017-06;Norte;ACES Tâmega III - Vale do Sousa Norte;41.2793583,-8.2787457;29671;15397;335
2017-06;Norte;Área dos CSP da ULS Nordeste;41.8069684,-6.7587977;22547;8226;356
2017-07;Alentejo;Área dos CSP da ULS Litoral Alentejano;38.3841359,-8.5132031;14214;6193;132
2017-07;Alentejo;Área dos CSP da ULS Alentejo Central;38.8442031,-7.5826619;32094;17427;273
2017-07;Alentejo;Área dos CSP da ULS Alto Alentejo;39.2967086,-7.4284755;21560;11949;211
2017-07;Alentejo;Área dos CSP da ULS Baixo Alentejo;38.0153039,-7.8627308;21080;11686;177
2017-07;Centro;Área dos CSP da ULS Viseu Dão-Lafões;40.6565861,-7.9124712;47555;17967;568
2017-07;Lisboa e Vale do Tejo;Área dos CSP da ULS Almada / Seixal;38.6678522,-9.1875777;51629;20333;328
2017-07;Lisboa e Vale do Tejo;ACES Lisboa Norte;38.7396924,-9.168506;31149;8497;247
2017-07;Lisboa e Vale do Tejo;Área dos CSP da ULS Lezíria;39.2371689,-8.6908895;33147;14642;173
2017-07;Norte;ACES Ave / Famalicão;41.3835805,-8.4157518;21309;9614;208
2017-07;Norte;ACES Grande Porto III - Maia / Valongo;41.2333945,-8.6187474;33613;19656;330
2017-07;Norte;ACES Tâmega II - Vale do Sousa Sul;41.1548155,-8.2163769;33040;15532;259
2017-07;Norte;ACES Entre Douro e Vouga I - Feira e Arouca;40.9263169,-8.5478813;27442;15145;338
2017-07;Norte;ACES Grande Porto VIII - Espinho / Gaia;41.0022421,-8.642018;30639;17509;253
2017-08;Algarve;ACES Algarve II - Algarve Barlavento;37.1387554,-8.5445093;23905;7762;130
2017-08;Centro;ACES Pinhal Litoral;39.7495331,-8.807683;40971;17411;188
2017-08;Lisboa e Vale do Tejo;Área dos CSP da ULS Estuário do Tejo;38.9528113,-8.9911154;31153;7695;118
2017-08;Lisboa e Vale do Tejo;ACES Lisboa Norte;38.7396924,-9.168506;27470;7540;212
2017-08;Lisboa e Vale do Tejo;Área dos CSP da ULS Almada / Seixal;38.6678522,-9.1875777;47989;19478;350
2017-08;Norte;ACES Grande Porto VI - Porto Oriental;41.1694498,-8.6126428;17656;9261;256
2017-08;Norte;Área dos CSP da ULS Matosinhos;41.1918541,-8.6590693;27743;15908;333
2017-08;Norte;ACES Entre Douro e Vouga II - Aveiro Norte;40.8472225,-8.4656674;18754;8307;159
2017-08;Norte;ACES Douro I - Marão e Douro Norte;41.2968711,-7.7483727;16332;10744;209
2017-08;Norte;Área dos CSP da ULS Póvoa Varzim / Vila Conde;41.355519,-8.746653;23220;14112;268
2017-08;Norte;ACES Grande Porto I - Santo Tirso / Trofa;41.3469246,-8.4822648;18035;11382;202
2017-08;Norte;ACES Alto Trás-os-Montes - Alto Tâmega e Barroso;41.741781,-7.4731648;13887;5848;121
2017-08;Norte;ACES Entre Douro e Vouga I - Feira e Arouca;40.9263169,-8.5478813;25235;14946;300
2017-08;Norte;ACES Tâmega II - Vale do Sousa Sul;41.1548155,-8.2163769;33595;16895;323
2017-08;Região não Especificada;Desconhecido | Nacional;;909;127;
2017-09;Alentejo;Área dos CSP da ULS Alto Alentejo;39.2967086,-7.4284755;23623;12849;215
2017-09;Algarve;ACES Algarve III - Algarve Sotavento;37.383008,-7.7293275;9718;4235;52
2017-09;Centro;ACES Pinhal Interior Sul;39.7510898,-7.9203657;4283;3144;4
2017-09;Centro;ACES Baixo Mondego;40.2150023,-8.4071805;59388;38989;402
2017-09;Lisboa e Vale do Tejo;Área dos CSP da ULS Estuário do Tejo;38.9528113,-8.9911154;33704;7966;156
2017-09;Lisboa e Vale do Tejo;ACES Cascais;38.69904,-9.3818008;24177;11479;177
2017-09;Lisboa e Vale do Tejo;Área dos CSP da ULS Arco Ribeirinho;38.6672076,-9.0543329;30989;10591;148
2017-09;Norte;ACES Ave / Famalicão;41.3835805,-8.4157518;21620;10386;215
2017-09;Norte;Área dos CSP da ULS Matosinhos;41.1918541,-8.6590693;30321;16845;312
2017-09;Norte;ACES Alto Trás-os-Montes - Alto Tâmega e Barroso;41.741781,-7.4731648;14267;6445;142
2017-09;Norte;Área dos CSP da ULS Nordeste;41.8069684,-6.7587977;22130;8910;232
2017-09;Região não Especificada;Desconhecido | Nacional;;1269;;
2017-10;Alentejo;Área dos CSP da ULS Litoral Alentejano;38.3841359,-8.5132031;16310;7525;95
2017-10;Algarve;ACES Algarve I - Algarve Central;37.0274264,-7.9395984;38061;12286;264
2017-10;Lisboa e Vale do Tejo;ACES Oeste Sul;39.0917759,-9.2600341;28475;11100;174
2017-10;Lisboa e Vale do Tejo;ACES Lisboa Ocidental e Oeiras;38.6914388,-9.3184304;33388;11097;317
2017-10;Lisboa e Vale do Tejo;ACES Lisboa Central;38.7306317,-9.1510414;38671;12042;266
2017-10;Norte;ACES Alto Trás-os-Montes - Alto Tâmega e Barroso;41.741781,-7.4731648;16183;7236;151
2017-10;Norte;Área dos CSP da ULS Barcelos / Esposende;41.5317419,-8.6178922;32313;15283;277
2017-10;Norte;ACES Entre Douro e Vouga II - Aveiro Norte;40.8472225,-8.4656674;22392;9877;230
2017-10;Norte;ACES Entre Douro e Vouga I - Feira e Arouca;40.9263169,-8.5478813;31023;17234;384
2017-10;Norte;ACES Tâmega II - Vale do Sousa Sul;41.1548155,-8.2163769;36560;18704;308
2017-11;Alentejo;Área dos CSP da ULS Alto Alentejo;39.2967086,-7.4284755;26260;13215;252
2017-11;Alentejo;Área dos CSP da ULS Baixo Alentejo;38.0153039,-7.8627308;26076;12479;300
2017-11;Centro;ACES Pinhal Interior Norte;40.1151262,-8.2473136;22659;16050;170
2017-11;Centro;ACES Pinhal Interior Sul;39.7510898,-7.9203657;4901;3250;4
2017-11;Centro;ACES Beira Interior Sul;39.8211367,-7.5036651;11353;5301;29
2017-11;Centro;ACES Pinhal Litoral;39.7495331,-8.807683;45656;18600;326
2017-11;Centro;ACES Baixo Mondego;40.2150023,-8.4071805;65481;39759;565
2017-11;Lisboa e Vale do Tejo;ACES Cascais;38.69904,-9.3818008;25520;11898;151
2017-11;Lisboa e Vale do Tejo;ACES Amadora;38.7573081,-9.23429;23742;6930;108
2017-11;Lisboa e Vale do Tejo;Área dos CSP da ULS Lezíria;39.2371689,-8.6908895;34659;15585;180
2017-11;Lisboa e Vale do Tejo;ACES Oeste Norte;39.410844,-9.1396215;32944;14321;228
2017-11;Lisboa e Vale do Tejo;ACES Sintra;38.7519209,-9.2753636;51645;13059;267
2017-11;Lisboa e Vale do Tejo;Área dos CSP da ULS Almada / Seixal;38.6678522,-9.1875777;57143;22116;394
2017-11;Norte;ACES Ave / Famalicão;41.3835805,-8.4157518;22803;10790;255
2017-11;Norte;ACES Alto Trás-os-Montes - Alto Tâmega e Barroso;41.741781,-7.4731648;16088;6634;205
2017-11;Norte;ACES Entre Douro e Vouga I - Feira e Arouca;40.9263169,-8.5478813;31765;16182;425
2017-11;Norte;ACES Grande Porto V - Porto Ocidental;41.1741353,-8.6691662;29073;14587;371
2017-11;Norte;ACES Grande Porto VI - Porto Oriental;41.1694498,-8.6126428;21299;10318;263
2017-11;Norte;Área dos CSP da ULS Alto Minho;41.7056054,-8.8252713;53391;26640;727
2017-11;Norte;Área dos CSP da ULS Barcelos / Esposende;41.5317419,-8.6178922;32901;14221;302
2017-11;Norte;ACES Grande Porto VIII - Espinho / Gaia;41.0022421,-8.642018;34337;18794;360
2017-11;Norte;Área dos CSP da ULS Nordeste;41.8069684,-6.7587977;24898;8699;343
2017-12;Alentejo;Área dos CSP da ULS Alentejo Central;38.8442031,-7.5826619;29557;15733;243
2017-12;Centro;Área dos CSP da ULS Cova da Beira;40.2677741,-7.4995083;9322;5045;14
2017-12;Lisboa e Vale do Tejo;Área dos CSP da ULS Estuário do Tejo;38.9528113,-8.9911154;29634;6998;142
2017-12;Lisboa e Vale do Tejo;ACES Lisboa Ocidental e Oeiras;38.6914388,-9.3184304;26764;8595;247
2017-12;Lisboa e Vale do Tejo;ACES Amadora;38.7573081,-9.23429;19186;5945;86
2017-12;Lisboa e Vale do Tejo;Área dos CSP da ULS Arco Ribeirinho;38.6672076,-9.0543329;26696;8544;143
2017-12;Lisboa e Vale do Tejo;Área dos CSP da ULS Arrábida;38.5324373,-8.8627453;27100;11836;209
2017-12;Lisboa e Vale do Tejo;Área dos CSP da ULS Lezíria;39.2371689,-8.6908895;27068;12390;139
2017-12;Norte;Área dos CSP da ULS Matosinhos;41.1918541,-8.6590693;25980;14570;319
2017-12;Norte;Área dos CSP da ULS Alto Minho;41.7056054,-8.8252713;42532;22064;569
2017-12;Norte;ACES Grande Porto III - Maia / Valongo;41.2333945,-8.6187474;29582;17289;314
2017-12;Norte;ACES Grande Porto V - Porto Ocidental;41.1741353,-8.6691662;21872;11044;268
2018-01;Algarve;ACES Algarve I - Algarve Central;37.0274264,-7.9395984;43039;14533;286
2018-01;Centro;Área dos CSP da ULS Cova da Beira;40.2677741,-7.4995083;15228;7964;24
2018-01;Centro;Área dos CSP da ULS Guarda;40.5353285,-7.2724426;27385;11157;137
2018-01;Lisboa e Vale do Tejo;ACES Lisboa Central;38.7306317,-9.1510414;45076;12182;307
2018-01;Lisboa e Vale do Tejo;ACES Sintra;38.7519209,-9.2753636;57195;14241;375
2018-01;Lisboa e Vale do Tejo;ACES Cascais;38.69904,-9.3818008;30866;12509;215
2018-01;Lisboa e Vale do Tejo;ACES Oeste Sul;39.0917759,-9.2600341;36632;12106;232
2018-01;Norte;ACES Grande Porto I - Santo Tirso / Trofa;41.3469246,-8.4822648;22903;13876;356
2018-01;Norte;ACES Tâmega II - Vale do Sousa Sul;41.1548155,-8.2163769;40556;19426;423
2018-01;Norte;Área dos CSP da ULS Alto Minho;41.7056054,-8.8252713;61883;29182;835
2018-01;Norte;ACES Alto Trás-os-Montes - Alto Tâmega e Barroso;41.741781,-7.4731648;17031;7143;167
2018-02;Algarve;ACES Algarve II - Algarve Barlavento;37.1387554,-8.5445093;23519;7267;132
2018-02;Centro;Área dos CSP da ULS Guarda;40.5353285,-7.2724426;23247;8729;146
2018-02;Centro;ACES Pinhal Interior Norte;40.1151262,-8.2473136;22966;14316;229
2018-02;Centro;ACES Pinhal Interior Sul;39.7510898,-7.9203657;4328;3052;10
2018-02;Lisboa e Vale do Tejo;ACES Loures / Odivelas;38.8012718,-9.1137868;53934;14077;331
2018-02;Lisboa e Vale do Tejo;ACES Cascais;38.69904,-9.3818008;26126;10063;203
2018-02;Lisboa e Vale do Tejo;Área dos CSP da ULS Lezíria;39.2371689,-8.6908895;35883;13649;246
2018-02;Norte;ACES Douro II - Douro Sul;41.0953745,-7.8123805;14939;5148;153
2018-02;Norte;ACES Grande Porto I - Santo Tirso / Trofa;41.3469246,-8.4822648;20216;11141;324
2018-02;Norte;Área dos CSP da ULS Barcelos / Esposende;41.5317419,-8.6178922;31712;12035;325
2018-02;Norte;ACES Alto Ave - Guimarães, Vizela e Terras de Basto;41.4417064,-8.1722408;54882;20182;511
2018-02;Região não Especificada;Desconhecido | Nacional;;3;;
2018-03;Centro;ACES Baixo Mondego;40.2150023,-8.4071805;67404;37817;569
2018-03;Centro;ACES Pinhal Interior Sul;39.7510898,-7.9203657;4946;3264;7
2018-03;Lisboa e Vale do Tejo;Área dos CSP da ULS Arrábida;38.5324373,-8.8627453;35300;12763;247
2018-03;Lisboa e Vale do Tejo;Área dos CSP da ULS Lezíria;39.2371689,-8.6908895;35107;13647;210
2018-03;Lisboa e Vale do Tejo;ACES Cascais;38.69904,-9.3818008;26837;11309;205
2018-03;Lisboa e Vale do Tejo;ACES Oeste Sul;39.0917759,-9.2600341;31940;9623;219
2018-03;Norte;ACES Tâmega III - Vale do Sousa Norte;41.2793583,-8.2787457;31791;14972;333
2018-03;Norte;ACES Grande Porto I - Santo Tirso / Trofa;41.3469246,-8.4822648;20999;11114;305
2018-03;Norte;ACES Grande Porto VIII - Espinho / Gaia;41.0022421,-8.642018;33183;17297;387
2018-03;Norte;ACES Alto Trás-os-Montes - Alto Tâmega e Barroso;41.741781,-7.4731648;16353;6271;192
2018-03;Norte;ACES Entre Douro e Vouga II - Aveiro Norte;40.8472225,-8.4656674;23375;8589;298
2018-03;Norte;Área dos CSP da ULS Nordeste;41.8069684,-6.7587977;25261;8076;364
2018-03;Norte;ACES Douro I - Marão e Douro Norte;41.2968711,-7.7483727;19940;10979;281
2018-04;Alentejo;Área dos CSP da ULS Alentejo Central;38.8442031,-7.5826619;33859;17894;307
2018-04;Lisboa e Vale do Tejo;Área dos CSP da ULS Estuário do Tejo;38.9528113,-8.9911154;36057;7645;170
2018-04;Lisboa e Vale do Tejo;ACES Lisboa Norte;38.7396924,-9.168506;32974;8451;308
2018-04;Lisboa e Vale do Tejo;ACES Sintra;38.7519209,-9.2753636;49544;12494;303
2018-04;Norte;ACES Tâmega III - Vale do Sousa Norte;41.2793583,-8.2787457;30181;15587;376
2018-04;Norte;ACES Cávado I - Braga;41.5518714,-8.4126362;29962;13963;418
2018-04;Norte;ACES Ave / Famalicão;41.3835805,-8.4157518;20952;10578;241
2018-04;Norte;Área dos CSP da ULS Matosinhos;41.1918541,-8.6590693;30150;17331;333
2018-05;Alentejo;Área dos CSP da ULS Baixo Alentejo;38.0153039,-7.8627308;25605;12768;346
2018-05;Algarve;ACES Algarve II - Algarve Barlavento;37.1387554,-8.5445093;25510;8197;132
2018-05;Centro;ACES Beira Interior Sul;39.8211367,-7.5036651;12295;5610;47
2018-05;Centro;ACES Baixo Mondego;40.2150023,-8.4071805;64153;40559;490
2018-05;Centro;ACES Pinhal Interior Sul;39.7510898,-7.9203657;4981;3491;10
2018-05;Lisboa e Vale do Tejo;ACES Oeste Sul;39.0917759,-9.2600341;29994;11057;199
2018-05;Lisboa e Vale do Tejo;ACES Lisboa Central;38.7306317,-9.1510414;38741;11550;285
2018-05;Norte;ACES Tâmega III - Vale do Sousa Norte;41.2793583,-8.2787457;31734;16838;362
2018-05;Norte;Área dos CSP da ULS Nordeste;41.8069684,-6.7587977;24377;9310;367
2018-05;Norte;ACES Alto Ave - Guimarães, Vizela e Terras de Basto;41.4417064,-8.1722408;57790;22802;545
2018-06;Alentejo;Área dos CSP da ULS Litoral Alentejano;38.3841359,-8.5132031;16100;6023;167
2018-06;Centro;ACES Beira Interior Sul;39.8211367,-7.5036651;11698;5317;52
2018-06;Centro;ACES Pinhal Interior Norte;40.1151262,-8.2473136;22859;15173;200
2018-06;Lisboa e Vale do Tejo;Área dos CSP da ULS Arrábida;38.5324373,-8.8627453;32848;13327;258
2018-06;Lisboa e Vale do Tejo;Área dos CSP da ULS Arco Ribeirinho;38.6672076,-9.0543329;31777;10030;161
2018-06;Lisboa e Vale do Tejo;ACES Sintra;38.7519209,-9.2753636;48835;12330;288
2018-06;Norte;ACES Entre Douro e Vouga II - Aveiro Norte;40.8472225,-8.4656674;22739;9266;299
2018-06;Norte;ACES Douro II - Douro Sul;41.0953745,-7.8123805;15428;5489;221
2018-07;Alentejo;Área dos CSP da ULS Alto Alentejo;39.2967086,-7.4284755;23205;13197;221
2018-07;Algarve;ACES Algarve II - Algarve Barlavento;37.1387554,-8.5445093;26579;7565;151
2018-07;Centro;ACES Pinhal Interior Norte;40.1151262,-8.2473136;21977;15547;165
2018-07;Centro;Área dos CSP da ULS Guarda;40.5353285,-7.2724426;21983;9554;117
2018-07;Centro;ACES Pinhal Litoral;39.7495331,-8.807683;44954;17545;324
2018-07;Centro;Área dos CSP da ULS Viseu Dão-Lafões;40.6565861,-7.9124712;52796;19707;516
2018-07;Centro;Área dos CSP da ULS Região de Aveiro;40.6405055,-8.6537539;70646;30657;470
2018-07;Lisboa e Vale do Tejo;ACES Médio Tejo;39.478072,-8.5404429;41873;14836;288
2018-07;Lisboa e Vale do Tejo;ACES Lisboa Ocidental e Oeiras;38.6914388,-9.3184304;33649;10791;284
2018-07;Lisboa e Vale do Tejo;Área dos CSP da ULS Arco Ribeirinho;38.6672076,-9.0543329;32579;11163;168
2018-07;Lisboa e Vale do Tejo;ACES Loures / Odivelas;38.8012718,-9.1137868;50065;15889;295
2018-07;Norte;ACES Grande Porto VIII - Espinho / Gaia;41.0022421,-8.642018;32543;18538;320
2018-07;Norte;ACES Grande Porto II - Gondomar;41.1738444,-8.5612238;31198;19322;384
2018-07;Norte;ACES Grande Porto I - Santo Tirso / Trofa;41.3469246,-8.4822648;20394;12089;264
2018-08;Alentejo;Área dos CSP da ULS Litoral Alentejano;38.3841359,-8.5132031;15901;7010;135
2018-08;Centro;Área dos CSP da ULS Cova da Beira;40.2677741,-7.4995083;9740;5720;40
2018-08;Lisboa e Vale do Tejo;ACES Lisboa Central;38.7306317,-9.1510414;32121;9735;234
2018-08;Lisboa e Vale do Tejo;ACES Médio Tejo;39.478072,-8.5404429;35157;13136;246
2018-08;Norte;ACES Douro I - Marão e Douro Norte;41.2968711,-7.7483727;17257;10985;208
2018-08;Norte;ACES Grande Porto III - Maia / Valongo;41.2333945,-8.6187474;32367;19778;285
2018-08;Norte;ACES Douro II - Douro Sul;41.0953745,-7.8123805;13534;5677;149
2018-08;Norte;ACES Alto Trás-os-Montes - Alto Tâmega e Barroso;41.741781,-7.4731648;13900;5917;135
2018-08;Norte;ACES Grande Porto VI - Porto Oriental;41.1694498,-8.6126428;17157;9225;264
2018-09;Centro;Área dos CSP da ULS Guarda;40.5353285,-7.2724426;21595;9857;118
2018-09;Lisboa e Vale do Tejo;ACES Lisboa Ocidental e Oeiras;38.6914388,-9.3184304;28934;9567;292
2018-09;Lisboa e Vale do Tejo;Área dos CSP da ULS Arrábida;38.5324373,-8.8627453;30519;13113;186
2018-09;Lisboa e Vale do Tejo;ACES Cascais;38.69904,-9.3818008;23581;10759;176
2018-09;Norte;ACES Alto Ave - Guimarães, Vizela e Terras de Basto;41.4417064,-8.1722408;52004;21468;510
2018-09;Norte;ACES Tâmega I - Baixo Tâmega;41.2719719,-8.0791631;29881;13399;278
2018-09;Norte;ACES Entre Douro e Vouga II - Aveiro Norte;40.8472225,-8.4656674;20852;9004;212
2018-09;Norte;Área dos CSP da ULS Matosinhos;41.1918541,-8.6590693;29481;15822;274
2018-09;Norte;Área dos CSP da ULS Nordeste;41.8069684,-6.7587977;21199;8827;269
2018-09;Norte;Área dos CSP da ULS Alto Minho;41.7056054,-8.8252713;46105;24489;487
2018-09;Norte;ACES Tâmega II - Vale do Sousa Sul;41.1548155,-8.2163769;31403;17206;270
2018-09;Norte;Área dos CSP da ULS Barcelos / Esposende;41.5317419,-8.6178922;30197;13305;249
2018-09;Norte;ACES Grande Porto VII - Gaia;41.1278433,-8.580396;22057;13056;244
2018-10;Alentejo;Área dos CSP da ULS Litoral Alentejano;38.3841359,-8.5132031;18049;7700;153
2018-10;Centro;Área dos CSP da ULS Região de Aveiro;40.6405055,-8.6537539;79373;34074;664
2018-10;Centro;ACES Pinhal Interior Norte;40.1151262,-8.2473136;24499;17592;186
2018-10;Centro;Área dos CSP da ULS Cova da Beira;40.2677741,-7.4995083;13911;7646;56
2018-10;Lisboa e Vale do Tejo;Área dos CSP da ULS Arrábida;38.5324373,-8.8627453;35582;15154;225
2018-10;Lisboa e Vale do Tejo;ACES Amadora;38.7573081,-9.23429;25896;7774;107
2018-10;Lisboa e Vale do Tejo;ACES Sintra;38.7519209,-9.2753636;54987;14963;278
2018-10;Norte;ACES Alto Ave - Guimarães, Vizela e Terras de Basto;41.4417064,-8.1722408;60855;26099;598
2018-10;Norte;ACES Grande Porto VII - Gaia;41.1278433,-8.580396;27807;15930;335
2018-10;Norte;ACES Entre Douro e Vouga I - Feira e Arouca;40.9263169,-8.5478813;32212;18515;450
2018-10;Norte;ACES Grande Porto VI - Porto Oriental;41.1694498,-8.6126428;22703;11592;320
2018-10;Norte;ACES Cávado II - Gerês / Cabreira;41.6298661,-8.3596897;18527;13399;327
2018-10;Norte;ACES Douro II - Douro Sul;41.0953745,-7.8123805;15940;6462;218
2018-10;Norte;ACES Tâmega II - Vale do Sousa Sul;41.1548155,-8.2163769;37171;20466;341
2018-10;Região não Especificada;Desconhecido | Nacional;;1142;115;
2018-11;Alentejo;Área dos CSP da ULS Alentejo Central;38.8442031,-7.5826619;36283;19994;474
2018-11;Alentejo;Área dos CSP da ULS Litoral Alentejano;38.3841359,-8.5132031;17358;6899;120
2018-11;Lisboa e Vale do Tejo;Área dos CSP da ULS Arco Ribeirinho;38.6672076,-9.0543329;35010;11015;193
2018-11;Lisboa e Vale do Tejo;Área dos CSP da ULS Arrábida;38.5324373,-8.8627453;35842;14247;242
2018-11;Lisboa e Vale do Tejo;ACES Lisboa Central;38.7306317,-9.1510414;38972;11556;354
2018-11;Norte;Área dos CSP da ULS Matosinhos;41.1918541,-8.6590693;32132;17569;374
2018-11;Norte;Área dos CSP da ULS Barcelos / Esposende;41.5317419,-8.6178922;33517;14251;370
2018-11;Norte;ACES Alto Trás-os-Montes - Alto Tâmega e Barroso;41.741781,-7.4731648;16268;6699;164
2018-11;Norte;Área dos CSP da ULS Alto Minho;41.7056054,-8.8252713;53284;26667;785
2018-11;Norte;ACES Grande Porto III - Maia / Valongo;41.2333945,-8.6187474;40061;22954;441
2018-12;Alentejo;Área dos CSP da ULS Baixo Alentejo;38.0153039,-7.8627308;20620;10174;294
2018-12;Alentejo;Área dos CSP da ULS Alentejo Central;38.8442031,-7.5826619;31217;16895;396
2018-12;Algarve;ACES Algarve III - Algarve Sotavento;37.383008,-7.7293275;9132;3576;98
2018-12;Algarve;ACES Algarve II - Algarve Barlavento;37.1387554,-8.5445093;21462;6192;85
2018-12;Centro;Área dos CSP da ULS Cova da Beira;40.2677741,-7.4995083;10191;5009;30
2018-12;Centro;Área dos CSP da ULS Guarda;40.5353285,-7.2724426;18737;7459;123
2018-12;Lisboa e Vale do Tejo;Área dos CSP da ULS Estuário do Tejo;38.9528113,-8.9911154;34009;7083;155
2018-12;Lisboa e Vale do Tejo;ACES Loures / Odivelas;38.8012718,-9.1137868;43455;13891;570
2018-12;Lisboa e Vale do Tejo;ACES Lisboa Central;38.7306317,-9.1510414;32891;9274;236
2018-12;Lisboa e Vale do Tejo;ACES Médio Tejo;39.478072,-8.5404429;37051;12759;272
2018-12;Lisboa e Vale do Tejo;Área dos CSP da ULS Arco Ribeirinho;38.6672076,-9.0543329;28626;8992;131
2018-12;Norte;ACES Tâmega III - Vale do Sousa Norte;41.2793583,-8.2787457;26065;13515;315
2018-12;Norte;ACES Grande Porto VII - Gaia;41.1278433,-8.580396;20493;11594;275
2018-12;Norte;ACES Grande Porto VIII - Espinho / Gaia;41.0022421,-8.642018;26417;15646;318
2018-12;Norte;Área dos CSP da ULS Póvoa Varzim / Vila Conde;41.355519,-8.746653;21393;14295;306
2018-12;Norte;ACES Grande Porto V - Porto Ocidental;41.1741353,-8.6691662;21546;11169;277
2019-01;Alentejo;Área dos CSP da ULS Alto Alentejo;39.2967086,-7.4284755;28294;14755;314
2019-01;Algarve;ACES Algarve II - Algarve Barlavento;37.1387554,-8.5445093;27238;9015;183
2019-01;Algarve;ACES Algarve III - Algarve Sotavento;37.383008,-7.7293275;12419;5254;165
2019-01;Centro;ACES Pinhal Litoral;39.7495331,-8.807683;52737;20835;335
2019-01;Lisboa e Vale do Tejo;Área dos CSP da ULS Lezíria;39.2371689,-8.6908895;41406;17941;279
2019-01;Lisboa e Vale do Tejo;Área dos CSP da ULS Estuário do Tejo;38.9528113,-8.9911154;45499;9667;224
2019-01;Lisboa e Vale do Tejo;ACES Lisboa Ocidental e Oeiras;38.6914388,-9.3184304;38870;11577;461
2019-01;Lisboa e Vale do Tejo;ACES Loures / Odivelas;38.8012718,-9.1137868;58082;18160;462
2019-01;Norte;ACES Alto Trás-os-Montes - Alto Tâmega e Barroso;41.741781,-7.4731648;18182;7620;195
2019-01;Norte;Área dos CSP da ULS Nordeste;41.8069684,-6.7587977;26359;10025;321
2019-01;Norte;Área dos CSP da ULS Alto Minho;41.7056054,-8.8252713;58804;29366;791
2019-01;Norte;ACES Douro II - Douro Sul;41.0953745,-7.8123805;17286;6511;185
2019-01;Norte;ACES Grande Porto II - Gondomar;41.1738444,-8.5612238;36160;22656;514
2019-02;Alentejo;Área dos CSP da ULS Alto Alentejo;39.2967086,-7.4284755;26664;11667;302
2019-02;Centro;Área dos CSP da ULS Guarda;40.5353285,-7.2724426;23276;9217;143
2019-02;Lisboa e Vale do Tejo;ACES Médio Tejo;39.478072,-8.5404429;43715;14200;276
2019-02;Lisboa e Vale do Tejo;Área dos CSP da ULS Almada / Seixal;38.6678522,-9.1875777;58297;20210;495
2019-02;Lisboa e Vale do Tejo;ACES Oeste Norte;39.410844,-9.1396215;32777;12681;250
2019-02;Lisboa e Vale do Tejo;ACES Lisboa Ocidental e Oeiras;38.6914388,-9.3184304;33808;9784;451
2019-02;Norte;Área dos CSP da ULS Alto Minho;41.7056054,-8.8252713;53144;24011;699
2019-02;Norte;ACES Alto Ave - Guimarães, Vizela e Terras de Basto;41.4417064,-8.1722408;57552;20625;595
2019-02;Norte;ACES Douro II - Douro Sul;41.0953745,-7.8123805;14745;5341;175
2019-02;Norte;ACES Entre Douro e Vouga II - Aveiro Norte;40.8472225,-8.4656674;23030;8961;290
2019-02;Norte;ACES Entre Douro e Vouga I - Feira e Arouca;40.9263169,-8.5478813;28926;15149;386
2019-02;Norte;ACES Grande Porto VIII - Espinho / Gaia;41.0022421,-8.642018;32510;17254;416
2019-02;Norte;ACES Grande Porto VI - Porto Oriental;41.1694498,-8.6126428;20058;9801;291
2019-02;Norte;ACES Ave / Famalicão;41.3835805,-8.4157518;23101;10262;281
2019-02;Região não Especificada;Desconhecido | Nacional;;1073;106;
2019-03;Centro;Área dos CSP da ULS Guarda;40.5353285,-7.2724426;23519;9539;161
2019-03;Lisboa e Vale do Tejo;Área dos CSP da ULS Almada / Seixal;38.6678522,-9.1875777;57804;21072;530
2019-03;Lisboa e Vale do Tejo;Área dos CSP da ULS Arrábida;38.5324373,-8.8627453;35509;12454;289
2019-03;Lisboa e Vale do Tejo;Área dos CSP da ULS Arco Ribeirinho;38.6672076,-9.0543329;34045;10384;212
2019-03;Lisboa e Vale do Tejo;ACES Lisboa Central;38.7306317,-9.1510414;39125;10410;380
2019-03;Norte;ACES Alto Ave - Guimarães, Vizela e Terras de Basto;41.4417064,-8.1722408;55523;20463;583
2019-03;Norte;Área dos CSP da ULS Matosinhos;41.1918541,-8.6590693;31558;16271;434
2019-03;Norte;ACES Alto Trás-os-Montes - Alto Tâmega e Barroso;41.741781,-7.4731648;16031;6311;235
2019-03;Norte;ACES Grande Porto III - Maia / Valongo;41.2333945,-8.6187474;37902;20706;406
2019-03;Norte;ACES Grande Porto II - Gondomar;41.1738444,-8.5612238;31409;19411;457
2019-04;Alentejo;Área dos CSP da ULS Alentejo Central;38.8442031,-7.5826619;32553;18446;325
2019-04;Alentejo;Área dos CSP da ULS Litoral Alentejano;38.3841359,-8.5132031;15327;5944;117
2019-04;Centro;ACES Pinhal Litoral;39.7495331,-8.807683;45362;18317;265
2019-04;Lisboa e Vale do Tejo;Área dos CSP da ULS Lezíria;39.2371689,-8.6908895;34713;14528;236
2019-04;Lisboa e Vale do Tejo;Área dos CSP da ULS Arrábida;38.5324373,-8.8627453;33816;12935;191
2019-04;Lisboa e Vale do Tejo;ACES Loures / Odivelas;38.8012718,-9.1137868;47877;15748;386
2019-04;Norte;Área dos CSP da ULS Nordeste;41.8069684,-6.7587977;21883;8308;245
2019-04;Norte;Área dos CSP da ULS Alto Minho;41.7056054,-8.8252713;48475;25157;658
2019-04;Norte;ACES Grande Porto VIII - Espinho / Gaia;41.0022421,-8.642018;30588;17670;353
2019-04;Norte;ACES Alto Trás-os-Montes - Alto Tâmega e Barroso;41.741781,-7.4731648;16043;6304;183
2019-04;Norte;ACES Grande Porto I - Santo Tirso / Trofa;41.3469246,-8.4822648;19579;11692;311
2019-04;Norte;ACES Grande Porto II - Gondomar;41.1738444,-8.5612238;31308;19627;397
2019-05;Alentejo;Área dos CSP da ULS Baixo Alentejo;38.0153039,-7.8627308;27619;15087;410
2019-05;Centro;Área dos CSP da ULS Guarda;40.5353285,-7.2724426;25652;11036;203
2019-05;Norte;ACES Douro I - Marão e Douro Norte;41.2968711,-7.7483727;20077;12513;270
2019-05;Norte;ACES Alto Ave - Guimarães, Vizela e Terras de Basto;41.4417064,-8.1722408;62354;23311;711
2019-05;Norte;ACES Tâmega I - Baixo Tâmega;41.2719719,-8.0791631;35167;15654;402
2019-05;Norte;ACES Entre Douro e Vouga I - Feira e Arouca;40.9263169,-8.5478813;30592;17664;467
2019-05;Norte;Área dos CSP da ULS Barcelos / Esposende;41.5317419,-8.6178922;33313;15037;355
2019-05;Região não Especificada;Desconhecido | Nacional;;1322;;
2019-06;Algarve;ACES Algarve III - Algarve Sotavento;37.383008,-7.7293275;9148;3806;145
2019-06;Centro;Área dos CSP da ULS Região de Aveiro;40.6405055,-8.6537539;58314;27569;412
2019-06;Centro;ACES Pinhal Interior Sul;39.7510898,-7.9203657;3927;3110;4
2019-06;Centro;Área dos CSP da ULS Cova da Beira;40.2677741,-7.4995083;11271;5874;42
2019-06;Lisboa e Vale do Tejo;Área dos CSP da ULS Estuário do Tejo;38.9528113,-8.9911154;33449;8250;177
2019-06;Lisboa e Vale do Tejo;ACES Amadora;38.7573081,-9.23429;19104;6172;124
2019-06;Lisboa e Vale do Tejo;ACES Lisboa Norte;38.7396924,-9.168506;27335;7820;302
2019-06;Lisboa e Vale do Tejo;Área dos CSP da ULS Lezíria;39.2371689,-8.6908895;30386;13211;232
2019-06;Norte;ACES Ave / Famalicão;41.3835805,-8.4157518;17509;9723;203
2019-06;Norte;ACES Alto Trás-os-Montes - Alto Tâmega e Barroso;41.741781,-7.4731648;13571;5880;185
2019-06;Norte;ACES Grande Porto I - Santo Tirso / Trofa;41.3469246,-8.4822648;17633;10770;297
2019-06;Norte;ACES Grande Porto VI - Porto Oriental;41.1694498,-8.6126428;15253;9114;229
2019-07;Alentejo;Área dos CSP da ULS Baixo Alentejo;38.0153039,-7.8627308;23242;12566;295
2019-07;Centro;Área dos CSP da ULS Região de Aveiro;40.6405055,-8.6537539;71470;33481;504
2019-07;Norte;ACES Cávado I - Braga;41.5518714,-8.4126362;33715;16775;426
2019-07;Norte;ACES Grande Porto III - Maia / Valongo;41.2333945,-8.6187474;37375;23592;371
2019-07;Norte;Área dos CSP da ULS Póvoa Varzim / Vila Conde;41.355519,-8.746653;26101;16689;341
2019-07;Norte;ACES Grande Porto VIII - Espinho / Gaia;41.0022421,-8.642018;31576;19774;310
2019-08;Alentejo;Área dos CSP da ULS Baixo Alentejo;38.0153039,-7.8627308;19438;10857;186
2019-08;Alentejo;Área dos CSP da ULS Alto Alentejo;39.2967086,-7.4284755;20015;11813;170
2019-08;Centro;Área dos CSP da ULS Guarda;40.5353285,-7.2724426;18898;8660;138
2019-08;Lisboa e Vale do Tejo;Área dos CSP da ULS Lezíria;39.2371689,-8.6908895;30472;13723;197
2019-08;Lisboa e Vale do Tejo;ACES Amadora;38.7573081,-9.23429;20445;6123;95
2019-08;Lisboa e Vale do Tejo;ACES Oeste Sul;39.0917759,-9.2600341;26508;10360;179
2019-08;Lisboa e Vale do Tejo;Área dos CSP da ULS Arco Ribeirinho;38.6672076,-9.0543329;29543;10662;174
2019-08;Norte;Área dos CSP da ULS Matosinhos;41.1918541,-8.6590693;25360;15881;342
2019-08;Norte;ACES Grande Porto VI - Porto Oriental;41.1694498,-8.6126428;16192;9622;217
2019-08;Norte;ACES Douro I - Marão e Douro Norte;41.2968711,-7.7483727;16072;10779;223
2019-08;Norte;ACES Grande Porto VIII - Espinho / Gaia;41.0022421,-8.642018;26241;17244;282
2019-08;Região não Especificada;Desconhecido | Nacional;;823;117;
2019-09;Alentejo;Área dos CSP da ULS Alto Alentejo;39.2967086,-7.4284755;23221;12433;260
2019-09;Centro;ACES Pinhal Litoral;39.7495331,-8.807683;43813;19339;277
2019-09;Lisboa e Vale do Tejo;ACES Lisboa Ocidental e Oeiras;38.6914388,-9.3184304;30602;10507;342
2019-09;Lisboa e Vale do Tejo;Área dos CSP da ULS Almada / Seixal;38.6678522,-9.1875777;55378;21293;417
2019-09;Norte;ACES Cávado II - Gerês / Cabreira;41.6298661,-8.3596897;18798;12723;274
2019-09;Norte;ACES Grande Porto V - Porto Ocidental;41.1741353,-8.6691662;26342;14244;307
2019-09;Norte;ACES Grande Porto VII - Gaia;41.1278433,-8.580396;24317;14277;278
2019-09;Norte;Área dos CSP da ULS Póvoa Varzim / Vila Conde;41.355519,-8.746653;24489;15650;324
2019-09;Norte;ACES Tâmega I - Baixo Tâmega;41.2719719,-8.0791631;32530;14025;329
2019-10;Alentejo;Área dos CSP da ULS Alentejo Central;38.8442031,-7.5826619;37726;21511;408
2019-10;Algarve;ACES Algarve I - Algarve Central;37.0274264,-7.9395984;44053;14765;334
2019-10;Centro;ACES Pinhal Litoral;39.7495331,-8.807683;50285;23310;407
2019-10;Centro;Área dos CSP da ULS Guarda;40.5353285,-7.2724426;26624;11944;219
2019-10;Centro;ACES Beira Interior Sul;39.8211367,-7.5036651;13099;6194;52
2019-10;Lisboa e Vale do Tejo;Área dos CSP da ULS Arco Ribeirinho;38.6672076,-9.0543329;39089;13210;208
2019-10;Lisboa e Vale do Tejo;ACES Lisboa Norte;38.7396924,-9.168506;42114;10957;393
2019-10;Lisboa e Vale do Tejo;ACES Lisboa Central;38.7306317,-9.1510414;43949;13123;396
2019-10;Lisboa e Vale do Tejo;ACES Amadora;38.7573081,-9.23429;26899;8351;136
2019-10;Lisboa e Vale do Tejo;ACES Loures / Odivelas;38.8012718,-9.1137868;57695;19529;504
2019-10;Norte;ACES Grande Porto V - Porto Ocidental;41.1741353,-8.6691662;31925;17284;385
2019-10;Norte;ACES Tâmega I - Baixo Tâmega;41.2719719,-8.0791631;37103;16119;380
2019-10;Norte;ACES Entre Douro e Vouga I - Feira e Arouca;40.9263169,-8.5478813;32897;19442;463
2019-10;Norte;ACES Tâmega III - Vale do Sousa Norte;41.2793583,-8.2787457;35936;20580;379
2019-11;Centro;Área dos CSP da ULS Viseu Dão-Lafões;40.6565861,-7.9124712;52482;20900;665
2019-11;Centro;Área dos CSP da ULS Cova da Beira;40.2677741,-7.4995083;13778;6764;47
2019-11;Lisboa e Vale do Tejo;ACES Lisboa Ocidental e Oeiras;38.6914388,-9.3184304;32846;10919;379
2019-11;Lisboa e Vale do Tejo;ACES Amadora;38.7573081,-9.23429;23342;6994;152
2019-11;Lisboa e Vale do Tejo;Área dos CSP da ULS Lezíria;39.2371689,-8.6908895;35148;14241;276
2019-11;Norte;ACES Grande Porto VI - Porto Oriental;41.1694498,-8.6126428;20862;10805;336
2019-11;Norte;ACES Tâmega II - Vale do Sousa Sul;41.1548155,-8.2163769;35446;18589;317
2019-11;Norte;ACES Entre Douro e Vouga I - Feira e Arouca;40.9263169,-8.5478813;29032;16242;423
2019-11;Norte;ACES Alto Trás-os-Montes - Alto Tâmega e Barroso;41.741781,-7.4731648;15473;6668;225
2019-11;Norte;ACES Alto Ave - Guimarães, Vizela e Terras de Basto;41.4417064,-8.1722408;56608;22493;631
2019-11;Norte;ACES Cávado II - Gerês / Cabreira;41.6298661,-8.3596897;18848;13146;344
2019-11;Região não Especificada;Desconhecido | Nacional;;844;128;
2019-11;Região não Especificada;Desconhecido | Nacional;;943;;
2019-12;Alentejo;Área dos CSP da ULS Baixo Alentejo;38.0153039,-7.8627308;20836;10663;218
2019-12;Alentejo;Área dos CSP da ULS Alto Alentejo;39.2967086,-7.4284755;21403;10563;200
2019-12;Lisboa e Vale do Tejo;ACES Lisboa Norte;38.7396924,-9.168506;31141;8175;268
2019-12;Norte;Área dos CSP da ULS Matosinhos;41.1918541,-8.6590693;27901;15511;352
2019-12;Norte;Área dos CSP da ULS Póvoa Varzim / Vila Conde;41.355519,-8.746653;21779;13262;298
2019-12;Norte;ACES Cávado I - Braga;41.5518714,-8.4126362;28030;13574;362
2019-12;Norte;Área dos CSP da ULS Barcelos / Esposende;41.5317419,-8.6178922;28094;12666;268
2019-12;Norte;ACES Entre Douro e Vouga II - Aveiro Norte;40.8472225,-8.4656674;20364;8855;262
2020-01;Alentejo;Área dos CSP da ULS Baixo Alentejo;38.0153039,-7.8627308;26670;13721;283
2020-01;Alentejo;Área dos CSP da ULS Litoral Alentejano;38.3841359,-8.5132031;13695;6655;117
2020-01;Centro;ACES Pinhal Interior Sul;39.7510898,-7.9203657;4832;4148;8
2020-01;Centro;ACES Beira Interior Sul;39.8211367,-7.5036651;12898;6007;61
2020-01;Centro;Área dos CSP da ULS Guarda;40.5353285,-7.2724426;25506;11184;197
2020-01;Lisboa e Vale do Tejo;Área dos CSP da ULS Almada / Seixal;38.6678522,-9.1875777;61263;23054;482
2020-01;Lisboa e Vale do Tejo;ACES Lisboa Central;38.7306317,-9.1510414;42423;11969;386
2020-01;Lisboa e Vale do Tejo;Área dos CSP da ULS Arco Ribeirinho;38.6672076,-9.0543329;37066;13012;218
2020-01;Lisboa e Vale do Tejo;ACES Cascais;38.69904,-9.3818008;29830;12970;281
2020-01;Lisboa e Vale do Tejo;ACES Oeste Sul;39.0917759,-9.2600341;31866;13364;205
2020-01;Norte;ACES Grande Porto III - Maia / Valongo;41.2333945,-8.6187474;41560;24708;473
2020-01;Norte;ACES Grande Porto I - Santo Tirso / Trofa;41.3469246,-8.4822648;22532;13834;383
2020-01;Norte;ACES Grande Porto VI - Porto Oriental;41.1694498,-8.6126428;22611;12180;376
2020-01;Norte;ACES Cávado II - Gerês / Cabreira;41.6298661,-8.3596897;20828;14156;312
2020-02;Alentejo;Área dos CSP da ULS Baixo Alentejo;38.0153039,-7.8627308;25219;11150;237
2020-02;Algarve;ACES Algarve II - Algarve Barlavento;37.1387554,-8.5445093;27541;7801;172
2020-02;Centro;ACES Beira Interior Sul;39.8211367,-7.5036651;11447;4840;50
2020-02;Centro;ACES Baixo Mondego;40.2150023,-8.4071805;63101;36806;571
2020-02;Lisboa e Vale do Tejo;ACES Oeste Norte;39.410844,-9.1396215;32982;12049;186
2020-02;Lisboa e Vale do Tejo;ACES Cascais;38.69904,-9.3818008;26981;11703;241
2020-02;Norte;ACES Grande Porto III - Maia / Valongo;41.2333945,-8.6187474;37238;20969;413
2020-02;Norte;ACES Entre Douro e Vouga I - Feira e Arouca;40.9263169,-8.5478813;28047;15807;349
2020-02;Norte;ACES Douro I - Marão e Douro Norte;41.2968711,-7.7483727;18112;10785;272
2020-02;Norte;ACES Cávado I - Braga;41.5518714,-8.4126362;32144;15510;407
2020-02;Norte;ACES Grande Porto V - Porto Ocidental;41.1741353,-8.6691662;26860;14052;335
2020-02;Norte;ACES Entre Douro e Vouga II - Aveiro Norte;40.8472225,-8.4656674;23324;9230;304
2020-02;Região não Especificada;Desconhecido | Nacional;;651;140;
2020-03;Alentejo;Área dos CSP da ULS Alto Alentejo;39.2967086,-7.4284755;18661;17156;207
2020-03;Centro;Área dos CSP da ULS Guarda;40.5353285,-7.2724426;15715;15022;127
2020-03;Centro;ACES Baixo Mondego;40.2150023,-8.4071805;42134;59797;403
2020-03;Centro;Área dos CSP da ULS Região de Aveiro;40.6405055,-8.6537539;47676;47674;365
2020-03;Lisboa e Vale do Tejo;ACES Loures / Odivelas;38.8012718,-9.1137868;36785;24796;223
2020-03;Norte;ACES Grande Porto V - Porto Ocidental;41.1741353,-8.6691662;19198;23653;198
2020-03;Norte;Área dos CSP da ULS Alto Minho;41.7056054,-8.8252713;32898;40478;366
2020-03;Região não Especificada;Desconhecido | Nacional;;286;216;
2020-04;Algarve;ACES Algarve II - Algarve Barlavento;37.1387554,-8.5445093;10027;12713;95
2020-04;Centro;Área dos CSP da ULS Viseu Dão-Lafões;40.6565861,-7.9124712;10985;46892;77
2020-04;Centro;Área dos CSP da ULS Guarda;40.5353285,-7.2724426;5884;17765;28
2020-04;Lisboa e Vale do Tejo;ACES Oeste Sul;39.0917759,-9.2600341;7388;25113;31
2020-04;Lisboa e Vale do Tejo;ACES Loures / Odivelas;38.8012718,-9.1137868;17948;37511;79
2020-04;Lisboa e Vale do Tejo;ACES Oeste Norte;39.410844,-9.1396215;9037;21172;25
2020-04;Lisboa e Vale do Tejo;Área dos CSP da ULS Almada / Seixal;38.6678522,-9.1875777;16773;37091;137
2020-04;Norte;Área dos CSP da ULS Alto Minho;41.7056054,-8.8252713;8204;57586;63
2020-04;Norte;ACES Grande Porto III - Maia / Valongo;41.2333945,-8.6187474;10298;37055;62
2020-04;Norte;ACES Tâmega I - Baixo Tâmega;41.2719719,-8.0791631;6298;32669;21
2020-04;Norte;ACES Entre Douro e Vouga II - Aveiro Norte;40.8472225,-8.4656674;4933;19524;115
2020-04;Norte;ACES Grande Porto VI - Porto Oriental;41.1694498,-8.6126428;5667;19644;35
2020-04;Norte;ACES Entre Douro e Vouga I - Feira e Arouca;40.9263169,-8.5478813;8108;29205;89
2020-04;Região não Especificada;Desconhecido | Nacional;;934;;
2020-05;Alentejo;Área dos CSP da ULS Baixo Alentejo;38.0153039,-7.8627308;11091;18292;131
2020-05;Centro;ACES Baixo Mondego;40.2150023,-8.4071805;24942;71588;303
2020-05;Lisboa e Vale do Tejo;ACES Amadora;38.7573081,-9.23429;8640;14220;25
2020-05;Lisboa e Vale do Tejo;Área dos CSP da ULS Arco Ribeirinho;38.6672076,-9.0543329;13010;30310;31
2020-05;Lisboa e Vale do Tejo;ACES Lisboa Norte;38.7396924,-9.168506;16431;23506;146
2020-05;Lisboa e Vale do Tejo;Área dos CSP da ULS Estuário do Tejo;38.9528113,-8.9911154;16346;24820;61
2020-05;Norte;ACES Grande Porto V - Porto Ocidental;41.1741353,-8.6691662;11646;31649;123
2020-05;Norte;ACES Alto Trás-os-Montes - Alto Tâmega e Barroso;41.741781,-7.4731648;5961;13510;87
2020-05;Norte;ACES Grande Porto VIII - Espinho / Gaia;41.0022421,-8.642018;13585;30159;307
2020-05;Norte;ACES Grande Porto VI - Porto Oriental;41.1694498,-8.6126428;3349;24728;78
2020-05;Norte;ACES Grande Porto VII - Gaia;41.1278433,-8.580396;8964;28122;168
2020-05;Norte;Área dos CSP da ULS Póvoa Varzim / Vila Conde;41.355519,-8.746653;7838;28848;144
2020-05;Norte;ACES Douro I - Marão e Douro Norte;41.2968711,-7.7483727;8201;18165;162
2020-05;Norte;ACES Cávado II - Gerês / Cabreira;41.6298661,-8.3596897;2720;21719;29
2020-06;Alentejo;Área dos CSP da ULS Litoral Alentejano;38.3841359,-8.5132031;8752;9705;47
2020-06;Algarve;ACES Algarve III - Algarve Sotavento;37.383008,-7.7293275;6883;7467;126
2020-06;Algarve;ACES Algarve II - Algarve Barlavento;37.1387554,-8.5445093;17970;13728;118
2020-06;Algarve;ACES Algarve I - Algarve Central;37.0274264,-7.9395984;25874;23864;183
2020-06;Centro;ACES Baixo Mondego;40.2150023,-8.4071805;32759;74367;416
2020-06;Lisboa e Vale do Tejo;ACES Amadora;38.7573081,-9.23429;12970;15053;12
2020-06;Lisboa e Vale do Tejo;ACES Lisboa Ocidental e Oeiras;38.6914388,-9.3184304;12943;39934;212
2020-06;Lisboa e Vale do Tejo;ACES Médio Tejo;39.478072,-8.5404429;25621;30714;136
2020-06;Norte;Área dos CSP da ULS Alto Minho;41.7056054,-8.8252713;15411;63462;184
2020-06;Norte;ACES Tâmega III - Vale do Sousa Norte;41.2793583,-8.2787457;9512;40761;75
2020-07;Algarve;ACES Algarve II - Algarve Barlavento;37.1387554,-8.5445093;21318;13921;131
2020-07;Centro;Área dos CSP da ULS Guarda;40.5353285,-7.2724426;17225;14244;97
2020-07;Centro;ACES Baixo Mondego;40.2150023,-8.4071805;37599;77966;371
2020-07;Centro;ACES Pinhal Interior Sul;39.7510898,-7.9203657;3776;4887;16
2020-07;Lisboa e Vale do Tejo;Área dos CSP da ULS Arrábida;38.5324373,-8.8627453;28136;24204;174
2020-07;Lisboa e Vale do Tejo;ACES Sintra;38.7519209,-9.2753636;25729;40079;96
2020-07;Lisboa e Vale do Tejo;Área dos CSP da ULS Arco Ribeirinho;38.6672076,-9.0543329;21610;28215;64
2020-07;Lisboa e Vale do Tejo;ACES Amadora;38.7573081,-9.23429;13013;16297;14
2020-07;Norte;ACES Ave / Famalicão;41.3835805,-8.4157518;9145;24988;287
2020-07;Norte;ACES Grande Porto VII - Gaia;41.1278433,-8.580396;14585;31536;244
2020-07;Norte;ACES Cávado II - Gerês / Cabreira;41.6298661,-8.3596897;5099;28090;95
2020-07;Norte;ACES Grande Porto VIII - Espinho / Gaia;41.0022421,-8.642018;18317;36218;357
2020-07;Norte;ACES Grande Porto I - Santo Tirso / Trofa;41.3469246,-8.4822648;10890;24545;243
2020-07;Norte;ACES Entre Douro e Vouga II - Aveiro Norte;40.8472225,-8.4656674;10798;24723;179
2020-08;Alentejo;Área dos CSP da ULS Alentejo Central;38.8442031,-7.5826619;18588;30216;192
2020-08;Algarve;ACES Algarve III - Algarve Sotavento;37.383008,-7.7293275;7979;6335;113
2020-08;Centro;ACES Pinhal Litoral;39.7495331,-8.807683;20736;41648;134
2020-08;Centro;ACES Pinhal Interior Sul;39.7510898,-7.9203657;3444;4724;6
2020-08;Lisboa e Vale do Tejo;ACES Médio Tejo;39.478072,-8.5404429;24329;29728;127
2020-08;Lisboa e Vale do Tejo;ACES Loures / Odivelas;38.8012718,-9.1137868;22863;37477;176
2020-08;Lisboa e Vale do Tejo;Área dos CSP da ULS Estuário do Tejo;38.9528113,-8.9911154;18953;26495;71
2020-08;Lisboa e Vale do Tejo;ACES Oeste Sul;39.0917759,-9.2600341;15235;24768;118
2020-08;Norte;ACES Entre Douro e Vouga I - Feira e Arouca;40.9263169,-8.5478813;10621;32764;154
2020-08;Norte;ACES Grande Porto VII - Gaia;41.1278433,-8.580396;13186;27547;213
2020-08;Norte;ACES Cávado II - Gerês / Cabreira;41.6298661,-8.3596897;5514;26466;77
2020-08;Norte;Área dos CSP da ULS Barcelos / Esposende;41.5317419,-8.6178922;13157;29640;282
2020-08;Região não Especificada;Desconhecido | Nacional;;693;;
2020-09;Alentejo;Área dos CSP da ULS Baixo Alentejo;38.0153039,-7.8627308;18220;20618;112
2020-09;Centro;ACES Pinhal Litoral;39.7495331,-8.807683;27168;47233;184
2020-09;Centro;Área dos CSP da ULS Cova da Beira;40.2677741,-7.4995083;10249;13404;35
2020-09;Lisboa e Vale do Tejo;Área dos CSP da ULS Arco Ribeirinho;38.6672076,-9.0543329;23021;25651;70
2020-09;Lisboa e Vale do Tejo;ACES Oeste Norte;39.410844,-9.1396215;23139;24224;96
2020-09;Lisboa e Vale do Tejo;Área dos CSP da ULS Lezíria;39.2371689,-8.6908895;28246;27989;178
2020-09;Lisboa e Vale do Tejo;ACES Cascais;38.69904,-9.3818008;16305;34072;87
2020-09;Lisboa e Vale do Tejo;ACES Oeste Sul;39.0917759,-9.2600341;17167;26967;102
2020-09;Lisboa e Vale do Tejo;ACES Loures / Odivelas;38.8012718,-9.1137868;30275;46667;177
2020-09;Norte;ACES Grande Porto III - Maia / Valongo;41.2333945,-8.6187474;24191;50592;240
2020-09;Norte;ACES Entre Douro e Vouga II - Aveiro Norte;40.8472225,-8.4656674;12267;26662;180
2020-09;Norte;Área dos CSP da ULS Póvoa Varzim / Vila Conde;41.355519,-8.746653;13386;38938;173
2020-09;Norte;ACES Douro II - Douro Sul;41.0953745,-7.8123805;8847;13032;298
2020-09;Norte;Área dos CSP da ULS Matosinhos;41.1918541,-8.6590693;16372;45472;241
2020-09;Norte;ACES Grande Porto I - Santo Tirso / Trofa;41.3469246,-8.4822648;12913;26556;261
2020-09;Norte;ACES Alto Ave - Guimarães, Vizela e Terras de Basto;41.4417064,-8.1722408;30112;67079;338
2020-09;Norte;ACES Douro I - Marão e Douro Norte;41.2968711,-7.7483727;11706;19996;132
2020-09;Região não Especificada;Desconhecido | Nacional;;1;;
2020-10;Centro;ACES Pinhal Litoral;39.7495331,-8.807683;28438;50542;305
2020-10;Lisboa e Vale do Tejo;ACES Sintra;38.7519209,-9.2753636;28519;46689;113
2020-10;Lisboa e Vale do Tejo;ACES Loures / Odivelas;38.8012718,-9.1137868;31932;56699;174
2020-10;Lisboa e Vale do Tejo;Área dos CSP da ULS Arco Ribeirinho;38.6672076,-9.0543329;24224;30168;114
2020-10;Lisboa e Vale do Tejo;Área dos CSP da ULS Almada / Seixal;38.6678522,-9.1875777;33481;56651;221
2020-10;Norte;ACES Grande Porto V - Porto Ocidental;41.1741353,-8.6691662;24113;44166;190
2020-10;Norte;ACES Grande Porto II - Gondomar;41.1738444,-8.5612238;14481;56298;136
2020-10;Norte;ACES Grande Porto VI - Porto Oriental;41.1694498,-8.6126428;13242;29907;174
2020-10;Norte;Área dos CSP da ULS Alto Minho;41.7056054,-8.8252713;25258;77809;372
2020-10;Norte;ACES Grande Porto I - Santo Tirso / Trofa;41.3469246,-8.4822648;13701;33755;265
2020-10;Região não Especificada;Desconhecido | Nacional;;112;1;
2020-11;Lisboa e Vale do Tejo;ACES Oeste Sul;39.0917759,-9.2600341;16567;31463;54
2020-11;Lisboa e Vale do Tejo;ACES Lisboa Central;38.7306317,-9.1510414;18061;41753;162
2020-11;Lisboa e Vale do Tejo;ACES Loures / Odivelas;38.8012718,-9.1137868;31136;53573;175
2020-11;Norte;ACES Tâmega III - Vale do Sousa Norte;41.2793583,-8.2787457;13807;56545;100
2020-11;Norte;Área dos CSP da ULS Póvoa Varzim / Vila Conde;41.355519,-8.746653;11289;44355;254
2020-11;Norte;ACES Cávado II - Gerês / Cabreira;41.6298661,-8.3596897;13101;28887;198
2020-11;Norte;ACES Grande Porto I - Santo Tirso / Trofa;41.3469246,-8.4822648;12221;40134;290
2020-11;Região não Especificada;Desconhecido | Nacional;;706;;
2020-12;Centro;ACES Pinhal Interior Sul;39.7510898,-7.9203657;2980;5163;6
2020-12;Centro;Área dos CSP da ULS Guarda;40.5353285,-7.2724426;14270;21516;59
2020-12;Lisboa e Vale do Tejo;ACES Loures / Odivelas;38.8012718,-9.1137868;24529;42868;129
2020-12;Lisboa e Vale do Tejo;ACES Oeste Norte;39.410844,-9.1396215;23741;23769;74
2020-12;Lisboa e Vale do Tejo;Área dos CSP da ULS Estuário do Tejo;38.9528113,-8.9911154;21728;27825;76
2020-12;Lisboa e Vale do Tejo;ACES Médio Tejo;39.478072,-8.5404429;25346;34291;101
2020-12;Norte;ACES Grande Porto VII - Gaia;41.1278433,-8.580396;11308;30795;176
2020-12;Norte;Área dos CSP da ULS Barcelos / Esposende;41.5317419,-8.6178922;14736;36485;107
2020-12;Norte;Área dos CSP da ULS Póvoa Varzim / Vila Conde;41.355519,-8.746653;9223;34413;228
2020-12;Norte;ACES Grande Porto VIII - Espinho / Gaia;41.0022421,-8.642018;16970;34088;198
2020-12;Norte;ACES Grande Porto V - Porto Ocidental;41.1741353,-8.6691662;16421;30365;194
2021-01;Alentejo;Área dos CSP da ULS Alentejo Central;38.8442031,-7.5826619;14824;55982;1697
2021-01;Centro;ACES Beira Interior Sul;39.8211367,-7.5036651;8229;14507;29
2021-01;Centro;ACES Pinhal Litoral;39.7495331,-8.807683;25160;60739;179
2021-01;Centro;Área dos CSP da ULS Guarda;40.5353285,-7.2724426;16315;27651;1583
2021-01;Centro;ACES Baixo Mondego;40.2150023,-8.4071805;34330;102026;333
2021-01;Lisboa e Vale do Tejo;Área dos CSP da ULS Arrábida;38.5324373,-8.8627453;29178;37088;149
2021-01;Lisboa e Vale do Tejo;Área dos CSP da ULS Lezíria;39.2371689,-8.6908895;20375;48715;88
2021-01;Lisboa e Vale do Tejo;Área dos CSP da ULS Estuário do Tejo;38.9528113,-8.9911154;29177;37787;57
2021-01;Lisboa e Vale do Tejo;ACES Oeste Sul;39.0917759,-9.2600341;11884;42744;56
2021-01;Lisboa e Vale do Tejo;Área dos CSP da ULS Almada / Seixal;38.6678522,-9.1875777;28874;62707;215
2021-01;Norte;ACES Tâmega II - Vale do Sousa Sul;41.1548155,-8.2163769;16600;42586;239
2021-01;Região não Especificada;Desconhecido | Nacional;;493;219;
2021-02;Algarve;ACES Algarve III - Algarve Sotavento;37.383008,-7.7293275;8044;6915;318
2021-02;Centro;Área dos CSP da ULS Viseu Dão-Lafões;40.6565861,-7.9124712;24802;60619;278
2021-02;Lisboa e Vale do Tejo;Área dos CSP da ULS Estuário do Tejo;38.9528113,-8.9911154;21522;34651;57
2021-02;Norte;ACES Tâmega III - Vale do Sousa Norte;41.2793583,-8.2787457;11874;40624;228
2021-02;Norte;ACES Grande Porto II - Gondomar;41.1738444,-8.5612238;10215;45936;164
2021-02;Norte;ACES Alto Ave - Guimarães, Vizela e Terras de Basto;41.4417064,-8.1722408;31841;54152;342
2021-02;Norte;Área dos CSP da ULS Nordeste;41.8069684,-6.7587977;12612;22710;171
2021-02;Norte;Área dos CSP da ULS Matosinhos;41.1918541,-8.6590693;18400;40468;317
2021-02;Região não Especificada;Desconhecido | Nacional;;463;275;
2021-03;Algarve;ACES Algarve II - Algarve Barlavento;37.1387554,-8.5445093;26543;13997;131
2021-03;Centro;Área dos CSP da ULS Região de Aveiro;40.6405055,-8.6537539;47726;75460;558
2021-03;Centro;ACES Beira Interior Sul;39.8211367,-7.5036651;9992;9992;26
2021-03;Lisboa e Vale do Tejo;Área dos CSP da ULS Estuário do Tejo;38.9528113,-8.9911154;22967;31346;67
2021-03;Lisboa e Vale do Tejo;Área dos CSP da ULS Arco Ribeirinho;38.6672076,-9.0543329;27005;23887;139
2021-03;Lisboa e Vale do Tejo;ACES Oeste Sul;39.0917759,-9.2600341;18699;30663;86
2021-03;Norte;ACES Tâmega II - Vale do Sousa Sul;41.1548155,-8.2163769;22937;39561;530
2021-03;Norte;ACES Tâmega I - Baixo Tâmega;41.2719719,-8.0791631;22597;34845;556
2021-03;Norte;ACES Cávado II - Gerês / Cabreira;41.6298661,-8.3596897;16582;24819;276
2021-03;Norte;ACES Ave / Famalicão;41.3835805,-8.4157518;15916;25157;286
2021-04;Algarve;ACES Algarve II - Algarve Barlavento;37.1387554,-8.5445093;24135;12671;98
2021-04;Centro;Área dos CSP da ULS Região de Aveiro;40.6405055,-8.6537539;45026;65424;423
2021-04;Centro;Área dos CSP da ULS Viseu Dão-Lafões;40.6565861,-7.9124712;32354;49013;320
2021-04;Lisboa e Vale do Tejo;ACES Sintra;38.7519209,-9.2753636;32757;35303;141
2021-04;Lisboa e Vale do Tejo;Área dos CSP da ULS Arco Ribeirinho;38.6672076,-9.0543329;26457;20302;130
2021-04;Lisboa e Vale do Tejo;ACES Cascais;38.69904,-9.3818008;15667;31200;113
2021-04;Norte;ACES Douro II - Douro Sul;41.0953745,-7.8123805;9879;12935;292
2021-04;Norte;ACES Douro I - Marão e Douro Norte;41.2968711,-7.7483727;12180;15965;261
2021-04;Norte;ACES Alto Trás-os-Montes - Alto Tâmega e Barroso;41.741781,-7.4731648;11116;13050;346
2021-04;Norte;ACES Grande Porto I - Santo Tirso / Trofa;41.3469246,-8.4822648;13135;22099;375
2021-04;Norte;ACES Grande Porto VIII - Espinho / Gaia;41.0022421,-8.642018;21075;35255;672
2021-04;Norte;ACES Cávado I - Braga;41.5518714,-8.4126362;22087;34735;731
2021-04;Norte;Área dos CSP da ULS Nordeste;41.8069684,-6.7587977;16307;15724;292
2021-05;Algarve;ACES Algarve I - Algarve Central;37.0274264,-7.9395984;33469;23708;177
2021-05;Centro;ACES Baixo Mondego;40.2150023,-8.4071805;46676;74198;522
2021-05;Centro;Área dos CSP da ULS Guarda;40.5353285,-7.2724426;20597;15177;50
2021-05;Centro;ACES Pinhal Interior Sul;39.7510898,-7.9203657;4158;4729;6
2021-05;Lisboa e Vale do Tejo;Área dos CSP da ULS Arco Ribeirinho;38.6672076,-9.0543329;29289;20391;117
2021-05;Norte;ACES Cávado II - Gerês / Cabreira;41.6298661,-8.3596897;17412;22316;208
2021-05;Norte;ACES Grande Porto II - Gondomar;41.1738444,-8.5612238;16196;47393;543
2021-05;Norte;ACES Tâmega I - Baixo Tâmega;41.2719719,-8.0791631;22291;30332;453
2021-05;Norte;Área dos CSP da ULS Barcelos / Esposende;41.5317419,-8.6178922;19179;30598;581
2021-06;Alentejo;Área dos CSP da ULS Litoral Alentejano;38.3841359,-8.5132031;12998;8662;176
2021-06;Centro;Área dos CSP da ULS Região de Aveiro;40.6405055,-8.6537539;46296;63327;332
2021-06;Lisboa e Vale do Tejo;ACES Lisboa Central;38.7306317,-9.1510414;23882;40811;168
2021-06;Lisboa e Vale do Tejo;ACES Lisboa Norte;38.7396924,-9.168506;24920;32923;179
2021-06;Lisboa e Vale do Tejo;ACES Sintra;38.7519209,-9.2753636;31639;34315;176
2021-06;Lisboa e Vale do Tejo;ACES Médio Tejo;39.478072,-8.5404429;28669;30021;138
2021-06;Norte;ACES Alto Trás-os-Montes - Alto Tâmega e Barroso;41.741781,-7.4731648;10514;11698;114
2021-06;Norte;ACES Tâmega I - Baixo Tâmega;41.2719719,-8.0791631;19832;27444;369
2021-06;Norte;ACES Cávado II - Gerês / Cabreira;41.6298661,-8.3596897;16183;20654;159
2021-06;Norte;ACES Grande Porto V - Porto Ocidental;41.1741353,-8.6691662;22439;26603;414
2021-06;Norte;ACES Tâmega III - Vale do Sousa Norte;41.2793583,-8.2787457;18049;35680;297
2021-06;Norte;ACES Cávado I - Braga;41.5518714,-8.4126362;20726;30603;368
2021-07;Centro;Área dos CSP da ULS Viseu Dão-Lafões;40.6565861,-7.9124712;35938;52456;422
2021-07;Centro;ACES Beira Interior Sul;39.8211367,-7.5036651;9366;8300;32
2021-07;Lisboa e Vale do Tejo;ACES Sintra;38.7519209,-9.2753636;33852;39755;175
2021-07;Lisboa e Vale do Tejo;Área dos CSP da ULS Almada / Seixal;38.6678522,-9.1875777;41783;48232;378
2021-07;Lisboa e Vale do Tejo;ACES Lisboa Norte;38.7396924,-9.168506;23145;33070;215
2021-07;Norte;ACES Entre Douro e Vouga II - Aveiro Norte;40.8472225,-8.4656674;15480;20395;203
2021-07;Norte;Área dos CSP da ULS Póvoa Varzim / Vila Conde;41.355519,-8.746653;15366;34386;250
2021-07;Norte;ACES Grande Porto VI - Porto Oriental;41.1694498,-8.6126428;14125;27082;219
2021-07;Norte;ACES Cávado II - Gerês / Cabreira;41.6298661,-8.3596897;18342;20087;128
2021-07;Norte;ACES Alto Trás-os-Montes - Alto Tâmega e Barroso;41.741781,-7.4731648;11043;12846;88
2021-07;Norte;ACES Ave / Famalicão;41.3835805,-8.4157518;18882;22281;289
2021-08;Alentejo;Área dos CSP da ULS Alentejo Central;38.8442031,-7.5826619;20928;33167;160
2021-08;Algarve;ACES Algarve II - Algarve Barlavento;37.1387554,-8.5445093;22650;14590;122
2021-08;Algarve;ACES Algarve I - Algarve Central;37.0274264,-7.9395984;30739;28434;412
2021-08;Norte;ACES Cávado I - Braga;41.5518714,-8.4126362;22698;29893;262
2021-08;Norte;ACES Douro II - Douro Sul;41.0953745,-7.8123805;9989;9395;229
2021-08;Região não Especificada;Desconhecido | Nacional;;1;;
2021-09;Alentejo;Área dos CSP da ULS Alentejo Central;38.8442031,-7.5826619;25003;34612;235
2021-09;Algarve;ACES Algarve III - Algarve Sotavento;37.383008,-7.7293275;9949;6537;84
2021-09;Algarve;ACES Algarve I - Algarve Central;37.0274264,-7.9395984;33020;25360;369
2021-09;Algarve;ACES Algarve II - Algarve Barlavento;37.1387554,-8.5445093;22259;13957;108
2021-09;Lisboa e Vale do Tejo;ACES Loures / Odivelas;38.8012718,-9.1137868;32691;38393;220
2021-09;Lisboa e Vale do Tejo;Área dos CSP da ULS Almada / Seixal;38.6678522,-9.1875777;41150;41159;359
2021-09;Norte;ACES Grande Porto V - Porto Ocidental;41.1741353,-8.6691662;25562;28249;272
2021-09;Norte;ACES Douro II - Douro Sul;41.0953745,-7.8123805;10848;10339;239
2021-09;Norte;Área dos CSP da ULS Matosinhos;41.1918541,-8.6590693;23759;34109;303
2021-10;Centro;Área dos CSP da ULS Viseu Dão-Lafões;40.6565861,-7.9124712;39831;44534;364
2021-10;Centro;Área dos CSP da ULS Cova da Beira;40.2677741,-7.4995083;11670;13901;26
2021-10;Lisboa e Vale do Tejo;Área dos CSP da ULS Estuário do Tejo;38.9528113,-8.9911154;30289;21286;121
2021-10;Lisboa e Vale do Tejo;ACES Cascais;38.69904,-9.3818008;20202;26157;143
2021-10;Norte;ACES Tâmega III - Vale do Sousa Norte;41.2793583,-8.2787457;22867;33049;306
2021-10;Norte;ACES Cávado I - Braga;41.5518714,-8.4126362;27042;31228;459
2021-10;Norte;ACES Grande Porto III - Maia / Valongo;41.2333945,-8.6187474;31424;42363;273
2021-10;Norte;ACES Tâmega I - Baixo Tâmega;41.2719719,-8.0791631;25177;26506;341
2021-10;Norte;ACES Grande Porto II - Gondomar;41.1738444,-8.5612238;19148;41394;260
2021-10;Norte;ACES Alto Trás-os-Montes - Alto Tâmega e Barroso;41.741781,-7.4731648;12980;12001;233
2021-10;Norte;ACES Grande Porto VIII - Espinho / Gaia;41.0022421,-8.642018;22987;34879;379
2021-10;Região não Especificada;Desconhecido | Nacional;;199;28;
2021-11;Centro;Área dos CSP da ULS Viseu Dão-Lafões;40.6565861,-7.9124712;46118;52012;483
2021-11;Centro;ACES Pinhal Litoral;39.7495331,-8.807683;39923;50383;337
2021-11;Lisboa e Vale do Tejo;ACES Amadora;38.7573081,-9.23429;24159;14401;73
2021-11;Norte;ACES Tâmega I - Baixo Tâmega;41.2719719,-8.0791631;29038;27936;755
2021-11;Norte;ACES Entre Douro e Vouga I - Feira e Arouca;40.9263169,-8.5478813;23221;41151;719
2021-11;Norte;ACES Grande Porto I - Santo Tirso / Trofa;41.3469246,-8.4822648;16634;23326;415
2021-11;Norte;Área dos CSP da ULS Póvoa Varzim / Vila Conde;41.355519,-8.746653;21775;32090;705
2021-12;Alentejo;Área dos CSP da ULS Litoral Alentejano;38.3841359,-8.5132031;12055;8852;80
2021-12;Centro;Área dos CSP da ULS Guarda;40.5353285,-7.2724426;18847;16355;102
2021-12;Centro;ACES Pinhal Litoral;39.7495331,-8.807683;27071;48039;201
2021-12;Centro;ACES Beira Interior Sul;39.8211367,-7.5036651;9256;9007;34
2021-12;Lisboa e Vale do Tejo;ACES Lisboa Norte;38.7396924,-9.168506;24579;32053;205
2021-12;Lisboa e Vale do Tejo;Área dos CSP da ULS Arrábida;38.5324373,-8.8627453;30974;23669;182
2021-12;Lisboa e Vale do Tejo;ACES Médio Tejo;39.478072,-8.5404429;26827;31577;140
2021-12;Norte;ACES Alto Trás-os-Montes - Alto Tâmega e Barroso;41.741781,-7.4731648;10939;10961;115
2021-12;Norte;ACES Grande Porto VI - Porto Oriental;41.1694498,-8.6126428;12003;22416;300
2021-12;Norte;ACES Cávado II - Gerês / Cabreira;41.6298661,-8.3596897;12622;20385;175
2021-12;Região não Especificada;Desconhecido | Nacional;;526;315;
2022-01;Algarve;ACES Algarve I - Algarve Central;37.0274264,-7.9395984;33786;35161;306
2022-01;Centro;ACES Baixo Mondego;40.2150023,-8.4071805;49462;80491;481
2022-01;Centro;ACES Pinhal Litoral;39.7495331,-8.807683;31263;53575;234
2022-01;Centro;ACES Beira Interior Sul;39.8211367,-7.5036651;8979;12622;30
2022-01;Lisboa e Vale do Tejo;ACES Oeste Sul;39.0917759,-9.2600341;17986;33281;47
2022-01;Lisboa e Vale do Tejo;ACES Lisboa Norte;38.7396924,-9.168506;25699;38595;176
2022-01;Lisboa e Vale do Tejo;ACES Lisboa Central;38.7306317,-9.1510414;26397;38846;302
2022-01;Norte;Área dos CSP da ULS Barcelos / Esposende;41.5317419,-8.6178922;19161;38949;286
2022-01;Norte;Área dos CSP da ULS Matosinhos;41.1918541,-8.6590693;28272;42960;231
2022-01;Norte;ACES Grande Porto VI - Porto Oriental;41.1694498,-8.6126428;13417;26923;190
2022-01;Norte;ACES Douro I - Marão e Douro Norte;41.2968711,-7.7483727;13395;22348;89
2022-01;Norte;ACES Cávado II - Gerês / Cabreira;41.6298661,-8.3596897;14748;24670;153
2022-01;Norte;ACES Alto Ave - Guimarães, Vizela e Terras de Basto;41.4417064,-8.1722408;41168;55302;399
2022-02;Centro;ACES Pinhal Interior Sul;39.7510898,-7.9203657;4281;4436;2
2022-02;Centro;Área dos CSP da ULS Região de Aveiro;40.6405055,-8.6537539;53570;51319;556
2022-02;Lisboa e Vale do Tejo;Área dos CSP da ULS Estuário do Tejo;38.9528113,-8.9911154;30931;19448;113
2022-02;Lisboa e Vale do Tejo;ACES Oeste Sul;39.0917759,-9.2600341;19731;20767;112
2022-02;Lisboa e Vale do Tejo;ACES Lisboa Ocidental e Oeiras;38.6914388,-9.3184304;22836;23428;309
2022-02;Lisboa e Vale do Tejo;ACES Lisboa Norte;38.7396924,-9.168506;29726;22644;325
2022-02;Lisboa e Vale do Tejo;ACES Oeste Norte;39.410844,-9.1396215;27207;19874;125
2022-02;Norte;Área dos CSP da ULS Barcelos / Esposende;41.5317419,-8.6178922;24851;24437;356
2022-02;Norte;ACES Grande Porto II - Gondomar;41.1738444,-8.5612238;21099;35215;295
2022-02;Norte;ACES Alto Trás-os-Montes - Alto Tâmega e Barroso;41.741781,-7.4731648;12839;10790;137
2022-02;Norte;ACES Grande Porto VI - Porto Oriental;41.1694498,-8.6126428;14772;18077;275
2022-02;Norte;ACES Cávado I - Braga;41.5518714,-8.4126362;28496;26788;399
2022-02;Norte;Área dos CSP da ULS Matosinhos;41.1918541,-8.6590693;23950;26960;335
2022-03;Algarve;ACES Algarve II - Algarve Barlavento;37.1387554,-8.5445093;28607;12644;150
2022-03;Centro;Área dos CSP da ULS Região de Aveiro;40.6405055,-8.6537539;64889;56469;668
2022-03;Centro;ACES Beira Interior Sul;39.8211367,-7.5036651;12460;8095;44
2022-03;Centro;Área dos CSP da ULS Guarda;40.5353285,-7.2724426;22788;15331;117
2022-03;Lisboa e Vale do Tejo;ACES Sintra;38.7519209,-9.2753636;43714;32127;342
2022-03;Lisboa e Vale do Tejo;ACES Lisboa Ocidental e Oeiras;38.6914388,-9.3184304;26584;24843;313
2022-03;Norte;ACES Grande Porto I - Santo Tirso / Trofa;41.3469246,-8.4822648;18799;19542;310
2022-03;Norte;ACES Cávado II - Gerês / Cabreira;41.6298661,-8.3596897;19945;19272;275
2022-03;Norte;ACES Alto Trás-os-Montes - Alto Tâmega e Barroso;41.741781,-7.4731648;16203;11602;132
2022-03;Norte;ACES Tâmega II - Vale do Sousa Sul;41.1548155,-8.2163769;35028;30412;404
2022-03;Norte;ACES Alto Ave - Guimarães, Vizela e Terras de Basto;41.4417064,-8.1722408;53477;42138;645
2022-03;Norte;Área dos CSP da ULS Barcelos / Esposende;41.5317419,-8.6178922;29088;26389;333
2022-03;Norte;ACES Grande Porto II - Gondomar;41.1738444,-8.5612238;27460;39274;379
2022-04;Algarve;ACES Algarve III - Algarve Sotavento;37.383008,-7.7293275;9737;5921;109
2022-04;Centro;ACES Pinhal Litoral;39.7495331,-8.807683;33310;33519;257
2022-04;Centro;Área dos CSP da ULS Viseu Dão-Lafões;40.6565861,-7.9124712;39582;31462;323
2022-04;Centro;Área dos CSP da ULS Cova da Beira;40.2677741,-7.4995083;10453;10268;55
2022-04;Lisboa e Vale do Tejo;Área dos CSP da ULS Arrábida;38.5324373,-8.8627453;27871;17102;150
2022-04;Lisboa e Vale do Tejo;ACES Lisboa Norte;38.7396924,-9.168506;26828;18067;216
2022-04;Lisboa e Vale do Tejo;ACES Loures / Odivelas;38.8012718,-9.1137868;35585;28402;280
2022-04;Lisboa e Vale do Tejo;ACES Oeste Norte;39.410844,-9.1396215;26272;19021;121
2022-04;Lisboa e Vale do Tejo;ACES Cascais;38.69904,-9.3818008;21763;20706;224
2022-04;Lisboa e Vale do Tejo;ACES Lisboa Ocidental e Oeiras;38.6914388,-9.3184304;22018;21166;242
2022-04;Norte;ACES Grande Porto VIII - Espinho / Gaia;41.0022421,-8.642018;25810;26788;307
2022-04;Norte;ACES Ave / Famalicão;41.3835805,-8.4157518;18337;17692;242
2022-04;Norte;ACES Tâmega III - Vale do Sousa Norte;41.2793583,-8.2787457;26226;24677;298
2022-04;Norte;Área dos CSP da ULS Nordeste;41.8069684,-6.7587977;16465;12583;177
2022-04;Norte;ACES Douro II - Douro Sul;41.0953745,-7.8123805;11722;7592;249
2022-05;Alentejo;Área dos CSP da ULS Alto Alentejo;39.2967086,-7.4284755;23997;16317;124
2022-05;Centro;Área dos CSP da ULS Guarda;40.5353285,-7.2724426;21467;14649;162
2022-05;Centro;ACES Beira Interior Sul;39.8211367,-7.5036651;11668;8321;48
2022-05;Centro;ACES Pinhal Litoral;39.7495331,-8.807683;40049;38553;288
2022-05;Lisboa e Vale do Tejo;ACES Loures / Odivelas;38.8012718,-9.1137868;44585;35274;297
2022-05;Lisboa e Vale do Tejo;ACES Amadora;38.7573081,-9.23429;23221;12699;63
2022-05;Lisboa e Vale do Tejo;Área dos CSP da ULS Almada / Seixal;38.6678522,-9.1875777;54570;42011;358
2022-05;Lisboa e Vale do Tejo;ACES Sintra;38.7519209,-9.2753636;46098;33067;290
2022-05;Norte;ACES Tâmega II - Vale do Sousa Sul;41.1548155,-8.2163769;33607;30334;410
2022-05;Norte;ACES Entre Douro e Vouga I - Feira e Arouca;40.9263169,-8.5478813;25916;29332;351
2022-05;Norte;ACES Alto Ave - Guimarães, Vizela e Terras de Basto;41.4417064,-8.1722408;51365;42528;638
2022-05;Norte;ACES Grande Porto III - Maia / Valongo;41.2333945,-8.6187474;37739;38616;403
2022-05;Norte;ACES Grande Porto VII - Gaia;41.1278433,-8.580396;25372;27755;405
2022-05;Norte;Área dos CSP da ULS Alto Minho;41.7056054,-8.8252713;46975;50233;720
2022-06;Algarve;ACES Algarve I - Algarve Central;37.0274264,-7.9395984;34569;20727;326
2022-06;Centro;Área dos CSP da ULS Guarda;40.5353285,-7.2724426;19171;13186;134
2022-06;Centro;ACES Pinhal Litoral;39.7495331,-8.807683;33047;34716;262
2022-06;Centro;ACES Pinhal Interior Sul;39.7510898,-7.9203657;4085;4644;12
2022-06;Lisboa e Vale do Tejo;ACES Cascais;38.69904,-9.3818008;21652;21453;210
2022-06;Lisboa e Vale do Tejo;ACES Oeste Norte;39.410844,-9.1396215;25483;20851;161
2022-06;Lisboa e Vale do Tejo;ACES Lisboa Ocidental e Oeiras;38.6914388,-9.3184304;21955;22715;278
2022-06;Lisboa e Vale do Tejo;Área dos CSP da ULS Arco Ribeirinho;38.6672076,-9.0543329;26390;17416;150
2022-06;Norte;Área dos CSP da ULS Alto Minho;41.7056054,-8.8252713;39673;43936;600
2022-06;Norte;ACES Tâmega I - Baixo Tâmega;41.2719719,-8.0791631;25984;21941;268
2022-06;Norte;Área dos CSP da ULS Matosinhos;41.1918541,-8.6590693;23177;26793;375
2022-06;Norte;ACES Cávado II - Gerês / Cabreira;41.6298661,-8.3596897;15192;17980;285
2022-06;Norte;ACES Tâmega II - Vale do Sousa Sul;41.1548155,-8.2163769;28769;26728;420
2022-07;Alentejo;Área dos CSP da ULS Alentejo Central;38.8442031,-7.5826619;27230;24753;191
2022-07;Centro;ACES Pinhal Interior Norte;40.1151262,-8.2473136;18075;18197;110
2022-07;Lisboa e Vale do Tejo;ACES Oeste Sul;39.0917759,-9.2600341;19468;19118;103
2022-07;Lisboa e Vale do Tejo;Área dos CSP da ULS Lezíria;39.2371689,-8.6908895;28795;21804;221
2022-07;Lisboa e Vale do Tejo;ACES Lisboa Central;38.7306317,-9.1510414;27429;21936;324
2022-07;Norte;Área dos CSP da ULS Matosinhos;41.1918541,-8.6590693;24023;27272;323
2022-07;Norte;ACES Grande Porto VII - Gaia;41.1278433,-8.580396;21579;23060;376
2022-07;Norte;ACES Tâmega I - Baixo Tâmega;41.2719719,-8.0791631;25524;20845;226
2022-07;Norte;Área dos CSP da ULS Nordeste;41.8069684,-6.7587977;16177;12537;170
2022-07;Norte;ACES Alto Trás-os-Montes - Alto Tâmega e Barroso;41.741781,-7.4731648;14009;9688;129
2022-07;Norte;ACES Entre Douro e Vouga II - Aveiro Norte;40.8472225,-8.4656674;20027;15281;209
2022-08;Alentejo;Área dos CSP da ULS Alentejo Central;38.8442031,-7.5826619;26042;25000;263
2022-08;Centro;Área dos CSP da ULS Viseu Dão-Lafões;40.6565861,-7.9124712;41243;32820;389
2022-08;Lisboa e Vale do Tejo;Área dos CSP da ULS Arrábida;38.5324373,-8.8627453;31580;19818;185
2022-08;Lisboa e Vale do Tejo;ACES Lisboa Norte;38.7396924,-9.168506;25416;18364;198
2022-08;Lisboa e Vale do Tejo;ACES Amadora;38.7573081,-9.23429;20256;11030;63
2022-08;Lisboa e Vale do Tejo;ACES Loures / Odivelas;38.8012718,-9.1137868;34875;29869;355
2022-08;Norte;ACES Entre Douro e Vouga I - Feira e Arouca;40.9263169,-8.5478813;20124;25738;260
2022-08;Norte;ACES Tâmega I - Baixo Tâmega;41.2719719,-8.0791631;26327;20790;245
2022-08;Norte;ACES Grande Porto VI - Porto Oriental;41.1694498,-8.6126428;16470;17624;313
2022-08;Norte;ACES Douro II - Douro Sul;41.0953745,-7.8123805;11148;8310;215
2022-08;Norte;ACES Ave / Famalicão;41.3835805,-8.4157518;16549;18193;156
2022-08;Norte;ACES Cávado II - Gerês / Cabreira;41.6298661,-8.3596897;15796;17890;201
2022-09;Alentejo;Área dos CSP da ULS Baixo Alentejo;38.0153039,-7.8627308;19429;15526;106
2022-09;Algarve;ACES Algarve I - Algarve Central;37.0274264,-7.9395984;38179;22633;323
2022-09;Centro;Área dos CSP da ULS Cova da Beira;40.2677741,-7.4995083;11838;12634;45
2022-09;Lisboa e Vale do Tejo;ACES Oeste Norte;39.410844,-9.1396215;26411;22027;85
2022-09;Lisboa e Vale do Tejo;ACES Oeste Sul;39.0917759,-9.2600341;21294;19745;101
2022-09;Lisboa e Vale do Tejo;Área dos CSP da ULS Lezíria;39.2371689,-8.6908895;32247;23710;226
2022-09;Lisboa e Vale do Tejo;ACES Sintra;38.7519209,-9.2753636;43766;31460;170
2022-09;Norte;ACES Entre Douro e Vouga II - Aveiro Norte;40.8472225,-8.4656674;21091;17501;315
2022-09;Norte;ACES Tâmega III - Vale do Sousa Norte;41.2793583,-8.2787457;27831;29651;409
2022-09;Norte;ACES Grande Porto III - Maia / Valongo;41.2333945,-8.6187474;34631;37606;344
2022-09;Norte;ACES Grande Porto II - Gondomar;41.1738444,-8.5612238;26888;36766;375
2022-09;Norte;ACES Douro I - Marão e Douro Norte;41.2968711,-7.7483727;15907;16588;219
2022-09;Norte;ACES Ave / Famalicão;41.3835805,-8.4157518;18885;20429;276
2022-10;Alentejo;Área dos CSP da ULS Litoral Alentejano;38.3841359,-8.5132031;14242;9498;68
2022-10;Centro;ACES Pinhal Interior Sul;39.7510898,-7.9203657;4040;4399;12
2022-10;Centro;Área dos CSP da ULS Cova da Beira;40.2677741,-7.4995083;11893;11606;49
2022-10;Lisboa e Vale do Tejo;ACES Lisboa Norte;38.7396924,-9.168506;29126;20437;221
2022-10;Lisboa e Vale do Tejo;ACES Oeste Sul;39.0917759,-9.2600341;20768;20304;99
2022-10;Lisboa e Vale do Tejo;ACES Médio Tejo;39.478072,-8.5404429;33037;26816;207
2022-10;Norte;Área dos CSP da ULS Póvoa Varzim / Vila Conde;41.355519,-8.746653;24588;27108;341
2022-10;Norte;ACES Tâmega III - Vale do Sousa Norte;41.2793583,-8.2787457;27981;29843;364
2022-10;Norte;ACES Cávado II - Gerês / Cabreira;41.6298661,-8.3596897;17120;19822;317
2022-10;Norte;ACES Douro I - Marão e Douro Norte;41.2968711,-7.7483727;16145;17540;278
2022-10;Norte;ACES Grande Porto II - Gondomar;41.1738444,-8.5612238;25955;35532;334
2022-10;Norte;ACES Grande Porto VI - Porto Oriental;41.1694498,-8.6126428;18424;20354;310
2022-10;Norte;ACES Douro II - Douro Sul;41.0953745,-7.8123805;12795;9323;277
2022-10;Região não Especificada;Desconhecido | Nacional;;599;352;
2022-11;Alentejo;Área dos CSP da ULS Alentejo Central;38.8442031,-7.5826619;33115;26906;270
2022-11;Algarve;ACES Algarve III - Algarve Sotavento;37.383008,-7.7293275;11725;7355;116
2022-11;Centro;Área dos CSP da ULS Guarda;40.5353285,-7.2724426;22648;15589;169
2022-11;Centro;ACES Pinhal Interior Sul;39.7510898,-7.9203657;4806;4519;7
2022-11;Centro;Área dos CSP da ULS Viseu Dão-Lafões;40.6565861,-7.9124712;47670;36921;528
2022-11;Centro;ACES Pinhal Litoral;39.7495331,-8.807683;42459;40577;315
2022-11;Lisboa e Vale do Tejo;ACES Lisboa Norte;38.7396924,-9.168506;31753;20562;243
2022-11;Lisboa e Vale do Tejo;ACES Cascais;38.69904,-9.3818008;28061;24748;223
2022-11;Lisboa e Vale do Tejo;ACES Oeste Norte;39.410844,-9.1396215;30609;23549;173
2022-11;Lisboa e Vale do Tejo;Área dos CSP da ULS Estuário do Tejo;38.9528113,-8.9911154;28870;18954;142
2022-11;Norte;ACES Grande Porto I - Santo Tirso / Trofa;41.3469246,-8.4822648;18939;19710;352
2022-11;Norte;Área dos CSP da ULS Nordeste;41.8069684,-6.7587977;20760;14704;283
2022-11;Norte;Área dos CSP da ULS Matosinhos;41.1918541,-8.6590693;28868;32000;369
2022-11;Norte;ACES Alto Ave - Guimarães, Vizela e Terras de Basto;41.4417064,-8.1722408;50790;42775;607
2022-12;Algarve;ACES Algarve I - Algarve Central;37.0274264,-7.9395984;30665;18563;265
2022-12;Centro;Área dos CSP da ULS Viseu Dão-Lafões;40.6565861,-7.9124712;39581;31013;340
2022-12;Centro;ACES Pinhal Interior Sul;39.7510898,-7.9203657;3415;3587;11
2022-12;Lisboa e Vale do Tejo;ACES Cascais;38.69904,-9.3818008;21677;19886;182
2022-12;Lisboa e Vale do Tejo;Área dos CSP da ULS Almada / Seixal;38.6678522,-9.1875777;42665;32716;300
2022-12;Lisboa e Vale do Tejo;ACES Lisboa Ocidental e Oeiras;38.6914388,-9.3184304;22161;18487;256
2022-12;Lisboa e Vale do Tejo;ACES Amadora;38.7573081,-9.23429;20556;10056;54
2022-12;Norte;ACES Grande Porto I - Santo Tirso / Trofa;41.3469246,-8.4822648;14907;16251;241
2023-01;Alentejo;Área dos CSP da ULS Litoral Alentejano;38.3841359,-8.5132031;16739;9748;102
2023-01;Centro;Área dos CSP da ULS Região de Aveiro;40.6405055,-8.6537539;64178;55557;573
2023-01;Lisboa e Vale do Tejo;Área dos CSP da ULS Arco Ribeirinho;38.6672076,-9.0543329;31714;19376;206
2023-01;Lisboa e Vale do Tejo;ACES Cascais;38.69904,-9.3818008;27781;25849;289
2023-01;Norte;ACES Douro I - Marão e Douro Norte;41.2968711,-7.7483727;17848;18135;287
2023-01;Norte;ACES Ave / Famalicão;41.3835805,-8.4157518;21040;20505;251
2023-01;Norte;ACES Tâmega I - Baixo Tâmega;41.2719719,-8.0791631;29520;23396;270
2023-01;Norte;ACES Grande Porto I - Santo Tirso / Trofa;41.3469246,-8.4822648;19673;20026;335
2023-02;Alentejo;Área dos CSP da ULS Litoral Alentejano;38.3841359,-8.5132031;13879;7812;74
2023-02;Centro;ACES Baixo Mondego;40.2150023,-8.4071805;53618;57398;471
2023-02;Centro;ACES Pinhal Interior Norte;40.1151262,-8.2473136;19154;19055;185
2023-02;Lisboa e Vale do Tejo;ACES Oeste Norte;39.410844,-9.1396215;28436;19389;172
2023-02;Norte;ACES Tâmega II - Vale do Sousa Sul;41.1548155,-8.2163769;30487;26038;370
2023-02;Norte;ACES Ave / Famalicão;41.3835805,-8.4157518;18348;17507;232
2023-02;Norte;ACES Cávado I - Braga;41.5518714,-8.4126362;30622;25797;436
2023-02;Região não Especificada;Desconhecido | Nacional;;485;273;
2023-03;Alentejo;Área dos CSP da ULS Alentejo Central;38.574093,-7.911785;34366;28205;236
2023-03;Alentejo;Área dos CSP da ULS Litoral Alentejano;38.039936,-8.731693;17397;9136;91
2023-03;Centro;Área dos CSP da ULS Viseu Dão-Lafões;40.659169,-7.915314;48936;35928;492
2023-03;Centro;Área dos CSP da ULS Cova da Beira;40.279552,-7.501801;15045;11334;63
2023-03;Lisboa e Vale do Tejo;ACES Loures / Odivelas;38.797701,-9.115877;48122;30562;482
2023-03;Norte;Área dos CSP da ULS Alto Minho;41.696866,-8.832522;47130;47303;627
2023-03;Norte;Área dos CSP da ULS Barcelos / Esposende;41.533628173,-8.6240622256;28516;26591;367
2023-03;Norte;ACES Grande Porto VII - Gaia;41.127363348,-8.5796956622;26244;26373;467
2023-03;Norte;ACES Grande Porto I - Santo Tirso / Trofa;41.346844614,-8.482973945;20725;19874;419
2023-03;Norte;ACES Cávado II - Gerês / Cabreira;41.629758698,-8.3591461276;19267;20141;294
2023-04;Algarve;ACES Algarve I - Algarve Central;37.02745056,-7.937649;32621;19933;280
2023-04;Centro;Área dos CSP da ULS Viseu Dão-Lafões;40.659169,-7.915314;40007;28431;363
2023-04;Centro;ACES Baixo Mondego;40.21578,-8.41058;48510;53898;397
2023-04;Lisboa e Vale do Tejo;ACES Oeste Norte;39.411452329,-9.1394549604;26202;17584;165
2023-04;Lisboa e Vale do Tejo;ACES Oeste Sul;39.079532265,-9.2569721248;25170;16012;120
2023-04;Lisboa e Vale do Tejo;Área dos CSP da ULS Arco Ribeirinho;38.669538907,-9.0530283486;25820;15482;140
2023-04;Norte;ACES Tâmega II - Vale do Sousa Sul;41.206266147,-8.2725028602;28766;24727;349
2023-04;Norte;ACES Grande Porto I - Santo Tirso / Trofa;41.346844614,-8.482973945;15502;15490;247
2023-04;Norte;ACES Douro I - Marão e Douro Norte;41.2969,-7.74841;13189;14251;253
2023-04;Norte;ACES Cávado I - Braga;41.547059616,-8.4278529356;27217;23992;420
2023-04;Norte;Área dos CSP da ULS Alto Minho;41.696866,-8.832522;37622;37063;576
2023-05;Alentejo;Área dos CSP da ULS Baixo Alentejo;38.014,-7.8675;22186;18592;196
2023-05;Centro;Área dos CSP da ULS Cova da Beira;40.279552,-7.501801;14045;12824;44
2023-05;Lisboa e Vale do Tejo;ACES Oeste Norte;39.411452329,-9.1394549604;32489;23238;204
2023-05;Lisboa e Vale do Tejo;ACES Lisboa Ocidental e Oeiras;38.69329057,-9.3178385229;31542;24468;482
2023-05;Lisboa e Vale do Tejo;ACES Médio Tejo;39.446082196,-8.5086017608;36221;27611;215
2023-05;Norte;ACES Grande Porto I - Santo Tirso / Trofa;41.346844614,-8.482973945;19832;19815;389
2023-05;Norte;ACES Grande Porto II - Gondomar;41.174369643,-8.5608546544;30093;36903;396
2023-05;Norte;ACES Grande Porto VI - Porto Oriental;41.169696,-8.612651;21445;22734;371
2023-05;Norte;ACES Entre Douro e Vouga II - Aveiro Norte;40.847818652,-8.4649314477;24071;18358;328
2023-06;Algarve;ACES Algarve I - Algarve Central;37.0274264,-7.9395984;35705;21281;244
2023-06;Centro;Área dos CSP da ULS Cova da Beira;40.2677741,-7.4995083;11884;10451;29
2023-06;Lisboa e Vale do Tejo;ACES Lisboa Central;38.7306317,-9.1510414;29877;22744;312
2023-06;Lisboa e Vale do Tejo;ACES Amadora;38.7573081,-9.23429;23228;11674;84
2023-06;Norte;ACES Cávado II - Gerês / Cabreira;41.6298661,-8.3596897;16110;17770;321
2023-06;Norte;ACES Grande Porto III - Maia / Valongo;41.2333945,-8.6187474;33739;34104;402
2023-06;Norte;Área dos CSP da ULS Matosinhos;41.1918541,-8.6590693;25350;28070;399
2023-06;Norte;ACES Grande Porto VIII - Espinho / Gaia;41.0022421,-8.642018;24867;27495;373
2023-06;Norte;ACES Douro I - Marão e Douro Norte;41.2968711,-7.7483727;13897;15212;212
2023-06;Norte;ACES Tâmega I - Baixo Tâmega;41.2719719,-8.0791631;27550;21337;245
2023-06;Norte;ACES Entre Douro e Vouga I - Feira e Arouca;40.9263169,-8.5478813;24689;24061;291
2023-07;Alentejo;Área dos CSP da ULS Alentejo Central;38.574093,-7.911785;26027;23838;212
2023-07;Algarve;ACES Algarve III - Algarve Sotavento;37.115865018,-7.6506054852;9039;6407;133
2023-07;Centro;Área dos CSP da ULS Região de Aveiro;40.6418,-8.65166;50181;47343;491
2023-07;Centro;ACES Pinhal Litoral;39.7464482,-8.8044873;29189;32542;188
2023-07;Centro;Área dos CSP da ULS Cova da Beira;40.279552,-7.501801;10158;10455;23
2023-07;Lisboa e Vale do Tejo;ACES Sintra;38.752326416,-9.274985919;39772;28890;173
2023-07;Lisboa e Vale do Tejo;Área dos CSP da ULS Almada / Seixal;38.6276044797217,-9.11368350111247;45989;35638;336
2023-07;Norte;Área dos CSP da ULS Nordeste;41.806816,-6.759102;17201;12333;155
2023-07;Norte;ACES Ave / Famalicão;41.383524892,-8.4155289584;16887;17987;190
2023-07;Norte;Área dos CSP da ULS Póvoa Varzim / Vila Conde;41.355472362,-8.7448970377;19023;24799;290
2023-08;Alentejo;Área dos CSP da ULS Litoral Alentejano;38.039936,-8.731693;13458;7945;72
2023-08;Algarve;ACES Algarve II - Algarve Barlavento;37.13765,-8.544009;23268;12233;112
2023-08;Centro;Área dos CSP da ULS Viseu Dão-Lafões;40.659169,-7.915314;43087;32476;403
2023-08;Centro;ACES Pinhal Interior Norte;40.111927,-8.246515;16479;19473;141
2023-08;Centro;Área dos CSP da ULS Guarda;40.5314,-7.27322;21131;12636;153
2023-08;Lisboa e Vale do Tejo;ACES Oeste Sul;39.079532265,-9.2569721248;26424;17459;120
2023-08;Norte;Área dos CSP da ULS Alto Minho;41.696866,-8.832522;38434;40736;406
2023-08;Norte;Área dos CSP da ULS Nordeste;41.806816,-6.759102;17830;13134;186
2023-09;Centro;ACES Beira Interior Sul;39.831269,-7.486884;9440;7317;31
2023-09;Centro;ACES Pinhal Interior Norte;40.111927,-8.246515;17552;19982;163
2023-09;Lisboa e Vale do Tejo;ACES Lisboa Norte;38.739567,-9.168651;26266;17572;218
2023-09;Lisboa e Vale do Tejo;ACES Oeste Norte;39.411452329,-9.1394549604;26522;20047;184
2023-09;Lisboa e Vale do Tejo;Área dos CSP da ULS Lezíria;39.237167,-8.688705;30781;21699;179
2023-09;Lisboa e Vale do Tejo;ACES Sintra;38.752326416,-9.274985919;39724;30275;176
2023-09;Norte;ACES Cávado II - Gerês / Cabreira;41.629758698,-8.3591461276;15668;18708;284
2023-09;Norte;Área dos CSP da ULS Alto Minho;41.696866,-8.832522;39012;41428;459
2023-09;Norte;ACES Grande Porto VII - Gaia;41.127363348,-8.5796956622;22691;24755;403
2023-09;Norte;ACES Tâmega III - Vale do Sousa Norte;41.280299,-8.278129;24368;28326;327
2023-09;Norte;Área dos CSP da ULS Nordeste;41.806816,-6.759102;18160;13583;194
2023-09;Norte;Área dos CSP da ULS Matosinhos;41.1807,-8.66314;25206;27910;290
2023-09;Norte;Área dos CSP da ULS Póvoa Varzim / Vila Conde;41.355472362,-8.7448970377;21423;26048;349
2023-09;Norte;ACES Entre Douro e Vouga I - Feira e Arouca;40.926349,-8.548039;24274;25467;302
2023-09;Norte;Área dos CSP da ULS Barcelos / Esposende;41.533628173,-8.6240622256;24758;25586;275
2023-09;Norte;ACES Douro II - Douro Sul;41.0828,-7.79611;11445;7908;167
2023-10;Algarve;ACES Algarve II - Algarve Barlavento;37.13765,-8.544009;23468;12652;74
2023-10;Centro;ACES Pinhal Interior Norte;40.111927,-8.246515;18369;20715;192
2023-10;Centro;ACES Baixo Mondego;40.21578,-8.41058;53661;66721;644
2023-10;Lisboa e Vale do Tejo;ACES Lisboa Ocidental e Oeiras;38.69329057,-9.3178385229;29011;23511;327
2023-10;Norte;ACES Entre Douro e Vouga I - Feira e Arouca;40.926349,-8.548039;25911;26665;451
2023-10;Norte;ACES Cávado I - Braga;41.547059616,-8.4278529356;31789;30550;544
2023-10;Norte;ACES Grande Porto III - Maia / Valongo;41.233597309,-8.6166174889;34675;37559;958
2023-10;Norte;ACES Douro I - Marão e Douro Norte;41.2969,-7.74841;15824;16454;261
2023-10;Norte;ACES Tâmega I - Baixo Tâmega;41.271319448,-8.0787110652;27377;23060;280
2023-11;Algarve;ACES Algarve III - Algarve Sotavento;37.115865018,-7.6506054852;10379;7206;139
2023-11;Centro;Área dos CSP da ULS Região de Aveiro;40.6418,-8.65166;61911;50971;772
2023-11;Centro;Área dos CSP da ULS Cova da Beira;40.279552,-7.501801;13910;10662;39
2023-11;Lisboa e Vale do Tejo;Área dos CSP da ULS Arrábida;38.531,-8.8874;35710;21496;282
2023-11;Lisboa e Vale do Tejo;ACES Amadora;38.75717,-9.23401;24676;12573;98
2023-11;Lisboa e Vale do Tejo;ACES Sintra;38.752326416,-9.274985919;42766;32170;260
2023-11;Lisboa e Vale do Tejo;ACES Médio Tejo;39.446082196,-8.5086017608;37182;25524;240
2023-11;Norte;ACES Cávado I - Braga;41.547059616,-8.4278529356;33978;30300;582
2023-11;Norte;ACES Entre Douro e Vouga I - Feira e Arouca;40.926349,-8.548039;26984;25350;388
2023-11;Norte;Área dos CSP da ULS Barcelos / Esposende;41.533628173,-8.6240622256;27294;25740;406
2023-11;Norte;Área dos CSP da ULS Alto Minho;41.696866,-8.832522;46701;42904;738
2023-11;Norte;Área dos CSP da ULS Nordeste;41.806816,-6.759102;19634;13482;281
2023-12;Centro;ACES Beira Interior Sul;39.831269,-7.486884;11795;5087;42
2023-12;Centro;ACES Pinhal Interior Sul;39.751436,-7.925101;7835;3317;10
2023-12;Lisboa e Vale do Tejo;Área dos CSP da ULS Almada / Seixal;38.6276044797217,-9.11368350111247;39963;32141;300
2023-12;Lisboa e Vale do Tejo;ACES Lisboa Norte;38.739567,-9.168651;24285;15157;183
2023-12;Lisboa e Vale do Tejo;ACES Oeste Sul;39.079532265,-9.2569721248;23813;15123;144
2023-12;Norte;ACES Douro I - Marão e Douro Norte;41.2969,-7.74841;14219;13627;222
2023-12;Norte;ACES Tâmega II - Vale do Sousa Sul;41.206266147,-8.2725028602;25137;22445;361
2023-12;Norte;ACES Grande Porto V - Porto Ocidental;41.160263,-8.681729;23788;20731;300
2024-01;Centro;Área dos CSP da ULS Baixo Mondego;40.130297609,-8.860696177;17230;20052;201
2024-01;Centro;Área dos CSP da ULS Coimbra;40.21578,-8.41058;70803;70233;737
2024-01;Lisboa e Vale do Tejo;Área dos CSP da ULS Lisboa Ocidental;38.698818794,-9.3815130504;58159;49147;712
2024-01;Lisboa e Vale do Tejo;Área dos CSP da ULS Oeste;39.411452329,-9.1394549604;32958;25717;277
2024-01;Lisboa e Vale do Tejo;Área dos CSP da ULS Estuário do Tejo;38.891077,-9.039536;30603;19754;132
2024-01;Lisboa e Vale do Tejo;Área dos CSP da ULS São José;38.7365023,-9.1313583;53463;36506;547
2024-01;Norte;Área dos CSP da ULS Nordeste;41.806816,-6.759102;24295;14065;288
2024-02;Alentejo;Área dos CSP da ULS Alto Alentejo;38.756986,-9.1460619;22116;14146;203
2024-02;Lisboa e Vale do Tejo;Área dos CSP da ULS Lisboa Ocidental;38.698818794,-9.3815130504;54404;43697;671
2024-02;Lisboa e Vale do Tejo;Área dos CSP da ULS Almada / Seixal;38.6276044797217,-9.11368350111247;50607;36108;479
2024-02;Norte;Área dos CSP da ULS Santo António;41.160263,-8.681729;58310;56653;916
2024-02;Norte;Área dos CSP da ULS Gaia / Espinho;41.127363348,-8.5796956622;59637;50355;883
2024-03;Alentejo;Área dos CSP da ULS Baixo Alentejo;38.014,-7.8675;20968;13600;207
2024-03;Algarve;Área dos CSP da ULS Algarve;37.02745056,-7.937649;75196;37430;666
2024-03;Lisboa e Vale do Tejo;Área dos CSP da ULS Loures / Odivelas;38.821769,-9.176301;26859;17248;277
2024-03;Lisboa e Vale do Tejo;Área dos CSP da ULS Arrábida;38.531,-8.8874;35050;18483;260
2024-03;Lisboa e Vale do Tejo;Área dos CSP da ULS Arco Ribeirinho;38.6527214050293,-9.05825614929199;29122;16647;181
2024-03;Norte;Área dos CSP da ULS Matosinhos;41.1807,-8.66314;28032;26218;384
2024-03;Norte;Área dos CSP da ULS Gaia / Espinho;41.127363348,-8.5796956622;58556;48070;903
2024-03;Norte;Área dos CSP da ULS Santo António;41.160263,-8.681729;57521;53347;886
2024-03;Norte;Área dos CSP da ULS Braga;41.629758698,-8.3591461276;52002;43143;795
2024-04;Alentejo;Área dos CSP da ULS Alto Alentejo;38.756986,-9.1460619;22369;14746;190
2024-04;Centro;Área dos CSP da ULS Baixo Mondego;40.130297609,-8.860696177;17332;18369;177
2024-04;Centro;Área dos CSP da ULS Cova da Beira;40.279552,-7.501801;14867;10178;21
2024-04;Norte;Área dos CSP da ULS Santo António;41.160263,-8.681729;62002;60291;906
2024-05;Centro;Área dos CSP da ULS Guarda;40.5314,-7.27322;29014;13457;194
2024-05;Centro;Área dos CSP da ULS Região de Aveiro;;68897;50444;884
2024-05;Lisboa e Vale do Tejo;Área dos CSP da ULS Médio Tejo;39.605565,-8.404399;28368;20596;159
2024-05;Lisboa e Vale do Tejo;Área dos CSP da ULS Arrábida;38.531,-8.8874;36514;20527;310
2024-06;Centro;Área dos CSP da ULS Castelo Branco;39.831269,-7.486884;20592;10185;53
2024-06;Centro;Área dos CSP da ULS Baixo Mondego;40.130297609,-8.860696177;15012;16352;168
2024-06;Lisboa e Vale do Tejo;Área dos CSP da ULS Arco Ribeirinho;38.6527214050293,-9.05825614929199;26727;16447;152
2024-06;Lisboa e Vale do Tejo;Área dos CSP da ULS Amadora / Sintra;38.75717,-9.23401;60988;39396;353
2024-06;Lisboa e Vale do Tejo;Área dos CSP da ULS Médio Tejo;39.605565,-8.404399;25293;18777;148
2024-06;Norte;Área dos CSP da ULS Tâmega e Sousa;41.206266147,-8.2725028602;79689;66094;1145
2024-06;Norte;Área dos CSP da ULS Nordeste;41.806816,-6.759102;20604;11539;348
2024-07;Alentejo;Área dos CSP da ULS Litoral Alentejano;38.039936,-8.731693;15879;7992;123
2024-07;Alentejo;Área dos CSP da ULS Alentejo Central;38.568838,-7.903064;34941;23507;366
2024-07;Centro;Área dos CSP da ULS Coimbra;40.21578,-8.41058;61508;63750;663
2024-07;Centro;Área dos CSP da ULS Viseu Dão-Lafões;40.659169,-7.915314;49358;33973;554
2024-07;Lisboa e Vale do Tejo;Área dos CSP da ULS Amadora / Sintra;38.75717,-9.23401;68354;44237;395
2024-07;Lisboa e Vale do Tejo;Área dos CSP da ULS Médio Tejo;39.605565,-8.404399;28752;21019;167
2024-07;Lisboa e Vale do Tejo;Área dos CSP da ULS Estuário do Tejo;38.891077,-9.039536;29846;19231;101
2024-07;Lisboa e Vale do Tejo;Área dos CSP da ULS Loures / Odivelas;38.821769,-9.176301;27759;19122;336
2024-07;Lisboa e Vale do Tejo;Área dos CSP da ULS São José;38.7365023,-9.1313583;51289;35826;509
2024-07;Norte;Área dos CSP da ULS Nordeste;41.806816,-6.759102;24125;12973;302
2024-07;Norte;Área dos CSP da ULS Médio Ave;41.346844614,-8.482973945;38655;37973;630
2024-07;Norte;Área dos CSP da ULS Matosinhos;41.1807,-8.66314;28144;28223;355
2024-07;Norte;Área dos CSP da ULS São João;41.169696,-8.612651;57044;58282;817
2024-08;Alentejo;Área dos CSP da ULS Alto Alentejo;39.3004940975133,-7.42635033349663;17732;12830;180
2024-08;Alentejo;Área dos CSP da ULS Baixo Alentejo;38.014,-7.8675;18942;12497;118
2024-08;Alentejo;Área dos CSP da ULS Litoral Alentejano;38.039936,-8.731693;14014;7394;109
2024-08;Lisboa e Vale do Tejo;Área dos CSP da ULS Médio Tejo;39.605565,-8.404399;24070;17252;122
2024-08;Lisboa e Vale do Tejo;Área dos CSP da ULS Lisboa Ocidental;38.698818794,-9.3815130504;44470;41024;518
2024-08;Lisboa e Vale do Tejo;Área dos CSP da ULS Lezíria;39.232503,-8.715083;29881;18875;230
2024-08;Norte;Área dos CSP da ULS Matosinhos;41.1807,-8.66314;23342;24410;289
2024-08;Norte;Área dos CSP da ULS Nordeste;41.806816,-6.759102;20464;11217;168
2024-08;Norte;Área dos CSP da ULS São João;41.169696,-8.612651;45284;48887;673
2024-09;Centro;Área dos CSP da ULS Região de Aveiro;;58968;48506;824
2024-09;Centro;Área dos CSP da ULS Viseu Dão-Lafões;40.659169,-7.915314;44431;31934;491
2024-09;Lisboa e Vale do Tejo;Área dos CSP da ULS Arrábida;38.531,-8.8874;31500;18640;258
2024-09;Lisboa e Vale do Tejo;Área dos CSP da ULS Lisboa Ocidental;38.698818794,-9.3815130504;49191;43725;514
2024-09;Lisboa e Vale do Tejo;Área dos CSP da ULS Arco Ribeirinho;38.6527214050293,-9.05825614929199;27379;18993;152
2024-09;Norte;Área dos CSP da ULS Braga;41.629758698,-8.3591461276;48975;47396;833
2024-10;Norte;Área dos CSP da ULS Entre Douro e Vouga;;63857;55922;1185
2024-11;Lisboa e Vale do Tejo;Área dos CSP da ULS Médio Tejo;39.605565,-8.404399;27252;19654;155
2024-11;Lisboa e Vale do Tejo;Área dos CSP da ULS Estuário do Tejo;38.891077,-9.039536;28896;18721;122
2024-11;Norte;Área dos CSP da ULS Alto Minho;41.696866,-8.832522;48782;39700;829
2024-11;Norte;Área dos CSP da ULS Braga;41.629758698,-8.3591461276;51714;48152;984
2024-12;Alentejo;Área dos CSP da ULS Alto Alentejo;39.3004940975133,-7.42635033349663;19423;13245;145
2024-12;Centro;Área dos CSP da ULS Guarda;40.5314,-7.27322;24486;12626;209
2024-12;Centro;Área dos CSP da ULS Região de Aveiro;;48264;38729;688
2024-12;Lisboa e Vale do Tejo;Área dos CSP da ULS Lisboa Ocidental;38.698818794,-9.3815130504;47980;43833;579
2024-12;Norte;Área dos CSP da ULS Póvoa Varzim / Vila Conde;41.355472362,-8.7448970377;19733;23652;375
2024-12;Norte;Área dos CSP da ULS Santo António;41.160263,-8.681729;48969;53726;658
2024-12;Norte;Área dos CSP da ULS Médio Ave;41.346844614,-8.482973945;32919;33755;611
2025-01;Centro;Área dos CSP da ULS Castelo Branco;39.831269,-7.486884;24035;11795;91
2025-01;Lisboa e Vale do Tejo;Área dos CSP da ULS Amadora / Sintra;38.75717,-9.23401;72633;49020;459
2025-01;Lisboa e Vale do Tejo;Área dos CSP da ULS Estuário do Tejo;38.891077,-9.039536;28768;20899;156
2025-01;Norte;Área dos CSP da ULS Matosinhos;41.1807,-8.66314;27298;33087;424
2025-01;Norte;Área dos CSP da ULS Alto Minho;41.696866,-8.832522;49468;44290;752
2025-01;Norte;Área dos CSP da ULS Gaia / Espinho;41.127363348,-8.5796956622;61803;60223;1103
2025-01;Norte;Área dos CSP da ULS Tâmega e Sousa;41.206266147,-8.2725028602;92441;83213;1249
2025-02;Centro;Área dos CSP da ULS Coimbra;40.21578,-8.41058;65502;64412;934
2025-02;Centro;Área dos CSP da ULS Viseu Dão-Lafões;40.659169,-7.915314;49468;33588;666
2025-02;Centro;Área dos CSP da ULS Guarda;40.5314,-7.27322;26833;13608;276
2025-02;Centro;Área dos CSP da ULS Baixo Mondego;40.130297609,-8.860696177;17272;18337;361
2025-02;Lisboa e Vale do Tejo;Área dos CSP da ULS Lezíria;39.232503,-8.715083;32456;20163;281
2025-02;Lisboa e Vale do Tejo;Área dos CSP da ULS Arrábida;38.531,-8.8874;35073;19991;257
2025-02;Lisboa e Vale do Tejo;Área dos CSP da ULS São José;38.7365023,-9.1313583;49705;32839;635
2025-02;Norte;Área dos CSP da ULS Entre Douro e Vouga;;58547;49051;912
2025-03;Alentejo;Área dos CSP da ULS Baixo Alentejo;38.014,-7.8675;21070;14333;143
2025-03;Algarve;Área dos CSP da ULS Algarve;37.02745056,-7.937649;73094;42083;716
2025-03;Centro;Área dos CSP da ULS Cova da Beira;40.279552,-7.501801;14133;10565;72
2025-03;Centro;Área dos CSP da ULS Viseu Dão-Lafões;40.659169,-7.915314;48764;34858;632
2025-03;Lisboa e Vale do Tejo;Área dos CSP da ULS Santa Maria;38.739567,-9.168651;42507;24202;382
2025-03;Norte;Área dos CSP da ULS Gaia / Espinho;41.127363348,-8.5796956622;54456;53748;951
2025-03;Norte;Área dos CSP da ULS Alto Ave;41.426805082,-8.2945278754;51487;41943;745
2025-03;Norte;Área dos CSP da ULS Alto Minho;41.696866,-8.832522;47347;39501;776
2025-03;Norte;Área dos CSP da ULS São João;41.169696,-8.612651;51514;57797;798
2025-04;Alentejo;Área dos CSP da ULS Baixo Alentejo;38.014,-7.8675;19546;13710;158
2025-04;Centro;Área dos CSP da ULS Castelo Branco;39.831269,-7.486884;20118;9609;105
2025-04;Centro;Área dos CSP da ULS Baixo Mondego;40.130297609,-8.860696177;15950;17561;264
2025-04;Centro;Área dos CSP da ULS Região de Leiria;39.7418,-8.79444;53541;45801;441
2025-04;Lisboa e Vale do Tejo;Área dos CSP da ULS Santa Maria;38.739567,-9.168651;40373;24032;318
2025-04;Lisboa e Vale do Tejo;Área dos CSP da ULS Amadora / Sintra;38.75717,-9.23401;62661;41733;396
2025-04;Lisboa e Vale do Tejo;Área dos CSP da ULS Estuário do Tejo;38.891077,-9.039536;25579;18234;170
2025-04;Lisboa e Vale do Tejo;Área dos CSP da ULS Oeste;39.411452329,-9.1394549604;29532;20766;174
2025-04;Norte;Área dos CSP da ULS Gaia / Espinho;41.127363348,-8.5796956622;50723;49894;899
2025-05;Alentejo;Área dos CSP da ULS Baixo Alentejo;38.014,-7.8675;21050;14850;218
2025-05;Centro;Área dos CSP da ULS Cova da Beira;40.279552,-7.501801;14006;11817;51
2025-05;Lisboa e Vale do Tejo;Área dos CSP da ULS Estuário do Tejo;38.891077,-9.039536;27745;20378;120
2025-05;Lisboa e Vale do Tejo;Área dos CSP da ULS Arrábida;38.531,-8.8874;35781;22042;226
2025-06;Alentejo;Área dos CSP da ULS Baixo Alentejo;38.009362882,-7.8559468083;18978;13536;154
2025-06;Centro;Área dos CSP da ULS Baixo Mondego;40.130297609,-8.860696177;15145;17107;238
2025-06;Norte;Área dos CSP da ULS Santo António;41.160263,-8.681729;45971;53928;691
2025-07;Centro;Área dos CSP da ULS Região de Leiria;39.7418,-8.79444;59581;51891;576
2025-07;Lisboa e Vale do Tejo;Área dos CSP da ULS Loures / Odivelas;38.821769,-9.176301;26129;20132;347
2025-07;Lisboa e Vale do Tejo;Área dos CSP da ULS Médio Tejo;39.605565,-8.404399;29133;20894;139
2025-07;Norte;Área dos CSP da ULS Gaia / Espinho;41.127363348,-8.5796956622;57764;55884;969
2025-07;Norte;Área dos CSP da ULS Braga;41.629758698,-8.3591461276;50781;51139;772
2025-07;Norte;Área dos CSP da ULS Alto Minho;41.696866,-8.832522;47253;40710;674
2025-08;Centro;Área dos CSP da ULS Região de Leiria;39.7418,-8.79444;48033;43544;413
2025-08;Centro;Área dos CSP da ULS Coimbra;40.21578,-8.41058;51429;54907;605
2025-08;Centro;Área dos CSP da ULS Guarda;40.5314,-7.27322;22506;10745;203
2025-08;Centro;Área dos CSP da ULS Cova da Beira;40.279552,-7.501801;11055;10288;30
2025-08;Lisboa e Vale do Tejo;Área dos CSP da ULS São José;38.7365023,-9.1313583;35933;29739;440
2025-08;Lisboa e Vale do Tejo;Área dos CSP da ULS Arrábida;38.531,-8.8874;30354;19740;216
2025-08;Lisboa e Vale do Tejo;Área dos CSP da ULS Estuário do Tejo;38.891077,-9.039536;23504;18134;110
2025-08;Norte;Área dos CSP da ULS Gaia / Espinho;41.127363348,-8.5796956622;46692;45976;772
2025-08;Norte;Área dos CSP da ULS Trás-os-Montes Alto Douro;41.2969,-7.74841;41723;29393;703
2025-08;Norte;Área dos CSP da ULS Nordeste;41.806816,-6.759102;22093;10597;328
2025-08;Norte;Área dos CSP da ULS Médio Ave;41.346844614,-8.482973945;27689;32619;510
2025-09;Alentejo;Área dos CSP da ULS Alto Alentejo;39.3004940975133,-7.42635033349663;20936;15306;141
2025-09;Centro;Área dos CSP da ULS Baixo Mondego;40.130297609,-8.860696177;16792;19489;263
2025-09;Centro;Área dos CSP da ULS Coimbra;40.21578,-8.41058;64315;68491;845
2025-09;Lisboa e Vale do Tejo;Área dos CSP da ULS Amadora / Sintra;38.752326416,-9.274985919;65020;46516;423
2025-09;Lisboa e Vale do Tejo;Área dos CSP da ULS Arco Ribeirinho;38.6527214050293,-9.05825614929199;29715;20840;231
2025-09;Lisboa e Vale do Tejo;Área dos CSP da ULS Oeste;39.4062582,-9.12709;31278;22509;165
2025-09;Lisboa e Vale do Tejo;Área dos CSP da ULS Santa Maria;38.739567,-9.168651;42554;26099;284
2025-09;Lisboa e Vale do Tejo;Área dos CSP da ULS Lezíria;39.232503,-8.715083;32912;21994;298
2025-09;Lisboa e Vale do Tejo;Área dos CSP da ULS Médio Tejo;39.605565,-8.404399;28271;21703;116
2025-09;Norte;Área dos CSP da ULS Matosinhos;41.1807,-8.66314;26674;32195;447
2025-10;Alentejo;Área dos CSP da ULS Alto Alentejo;39.3004940975133,-7.42635033349663;23641;15896;181
2025-10;Lisboa e Vale do Tejo;Área dos CSP da ULS Santa Maria;38.739567,-9.168651;46498;29761;358
2025-10;Lisboa e Vale do Tejo;Área dos CSP da ULS Almada / Seixal;38.6276044797217,-9.11368350111247;49515;41318;506
2025-10;Lisboa e Vale do Tejo;Área dos CSP da ULS Oeste;39.4062582,-9.12709;33686;24998;279
2025-10;Norte;Área dos CSP da ULS Trás-os-Montes Alto Douro;41.2969,-7.74841;51771;37878;1089
2025-10;Norte;Área dos CSP da ULS Nordeste;41.806816,-6.759102;26620;13790;577
2025-11;Alentejo;Área dos CSP da ULS Baixo Alentejo;38.009362882,-7.8559468083;20305;15617;153
2025-11;Alentejo;Área dos CSP da ULS Alto Alentejo;39.3004940975133,-7.42635033349663;21757;13549;183
2025-11;Lisboa e Vale do Tejo;Área dos CSP da ULS Almada / Seixal;38.6276044797217,-9.11368350111247;44069;36428;508
2025-11;Lisboa e Vale do Tejo;Área dos CSP da ULS Lezíria;39.232503,-8.715083;32241;21782;242
2025-11;Norte;Área dos CSP da ULS Póvoa Varzim / Vila Conde;41.355472362,-8.7448970377;21239;26525;401
2025-11;Norte;Área dos CSP da ULS Alto Minho;41.696866,-8.832522;48074;40100;848
2025-12;Centro;Área dos CSP da ULS Coimbra;40.21578,-8.41058;56053;58732;598
2025-12;Lisboa e Vale do Tejo;Área dos CSP da ULS Santa Maria;38.739567,-9.168651;34290;23176;194
2025-12;Lisboa e Vale do Tejo;Área dos CSP da ULS Arco Ribeirinho;38.6527214050293,-9.05825614929199;23652;18556;144
2025-12;Lisboa e Vale do Tejo;Área dos CSP da ULS Loures / Odivelas;38.821769,-9.176301;21037;16902;243
2025-12;Norte;Área dos CSP da ULS Alto Minho;41.696866,-8.832522;38819;36220;546
2025-12;Norte;Área dos CSP da ULS Barcelos / Esposende;41.533628173,-8.6240622256;22525;22686;398
2026-01;Alentejo;Área dos CSP da ULS Baixo Alentejo;38.009362882,-7.8559468083;22074;16444;228
2026-01;Lisboa e Vale do Tejo;Área dos CSP da ULS Lisboa Ocidental;38.698818794,-9.3815130504;55978;51081;718
2026-01;Lisboa e Vale do Tejo;Área dos CSP da ULS Loures / Odivelas;38.821769,-9.176301;26981;20766;320
2026-01;Lisboa e Vale do Tejo;Área dos CSP da ULS Estuário do Tejo;38.891077,-9.039536;28665;20195;145
2026-01;Norte;Área dos CSP da ULS Trás-os-Montes Alto Douro;41.2969,-7.74841;47972;33875;983
2026-01;Norte;Área dos CSP da ULS Alto Ave;41.426805082,-8.2945278754;56330;46355;805
2026-02;Centro;Área dos CSP da ULS Baixo Mondego;40.130297609,-8.860696177;15548;18353;306
2026-02;Centro;Área dos CSP da ULS Guarda;40.5314,-7.27322;24395;12352;374
2026-02;Centro;Área dos CSP da ULS Coimbra;40.21578,-8.41058;58710;59368;842
2026-02;Centro;Área dos CSP da ULS Região de Aveiro;40.6418,-8.65166;48453;40421;835
2026-02;Lisboa e Vale do Tejo;Área dos CSP da ULS São José;38.7365023,-9.1313583;44387;32552;558
2026-02;Norte;Área dos CSP da ULS Entre Douro e Vouga;40.926349,-8.548039;52784;47541;889
2026-02;Norte;Área dos CSP da ULS São João;41.169696,-8.612651;46013;53833;852
2026-02;Norte;Área dos CSP da ULS Tâmega e Sousa;41.206266147,-8.2725028602;76103;73158;1136
2026-03;Algarve;Área dos CSP da ULS Algarve;37.02745056,-7.937649;74600;47348;745
2026-03;Centro;Área dos CSP da ULS Viseu Dão-Lafões;40.659169,-7.915314;52341;37098;829
2026-03;Lisboa e Vale do Tejo;Área dos CSP da ULS Arco Ribeirinho;38.6527214050293,-9.05825614929199;29958;21650;230
2026-03;Lisboa e Vale do Tejo;Área dos CSP da ULS Estuário do Tejo;38.891077,-9.039536;30384;19309;150
2026-03;Lisboa e Vale do Tejo;Área dos CSP da ULS Loures / Odivelas;38.821769,-9.176301;27882;20769;359
2026-03;Norte;Área dos CSP da ULS Trás-os-Montes Alto Douro;41.2969,-7.74841;49314;34692;1076
2015-09;Norte;ACES Grande Porto I - Santo Tirso / Trofa;41.3469246,-8.4822648;21053;12007;203
2015-09;Norte;ACES Grande Porto VI - Porto Oriental;41.1694498,-8.6126428;20981;9029;242
2015-09;Norte;ACES Entre Douro e Vouga II - Aveiro Norte;40.8472225,-8.4656674;23351;8837;236
2015-09;Norte;ACES Tâmega I - Baixo Tâmega;41.2719719,-8.0791631;32320;11889;212
2015-09;Norte;ACES Ave / Famalicão;41.3835805,-8.4157518;22385;9419;209
2015-09;Norte;ACES Grande Porto III - Maia / Valongo;41.2333945,-8.6187474;36175;19754;399
2015-09;Norte;ACES Douro II - Douro Sul;41.0953745,-7.8123805;15600;5719;183
2015-09;Norte;Área dos CSP da ULS Matosinhos;41.1918541,-8.6590693;31194;16243;359
2015-09;Norte;ACES Entre Douro e Vouga I - Feira e Arouca;40.9263169,-8.5478813;29324;15463;336
2015-10;Alentejo;Área dos CSP da ULS Alto Alentejo;39.2967086,-7.4284755;27710;13523;514
2015-10;Algarve;ACES Algarve III - Algarve Sotavento;37.383008,-7.7293275;10490;4730;101
2015-10;Algarve;ACES Algarve I - Algarve Central;37.0274264,-7.9395984;37981;12986;310
2015-10;Centro;Área dos CSP da ULS Região de Aveiro;40.6405055,-8.6537539;78242;31528;560
2015-10;Centro;Área dos CSP da ULS Guarda;40.5353285,-7.2724426;26534;10867;229
2015-10;Centro;Área dos CSP da ULS Viseu Dão-Lafões;40.6565861,-7.9124712;53135;18933;802
2015-10;Lisboa e Vale do Tejo;Área dos CSP da ULS Estuário do Tejo;38.9528113,-8.9911154;38590;8244;195
2015-10;Lisboa e Vale do Tejo;Área dos CSP da ULS Lezíria;39.2371689,-8.6908895;38252;15029;394
2015-10;Lisboa e Vale do Tejo;ACES Lisboa Central;38.7306317,-9.1510414;41206;10845;223
2015-10;Lisboa e Vale do Tejo;Área dos CSP da ULS Almada / Seixal;38.6678522,-9.1875777;65932;21759;629
2015-10;Lisboa e Vale do Tejo;ACES Lisboa Ocidental e Oeiras;38.6914388,-9.3184304;37338;9864;373
2015-10;Lisboa e Vale do Tejo;ACES Lisboa Norte;38.7396924,-9.168506;37874;7831;438
2015-10;Norte;ACES Ave / Famalicão;41.3835805,-8.4157518;24921;9860;240
2015-10;Norte;Área dos CSP da ULS Alto Minho;41.7056054,-8.8252713;57079;26043;836
2015-10;Norte;Área dos CSP da ULS Póvoa Varzim / Vila Conde;41.355519,-8.746653;27877;15285;342
2015-10;Norte;ACES Grande Porto III - Maia / Valongo;41.2333945,-8.6187474;41525;21311;521
2015-10;Norte;ACES Douro II - Douro Sul;41.0953745,-7.8123805;16381;6314;211
2015-11;Centro;Área dos CSP da ULS Viseu Dão-Lafões;40.6565861,-7.9124712;51018;17682;669
2015-11;Centro;Área dos CSP da ULS Região de Aveiro;40.6405055,-8.6537539;76521;29118;459
2015-11;Lisboa e Vale do Tejo;ACES Lisboa Ocidental e Oeiras;38.6914388,-9.3184304;34335;8603;343
2015-11;Lisboa e Vale do Tejo;ACES Lisboa Central;38.7306317,-9.1510414;39720;9621;218
2015-11;Norte;ACES Grande Porto VIII - Espinho / Gaia;41.0022421,-8.642018;36732;17816;436
2015-11;Norte;ACES Cávado I - Braga;41.5518714,-8.4126362;32399;13363;534
2015-11;Norte;ACES Grande Porto VI - Porto Oriental;41.1694498,-8.6126428;22016;9006;282
2015-11;Norte;ACES Douro I - Marão e Douro Norte;41.2968711,-7.7483727;20979;10689;293
2015-11;Norte;ACES Grande Porto III - Maia / Valongo;41.2333945,-8.6187474;40131;19315;471
2015-11;Norte;ACES Entre Douro e Vouga II - Aveiro Norte;40.8472225,-8.4656674;24240;8279;288
2015-11;Norte;ACES Tâmega II - Vale do Sousa Sul;41.1548155,-8.2163769;36971;15253;417
2015-11;Região não Especificada;Desconhecido | Nacional;;924;;
2015-12;Alentejo;Área dos CSP da ULS Litoral Alentejano;38.3841359,-8.5132031;12921;6143;68
2015-12;Alentejo;Área dos CSP da ULS Alentejo Central;38.8442031,-7.5826619;30956;17290;322
2015-12;Centro;ACES Baixo Mondego;40.2150023,-8.4071805;45893;28594;340
2015-12;Lisboa e Vale do Tejo;ACES Médio Tejo;39.478072,-8.5404429;39300;11399;338
2015-12;Lisboa e Vale do Tejo;ACES Lisboa Central;38.7306317,-9.1510414;34188;8934;233
2015-12;Lisboa e Vale do Tejo;Área dos CSP da ULS Almada / Seixal;38.6678522,-9.1875777;53857;18347;550
2015-12;Norte;Área dos CSP da ULS Póvoa Varzim / Vila Conde;41.355519,-8.746653;23032;13721;284
2015-12;Norte;Área dos CSP da ULS Nordeste;41.8069684,-6.7587977;19301;7846;245
2015-12;Norte;ACES Douro II - Douro Sul;41.0953745,-7.8123805;13757;5549;145
2016-01;Centro;Área dos CSP da ULS Guarda;40.5353285,-7.2724426;25993;10188;197
2016-01;Centro;ACES Pinhal Interior Sul;39.7510898,-7.9203657;5532;3264;10
2016-01;Centro;ACES Pinhal Interior Norte;40.1151262,-8.2473136;22119;14124;188
2016-01;Lisboa e Vale do Tejo;Área dos CSP da ULS Estuário do Tejo;38.9528113,-8.9911154;38294;7616;202
2016-01;Lisboa e Vale do Tejo;ACES Sintra;38.7519209,-9.2753636;50132;12679;277
2016-01;Lisboa e Vale do Tejo;ACES Oeste Sul;39.0917759,-9.2600341;31076;8314;358
2016-01;Lisboa e Vale do Tejo;Área dos CSP da ULS Almada / Seixal;38.6678522,-9.1875777;59870;20267;602
2016-01;Norte;ACES Cávado I - Braga;41.5518714,-8.4126362;31239;13240;467
2016-01;Norte;ACES Alto Trás-os-Montes - Alto Tâmega e Barroso;41.741781,-7.4731648;15674;6981;164
2016-01;Norte;ACES Cávado II - Gerês / Cabreira;41.6298661,-8.3596897;18465;12106;300
2016-01;Região não Especificada;Desconhecido | Nacional;;157;78;
2016-02;Alentejo;Área dos CSP da ULS Litoral Alentejano;38.3841359,-8.5132031;14707;6114;117
2016-02;Algarve;ACES Algarve III - Algarve Sotavento;37.383008,-7.7293275;10924;4110;142
2016-02;Algarve;ACES Algarve II - Algarve Barlavento;37.1387554,-8.5445093;23850;8478;164
2016-02;Centro;ACES Beira Interior Sul;39.8211367,-7.5036651;11711;4765;29
2016-02;Lisboa e Vale do Tejo;ACES Loures / Odivelas;38.8012718,-9.1137868;52859;12951;393
2016-02;Norte;ACES Ave / Famalicão;41.3835805,-8.4157518;23168;8713;222
2016-02;Norte;ACES Tâmega II - Vale do Sousa Sul;41.1548155,-8.2163769;36753;14652;481
2016-02;Norte;ACES Tâmega III - Vale do Sousa Norte;41.2793583,-8.2787457;29885;14203;311
2016-02;Norte;ACES Entre Douro e Vouga I - Feira e Arouca;40.9263169,-8.5478813;31149;14535;366
2016-03;Centro;ACES Beira Interior Sul;39.8211367,-7.5036651;13140;5642;25
2016-03;Centro;Área dos CSP da ULS Região de Aveiro;40.6405055,-8.6537539;81472;29386;622
2016-03;Centro;ACES Pinhal Interior Sul;39.7510898,-7.9203657;5763;3142;8
2016-03;Centro;ACES Pinhal Interior Norte;40.1151262,-8.2473136;23931;14637;235
2016-03;Lisboa e Vale do Tejo;ACES Cascais;38.69904,-9.3818008;28232;9174;173
2016-03;Lisboa e Vale do Tejo;ACES Oeste Norte;39.410844,-9.1396215;38705;13379;295
2016-03;Lisboa e Vale do Tejo;ACES Lisboa Central;38.7306317,-9.1510414;41802;10099;259
2016-03;Norte;ACES Ave / Famalicão;41.3835805,-8.4157518;25029;9180;271
2016-03;Norte;ACES Alto Trás-os-Montes - Alto Tâmega e Barroso;41.741781,-7.4731648;17591;6611;192
2016-03;Norte;ACES Cávado II - Gerês / Cabreira;41.6298661,-8.3596897;20383;10912;290
2016-03;Norte;Área dos CSP da ULS Póvoa Varzim / Vila Conde;41.355519,-8.746653;28699;14316;349
2016-03;Norte;ACES Tâmega I - Baixo Tâmega;41.2719719,-8.0791631;34597;11639;302
2016-03;Região não Especificada;Desconhecido | Nacional;;375;112;
2016-04;Algarve;ACES Algarve II - Algarve Barlavento;37.1387554,-8.5445093;25456;7682;119
2016-04;Centro;ACES Pinhal Interior Sul;39.7510898,-7.9203657;5140;2767;6
2016-04;Centro;Área dos CSP da ULS Cova da Beira;40.2677741,-7.4995083;13757;5590;26
2016-04;Lisboa e Vale do Tejo;ACES Oeste Norte;39.410844,-9.1396215;34377;12195;273
2016-04;Lisboa e Vale do Tejo;ACES Lisboa Norte;38.7396924,-9.168506;33104;7467;445
2016-04;Lisboa e Vale do Tejo;ACES Médio Tejo;39.478072,-8.5404429;43606;12778;375
2016-04;Norte;ACES Tâmega III - Vale do Sousa Norte;41.2793583,-8.2787457;29805;14298;291
2016-04;Norte;ACES Entre Douro e Vouga II - Aveiro Norte;40.8472225,-8.4656674;21486;8435;249
2016-04;Norte;ACES Douro II - Douro Sul;41.0953745,-7.8123805;14864;5811;201
2016-04;Norte;ACES Tâmega I - Baixo Tâmega;41.2719719,-8.0791631;32555;12453;297
2016-04;Norte;Área dos CSP da ULS Matosinhos;41.1918541,-8.6590693;31256;15275;353
2016-04;Região não Especificada;Desconhecido | Nacional;;145;86;
2016-05;Alentejo;Área dos CSP da ULS Alto Alentejo;39.2967086,-7.4284755;26577;13908;489
2016-05;Algarve;ACES Algarve III - Algarve Sotavento;37.383008,-7.7293275;11265;4408;166
2016-05;Centro;ACES Pinhal Litoral;39.7495331,-8.807683;45709;16357;182
2016-05;Lisboa e Vale do Tejo;ACES Lisboa Norte;38.7396924,-9.168506;36110;8174;457
2016-05;Lisboa e Vale do Tejo;ACES Loures / Odivelas;38.8012718,-9.1137868;53681;13844;341
2016-05;Norte;ACES Entre Douro e Vouga II - Aveiro Norte;40.8472225,-8.4656674;23677;9120;314
2016-05;Norte;Área dos CSP da ULS Matosinhos;41.1918541,-8.6590693;31758;16365;367
2016-05;Norte;ACES Alto Trás-os-Montes - Alto Tâmega e Barroso;41.741781,-7.4731648;16164;6632;225
2016-05;Norte;ACES Cávado II - Gerês / Cabreira;41.6298661,-8.3596897;19335;11687;324
2016-05;Norte;ACES Douro II - Douro Sul;41.0953745,-7.8123805;15695;6226;200
2016-05;Norte;ACES Cávado I - Braga;41.5518714,-8.4126362;34721;14444;524
2016-05;Norte;Área dos CSP da ULS Barcelos / Esposende;41.5317419,-8.6178922;32029;14085;310
2016-05;Região não Especificada;Desconhecido | Nacional;;43;;
2016-06;Alentejo;Área dos CSP da ULS Litoral Alentejano;38.3841359,-8.5132031;14309;6771;103
2016-06;Alentejo;Área dos CSP da ULS Baixo Alentejo;38.0153039,-7.8627308;24985;13490;344
2016-06;Centro;ACES Baixo Mondego;40.2150023,-8.4071805;62326;33268;467
2016-06;Lisboa e Vale do Tejo;ACES Loures / Odivelas;38.8012718,-9.1137868;51508;14213;362
2016-06;Lisboa e Vale do Tejo;ACES Oeste Sul;39.0917759,-9.2600341;29420;8455;328
2016-06;Lisboa e Vale do Tejo;ACES Oeste Norte;39.410844,-9.1396215;31961;12525;251
2016-06;Norte;ACES Grande Porto VII - Gaia;41.1278433,-8.580396;22983;13136;372
2016-06;Norte;Área dos CSP da ULS Nordeste;41.8069684,-6.7587977;24000;8514;377
2016-06;Norte;ACES Ave / Famalicão;41.3835805,-8.4157518;20670;8650;209
2016-07;Centro;ACES Baixo Mondego;40.2150023,-8.4071805;54079;31866;362
2016-07;Lisboa e Vale do Tejo;ACES Sintra;38.7519209,-9.2753636;44659;12296;197
2016-07;Lisboa e Vale do Tejo;ACES Médio Tejo;39.478072,-8.5404429;37354;12379;255
2016-07;Lisboa e Vale do Tejo;ACES Oeste Norte;39.410844,-9.1396215;30324;12210;196
2016-07;Norte;Área dos CSP da ULS Alto Minho;41.7056054,-8.8252713;48742;22507;618
2016-07;Norte;ACES Grande Porto V - Porto Ocidental;41.1741353,-8.6691662;25657;12219;370
2016-07;Norte;ACES Tâmega III - Vale do Sousa Norte;41.2793583,-8.2787457;27584;13399;223
2016-07;Norte;Área dos CSP da ULS Póvoa Varzim / Vila Conde;41.355519,-8.746653;23747;13340;303
2016-07;Norte;ACES Entre Douro e Vouga II - Aveiro Norte;40.8472225,-8.4656674;20533;8186;213
2016-08;Alentejo;Área dos CSP da ULS Alentejo Central;38.8442031,-7.5826619;30870;18456;301
2016-08;Centro;Área dos CSP da ULS Cova da Beira;40.2677741,-7.4995083;10975;5124;21
2016-08;Centro;ACES Pinhal Interior Sul;39.7510898,-7.9203657;4173;2929;3
2016-08;Centro;Área dos CSP da ULS Guarda;40.5353285,-7.2724426;19739;9309;131
2016-08;Lisboa e Vale do Tejo;ACES Médio Tejo;39.478072,-8.5404429;35354;12761;261
2016-08;Lisboa e Vale do Tejo;ACES Lisboa Ocidental e Oeiras;38.6914388,-9.3184304;26791;8638;271
2016-08;Lisboa e Vale do Tejo;Área dos CSP da ULS Estuário do Tejo;38.9528113,-8.9911154;32270;7484;143
2016-08;Lisboa e Vale do Tejo;Área dos CSP da ULS Arco Ribeirinho;38.6672076,-9.0543329;28683;10257;154
2016-08;Lisboa e Vale do Tejo;Área dos CSP da ULS Arrábida;38.5324373,-8.8627453;29789;13459;187
2016-08;Lisboa e Vale do Tejo;ACES Cascais;38.69904,-9.3818008;22611;6604;133
2016-08;Norte;ACES Grande Porto VIII - Espinho / Gaia;41.0022421,-8.642018;29998;18471;351
2016-08;Norte;ACES Ave / Famalicão;41.3835805,-8.4157518;18986;8237;159
2016-08;Norte;Área dos CSP da ULS Alto Minho;41.7056054,-8.8252713;48262;24888;556
2016-08;Região não Especificada;Desconhecido | Nacional;;118;67;
2016-09;Alentejo;Área dos CSP da ULS Alto Alentejo;39.2967086,-7.4284755;25143;14120;360
2016-09;Alentejo;Área dos CSP da ULS Litoral Alentejano;38.3841359,-8.5132031;15030;7424;101
2016-09;Alentejo;Área dos CSP da ULS Alentejo Central;38.8442031,-7.5826619;34147;19680;296
2016-09;Centro;ACES Pinhal Litoral;39.7495331,-8.807683;45481;17576;154
2016-09;Lisboa e Vale do Tejo;ACES Lisboa Norte;38.7396924,-9.168506;32062;8195;400
2016-09;Lisboa e Vale do Tejo;ACES Oeste Sul;39.0917759,-9.2600341;30288;8961;274
2016-09;Norte;Área dos CSP da ULS Barcelos / Esposende;41.5317419,-8.6178922;31203;14468;276
2016-09;Norte;ACES Entre Douro e Vouga I - Feira e Arouca;40.9263169,-8.5478813;29329;16602;355
2016-09;Norte;ACES Entre Douro e Vouga II - Aveiro Norte;40.8472225,-8.4656674;23548;9695;252
2016-09;Norte;Área dos CSP da ULS Matosinhos;41.1918541,-8.6590693;30910;17155;366
2016-09;Norte;ACES Ave / Famalicão;41.3835805,-8.4157518;22352;9945;211
2016-09;Norte;Área dos CSP da ULS Póvoa Varzim / Vila Conde;41.355519,-8.746653;27055;15465;316
2016-09;Região não Especificada;Desconhecido | Nacional;;731;;
2016-10;Alentejo;Área dos CSP da ULS Alentejo Central;38.8442031,-7.5826619;36208;19320;375
2016-10;Algarve;ACES Algarve I - Algarve Central;37.0274264,-7.9395984;36620;12406;230
2016-10;Algarve;ACES Algarve III - Algarve Sotavento;37.383008,-7.7293275;10335;4749;90
2016-10;Centro;ACES Pinhal Interior Norte;40.1151262,-8.2473136;22797;16466;204
2016-10;Lisboa e Vale do Tejo;Área dos CSP da ULS Arco Ribeirinho;38.6672076,-9.0543329;32862;10539;176
2016-10;Norte;ACES Tâmega I - Baixo Tâmega;41.2719719,-8.0791631;33000;13951;315
2016-10;Norte;ACES Grande Porto VII - Gaia;41.1278433,-8.580396;24789;15321;336
2016-10;Norte;ACES Ave / Famalicão;41.3835805,-8.4157518;22376;9902;238
2016-10;Norte;ACES Cávado I - Braga;41.5518714,-8.4126362;32213;15493;508
2016-10;Região não Especificada;Desconhecido | Nacional;;825;;
2016-11;Alentejo;Área dos CSP da ULS Alentejo Central;38.8442031,-7.5826619;39846;19278;481
2016-11;Algarve;ACES Algarve II - Algarve Barlavento;37.1387554,-8.5445093;25797;8556;130
2016-11;Centro;ACES Baixo Mondego;40.2150023,-8.4071805;65365;37414;525
2016-11;Centro;Área dos CSP da ULS Guarda;40.5353285,-7.2724426;25579;10767;180
2016-11;Lisboa e Vale do Tejo;Área dos CSP da ULS Lezíria;39.2371689,-8.6908895;37402;15632;248
2016-11;Lisboa e Vale do Tejo;ACES Cascais;38.69904,-9.3818008;29189;6774;157
2016-11;Lisboa e Vale do Tejo;Área dos CSP da ULS Arrábida;38.5324373,-8.8627453;34447;13942;309
2016-11;Lisboa e Vale do Tejo;Área dos CSP da ULS Estuário do Tejo;38.9528113,-8.9911154;42189;7679;199
2016-11;Norte;ACES Tâmega II - Vale do Sousa Sul;41.1548155,-8.2163769;38332;16809;446
2016-11;Norte;Área dos CSP da ULS Nordeste;41.8069684,-6.7587977;24775;9014;545
2016-11;Norte;Área dos CSP da ULS Póvoa Varzim / Vila Conde;41.355519,-8.746653;26859;15875;419
2016-11;Norte;ACES Douro I - Marão e Douro Norte;41.2968711,-7.7483727;20930;11701;369
2016-11;Norte;Área dos CSP da ULS Matosinhos;41.1918541,-8.6590693;32890;17786;374
2016-11;Norte;ACES Tâmega I - Baixo Tâmega;41.2719719,-8.0791631;35199;13464;417
2016-11;Norte;ACES Grande Porto III - Maia / Valongo;41.2333945,-8.6187474;40799;21431;458
2016-12;Centro;Área dos CSP da ULS Viseu Dão-Lafões;40.6565861,-7.9124712;44315;17442;559
2016-12;Lisboa e Vale do Tejo;ACES Lisboa Ocidental e Oeiras;38.6914388,-9.3184304;31339;9209;332
2016-12;Lisboa e Vale do Tejo;Área dos CSP da ULS Almada / Seixal;38.6678522,-9.1875777;52998;17640;551
2016-12;Lisboa e Vale do Tejo;ACES Loures / Odivelas;38.8012718,-9.1137868;46585;13645;285
2016-12;Lisboa e Vale do Tejo;ACES Amadora;38.7573081,-9.23429;24090;5705;114
2016-12;Norte;ACES Tâmega III - Vale do Sousa Norte;41.2793583,-8.2787457;26554;14319;311
2016-12;Norte;ACES Cávado II - Gerês / Cabreira;41.6298661,-8.3596897;15892;10980;283
2016-12;Norte;ACES Grande Porto I - Santo Tirso / Trofa;41.3469246,-8.4822648;18845;11009;240
2016-12;Norte;ACES Entre Douro e Vouga I - Feira e Arouca;40.9263169,-8.5478813;26316;14263;384
2016-12;Norte;Área dos CSP da ULS Matosinhos;41.1918541,-8.6590693;28468;16969;450
2016-12;Norte;ACES Alto Trás-os-Montes - Alto Tâmega e Barroso;41.741781,-7.4731648;12631;5707;115
2016-12;Norte;ACES Grande Porto VII - Gaia;41.1278433,-8.580396;21744;13327;298
2016-12;Região não Especificada;Desconhecido | Nacional;;118;58;
2017-01;Algarve;ACES Algarve I - Algarve Central;37.0274264,-7.9395984;41057;12874;321
2017-01;Centro;ACES Beira Interior Sul;39.8211367,-7.5036651;13763;6094;43
2017-01;Centro;Área dos CSP da ULS Região de Aveiro;40.6405055,-8.6537539;83971;32222;761
2017-01;Centro;Área dos CSP da ULS Viseu Dão-Lafões;40.6565861,-7.9124712;55792;20585;803
2017-01;Lisboa e Vale do Tejo;Área dos CSP da ULS Arrábida;38.5324373,-8.8627453;36117;14502;283
2017-01;Lisboa e Vale do Tejo;ACES Amadora;38.7573081,-9.23429;28295;6144;148
2017-01;Norte;ACES Grande Porto VIII - Espinho / Gaia;41.0022421,-8.642018;37500;19955;517
2017-01;Norte;Área dos CSP da ULS Póvoa Varzim / Vila Conde;41.355519,-8.746653;29489;16047;479
2017-01;Norte;ACES Cávado I - Braga;41.5518714,-8.4126362;36920;15519;600
2017-01;Norte;ACES Grande Porto I - Santo Tirso / Trofa;41.3469246,-8.4822648;22326;14061;333
2017-02;Alentejo;Área dos CSP da ULS Litoral Alentejano;38.3841359,-8.5132031;15963;5853;147
2017-02;Algarve;ACES Algarve I - Algarve Central;37.0274264,-7.9395984;35717;10522;229
2017-02;Centro;Área dos CSP da ULS Região de Aveiro;40.6405055,-8.6537539;71033;25897;592
2017-02;Centro;ACES Baixo Mondego;40.2150023,-8.4071805;57798;32208;446
2017-02;Centro;ACES Pinhal Interior Norte;40.1151262,-8.2473136;21900;13696;262
2017-02;Lisboa e Vale do Tejo;Área dos CSP da ULS Arrábida;38.5324373,-8.8627453;32332;11505;245
2017-02;Norte;ACES Grande Porto VII - Gaia;41.1278433,-8.580396;23173;12468;321
2017-02;Norte;ACES Douro II - Douro Sul;41.0953745,-7.8123805;14894;5273;200
2017-02;Norte;ACES Grande Porto II - Gondomar;41.1738444,-8.5612238;30199;15732;385
2017-02;Norte;Área dos CSP da ULS Póvoa Varzim / Vila Conde;41.355519,-8.746653;24395;13212;345
2017-02;Norte;ACES Cávado I - Braga;41.5518714,-8.4126362;30836;13012;502
2017-02;Norte;ACES Entre Douro e Vouga II - Aveiro Norte;40.8472225,-8.4656674;21950;7934;290
2017-02;Norte;Área dos CSP da ULS Alto Minho;41.7056054,-8.8252713;50179;21392;752
2017-03;Algarve;ACES Algarve I - Algarve Central;37.0274264,-7.9395984;43713;12618;290
2017-03;Centro;Área dos CSP da ULS Guarda;40.5353285,-7.2724426;28406;10860;184
2017-03;Centro;Área dos CSP da ULS Região de Aveiro;40.6405055,-8.6537539;86875;32397;691
2017-03;Lisboa e Vale do Tejo;ACES Médio Tejo;39.478072,-8.5404429;50900;14205;316
2017-03;Lisboa e Vale do Tejo;ACES Amadora;38.7573081,-9.23429;28733;6676;170
2017-03;Lisboa e Vale do Tejo;ACES Cascais;38.69904,-9.3818008;32278;10101;162
2017-03;Lisboa e Vale do Tejo;Área dos CSP da ULS Almada / Seixal;38.6678522,-9.1875777;65809;21909;572
2017-03;Lisboa e Vale do Tejo;ACES Lisboa Central;38.7306317,-9.1510414;45063;11162;302
2017-03;Lisboa e Vale do Tejo;Área dos CSP da ULS Estuário do Tejo;38.9528113,-8.9911154;46148;8353;163
2017-03;Norte;Área dos CSP da ULS Nordeste;41.8069684,-6.7587977;27506;9486;429
2017-03;Norte;ACES Tâmega II - Vale do Sousa Sul;41.1548155,-8.2163769;39917;17935;463
2017-03;Norte;ACES Douro I - Marão e Douro Norte;41.2968711,-7.7483727;23555;12245;364
2017-03;Norte;Área dos CSP da ULS Barcelos / Esposende;41.5317419,-8.6178922;36799;14647;358
2017-03;Norte;ACES Grande Porto VIII - Espinho / Gaia;41.0022421,-8.642018;37557;19768;392
2017-04;Algarve;ACES Algarve III - Algarve Sotavento;37.383008,-7.7293275;9376;3797;97
2017-04;Centro;ACES Baixo Mondego;40.2150023,-8.4071805;52464;31403;333
2017-04;Centro;Área dos CSP da ULS Viseu Dão-Lafões;40.6565861,-7.9124712;42778;16108;591
2017-04;Centro;ACES Beira Interior Sul;39.8211367,-7.5036651;10085;4483;28
2017-04;Lisboa e Vale do Tejo;ACES Amadora;38.7573081,-9.23429;21603;5322;109
2017-04;Lisboa e Vale do Tejo;ACES Sintra;38.7519209,-9.2753636;42359;10907;223
2017-04;Norte;ACES Grande Porto III - Maia / Valongo;41.2333945,-8.6187474;32806;18158;314
2017-04;Norte;ACES Alto Ave - Guimarães, Vizela e Terras de Basto;41.4417064,-8.1722408;48086;19529;410
2017-04;Norte;Área dos CSP da ULS Matosinhos;41.1918541,-8.6590693;27228;14713;276
2017-04;Norte;ACES Grande Porto VIII - Espinho / Gaia;41.0022421,-8.642018;28740;15797;284
2017-04;Norte;ACES Tâmega II - Vale do Sousa Sul;41.1548155,-8.2163769;30040;14458;287
2017-04;Norte;ACES Grande Porto I - Santo Tirso / Trofa;41.3469246,-8.4822648;17230;10114;228
2017-04;Norte;ACES Douro II - Douro Sul;41.0953745,-7.8123805;13442;5432;173
2017-05;Alentejo;Área dos CSP da ULS Baixo Alentejo;38.0153039,-7.8627308;26155;14609;246
2017-05;Centro;ACES Pinhal Interior Norte;40.1151262,-8.2473136;23275;16493;198
2017-05;Lisboa e Vale do Tejo;ACES Cascais;38.69904,-9.3818008;27855;11083;169
2017-05;Lisboa e Vale do Tejo;ACES Oeste Norte;39.410844,-9.1396215;33912;13944;209
2017-05;Norte;ACES Tâmega II - Vale do Sousa Sul;41.1548155,-8.2163769;36525;18233;412
2017-05;Norte;ACES Grande Porto V - Porto Ocidental;41.1741353,-8.6691662;27085;14729;364
2017-05;Norte;ACES Ave / Famalicão;41.3835805,-8.4157518;22109;10859;254
2017-05;Norte;ACES Tâmega III - Vale do Sousa Norte;41.2793583,-8.2787457;30877;17340;360
2017-05;Norte;ACES Alto Ave - Guimarães, Vizela e Terras de Basto;41.4417064,-8.1722408;56151;24346;507
2017-06;Centro;Área dos CSP da ULS Cova da Beira;40.2677741,-7.4995083;12730;6652;13
2017-06;Lisboa e Vale do Tejo;ACES Sintra;38.7519209,-9.2753636;47496;12076;229
2017-06;Lisboa e Vale do Tejo;Área dos CSP da ULS Arco Ribeirinho;38.6672076,-9.0543329;31486;11525;189
2017-06;Lisboa e Vale do Tejo;Área dos CSP da ULS Estuário do Tejo;38.9528113,-8.9911154;36565;8128;156
2017-06;Lisboa e Vale do Tejo;Área dos CSP da ULS Arrábida;38.5324373,-8.8627453;32901;13173;224
2017-06;Norte;ACES Alto Trás-os-Montes - Alto Tâmega e Barroso;41.741781,-7.4731648;15097;6255;139
2017-06;Norte;ACES Douro I - Marão e Douro Norte;41.2968711,-7.7483727;17782;10622;290
2017-06;Norte;Área dos CSP da ULS Barcelos / Esposende;41.5317419,-8.6178922;31160;12549;257
2017-06;Norte;ACES Alto Ave - Guimarães, Vizela e Terras de Basto;41.4417064,-8.1722408;53212;21446;491
2017-06;Norte;ACES Douro II - Douro Sul;41.0953745,-7.8123805;15222;5891;118
2017-06;Norte;ACES Entre Douro e Vouga I - Feira e Arouca;40.9263169,-8.5478813;28728;15127;408
2017-06;Norte;ACES Grande Porto I - Santo Tirso / Trofa;41.3469246,-8.4822648;19516;11515;292
2017-06;Região não Especificada;Desconhecido | Nacional;;972;101;
2017-07;Centro;ACES Pinhal Interior Sul;39.7510898,-7.9203657;4029;3113;12
2017-07;Centro;Área dos CSP da ULS Região de Aveiro;40.6405055,-8.6537539;67589;29800;459
2017-07;Lisboa e Vale do Tejo;ACES Amadora;38.7573081,-9.23429;22145;6192;103
2017-07;Lisboa e Vale do Tejo;ACES Cascais;38.69904,-9.3818008;24991;11215;142
2017-07;Lisboa e Vale do Tejo;ACES Oeste Norte;39.410844,-9.1396215;29452;13345;194
2017-07;Lisboa e Vale do Tejo;Área dos CSP da ULS Arco Ribeirinho;38.6672076,-9.0543329;30492;10347;155
2017-07;Lisboa e Vale do Tejo;Área dos CSP da ULS Estuário do Tejo;38.9528113,-8.9911154;33807;8155;132
2017-07;Lisboa e Vale do Tejo;ACES Lisboa Central;38.7306317,-9.1510414;35808;10630;243
2017-07;Norte;Área dos CSP da ULS Alto Minho;41.7056054,-8.8252713;48707;24431;606
2017-07;Norte;ACES Tâmega I - Baixo Tâmega;41.2719719,-8.0791631;31199;12379;279
2017-07;Norte;ACES Douro II - Douro Sul;41.0953745,-7.8123805;14016;5976;141
2017-08;Alentejo;Área dos CSP da ULS Baixo Alentejo;38.0153039,-7.8627308;22018;12537;162
2017-08;Alentejo;Área dos CSP da ULS Alentejo Central;38.8442031,-7.5826619;31106;17937;314
2017-08;Centro;ACES Pinhal Interior Norte;40.1151262,-8.2473136;19698;14849;160
2017-08;Centro;Área dos CSP da ULS Guarda;40.5353285,-7.2724426;20081;8994;122
2017-08;Lisboa e Vale do Tejo;ACES Lisboa Central;38.7306317,-9.1510414;32053;9581;228
2017-08;Lisboa e Vale do Tejo;ACES Lisboa Ocidental e Oeiras;38.6914388,-9.3184304;28215;8944;218
2017-08;Lisboa e Vale do Tejo;Área dos CSP da ULS Arrábida;38.5324373,-8.8627453;29921;13354;181
2017-08;Lisboa e Vale do Tejo;ACES Amadora;38.7573081,-9.23429;22146;5912;104
2017-08;Norte;ACES Alto Ave - Guimarães, Vizela e Terras de Basto;41.4417064,-8.1722408;48140;20682;366
2017-08;Norte;ACES Ave / Famalicão;41.3835805,-8.4157518;18305;9458;142
2017-08;Norte;ACES Grande Porto VII - Gaia;41.1278433,-8.580396;21829;13004;317
2017-08;Norte;ACES Douro II - Douro Sul;41.0953745,-7.8123805;14135;6126;119
2017-08;Região não Especificada;Desconhecido | Nacional;;1083;;
2017-09;Centro;Área dos CSP da ULS Região de Aveiro;40.6405055,-8.6537539;68779;30312;483
2017-09;Lisboa e Vale do Tejo;ACES Loures / Odivelas;38.8012718,-9.1137868;50350;15436;311
2017-09;Lisboa e Vale do Tejo;Área dos CSP da ULS Lezíria;39.2371689,-8.6908895;33537;15473;172
2017-09;Lisboa e Vale do Tejo;ACES Lisboa Norte;38.7396924,-9.168506;30032;8002;251
2017-09;Lisboa e Vale do Tejo;ACES Oeste Sul;39.0917759,-9.2600341;29099;10269;248
2017-09;Lisboa e Vale do Tejo;ACES Médio Tejo;39.478072,-8.5404429;41660;13285;212
2017-09;Norte;ACES Grande Porto VI - Porto Oriental;41.1694498,-8.6126428;18929;9572;223
2017-09;Norte;ACES Tâmega III - Vale do Sousa Norte;41.2793583,-8.2787457;28816;17014;262
2017-09;Norte;ACES Grande Porto VIII - Espinho / Gaia;41.0022421,-8.642018;31778;18439;257
2017-09;Norte;ACES Douro II - Douro Sul;41.0953745,-7.8123805;14267;5986;144
2017-09;Norte;ACES Grande Porto I - Santo Tirso / Trofa;41.3469246,-8.4822648;19165;12156;240
2017-09;Norte;ACES Alto Ave - Guimarães, Vizela e Terras de Basto;41.4417064,-8.1722408;52875;22482;474
2017-09;Norte;ACES Douro I - Marão e Douro Norte;41.2968711,-7.7483727;16514;11026;195
2017-09;Região não Especificada;Desconhecido | Nacional;;1048;111;
2017-10;Algarve;ACES Algarve II - Algarve Barlavento;37.1387554,-8.5445093;26014;8358;131
2017-10;Algarve;ACES Algarve III - Algarve Sotavento;37.383008,-7.7293275;10468;4574;42
2017-10;Centro;ACES Beira Interior Sul;39.8211367,-7.5036651;11704;5844;54
2017-10;Centro;Área dos CSP da ULS Cova da Beira;40.2677741,-7.4995083;13422;7413;13
2017-10;Centro;ACES Pinhal Litoral;39.7495331,-8.807683;45711;18696;272
2017-10;Lisboa e Vale do Tejo;ACES Amadora;38.7573081,-9.23429;24233;7487;85
2017-10;Lisboa e Vale do Tejo;Área dos CSP da ULS Arrábida;38.5324373,-8.8627453;32049;14992;214
2017-10;Lisboa e Vale do Tejo;Área dos CSP da ULS Arco Ribeirinho;38.6672076,-9.0543329;34138;11943;195
2017-10;Lisboa e Vale do Tejo;ACES Médio Tejo;39.478072,-8.5404429;42677;14440;244
2017-10;Lisboa e Vale do Tejo;Área dos CSP da ULS Estuário do Tejo;38.9528113,-8.9911154;37957;9049;155
2017-10;Norte;ACES Alto Ave - Guimarães, Vizela e Terras de Basto;41.4417064,-8.1722408;58730;24528;530
2017-10;Norte;ACES Grande Porto VI - Porto Oriental;41.1694498,-8.6126428;21694;10852;266
2017-10;Norte;ACES Grande Porto VIII - Espinho / Gaia;41.0022421,-8.642018;34366;19593;332
2017-10;Norte;Área dos CSP da ULS Póvoa Varzim / Vila Conde;41.355519,-8.746653;25633;15866;326
2017-10;Região não Especificada;Desconhecido | Nacional;;1090;113;
2017-11;Alentejo;Área dos CSP da ULS Litoral Alentejano;38.3841359,-8.5132031;15575;7352;135
2017-11;Centro;Área dos CSP da ULS Cova da Beira;40.2677741,-7.4995083;14418;7155;15
2017-11;Lisboa e Vale do Tejo;ACES Loures / Odivelas;38.8012718,-9.1137868;54555;15748;366
2017-11;Lisboa e Vale do Tejo;ACES Lisboa Central;38.7306317,-9.1510414;39570;11319;262
2017-11;Norte;Área dos CSP da ULS Matosinhos;41.1918541,-8.6590693;32944;17755;389
2017-11;Região não Especificada;Desconhecido | Nacional;;884;;
2017-12;Alentejo;Área dos CSP da ULS Litoral Alentejano;38.3841359,-8.5132031;12660;5647;114
2017-12;Alentejo;Área dos CSP da ULS Alto Alentejo;39.2967086,-7.4284755;21295;10758;240
2017-12;Alentejo;Área dos CSP da ULS Baixo Alentejo;38.0153039,-7.8627308;19664;10215;205
2017-12;Algarve;ACES Algarve I - Algarve Central;37.0274264,-7.9395984;29056;10681;183
2017-12;Centro;Área dos CSP da ULS Guarda;40.5353285,-7.2724426;17635;7582;98
2017-12;Centro;ACES Beira Interior Sul;39.8211367,-7.5036651;8998;4526;17
2017-12;Lisboa e Vale do Tejo;ACES Lisboa Central;38.7306317,-9.1510414;30250;9274;218
2017-12;Lisboa e Vale do Tejo;ACES Sintra;38.7519209,-9.2753636;40938;10759;221
2017-12;Lisboa e Vale do Tejo;ACES Loures / Odivelas;38.8012718,-9.1137868;42681;12920;285
2017-12;Norte;ACES Tâmega III - Vale do Sousa Norte;41.2793583,-8.2787457;24255;13074;278
2017-12;Norte;ACES Tâmega II - Vale do Sousa Sul;41.1548155,-8.2163769;29580;14173;348
2017-12;Norte;ACES Grande Porto I - Santo Tirso / Trofa;41.3469246,-8.4822648;16302;10265;218
2018-01;Alentejo;Área dos CSP da ULS Baixo Alentejo;38.0153039,-7.8627308;28311;13913;391
2018-01;Alentejo;Área dos CSP da ULS Alentejo Central;38.8442031,-7.5826619;39716;21985;349
2018-01;Centro;Área dos CSP da ULS Viseu Dão-Lafões;40.6565861,-7.9124712;60871;22921;673
2018-01;Centro;Área dos CSP da ULS Região de Aveiro;40.6405055,-8.6537539;85230;34513;695
2018-01;Centro;ACES Pinhal Interior Sul;39.7510898,-7.9203657;5413;3961;9
2018-01;Centro;ACES Pinhal Interior Norte;40.1151262,-8.2473136;27682;17236;214
2018-01;Lisboa e Vale do Tejo;Área dos CSP da ULS Arrábida;38.5324373,-8.8627453;37831;15444;308
2018-01;Lisboa e Vale do Tejo;Área dos CSP da ULS Almada / Seixal;38.6678522,-9.1875777;64684;23421;494
2018-01;Lisboa e Vale do Tejo;Área dos CSP da ULS Arco Ribeirinho;38.6672076,-9.0543329;37680;12032;210
2018-01;Lisboa e Vale do Tejo;ACES Lisboa Ocidental e Oeiras;38.6914388,-9.3184304;38677;10871;393
2018-01;Lisboa e Vale do Tejo;ACES Amadora;38.7573081,-9.23429;27000;7414;99
2018-01;Lisboa e Vale do Tejo;ACES Oeste Norte;39.410844,-9.1396215;38852;15652;262
2018-01;Norte;Área dos CSP da ULS Matosinhos;41.1918541,-8.6590693;36478;19388;467
2018-01;Norte;ACES Grande Porto VIII - Espinho / Gaia;41.0022421,-8.642018;37606;20476;511
2018-01;Norte;ACES Grande Porto VII - Gaia;41.1278433,-8.580396;28062;15269;400
2018-01;Norte;ACES Cávado I - Braga;41.5518714,-8.4126362;38048;16548;531
2018-01;Norte;ACES Douro II - Douro Sul;41.0953745,-7.8123805;17809;6522;200
2018-01;Norte;Área dos CSP da ULS Póvoa Varzim / Vila Conde;41.355519,-8.746653;29770;17041;396
2018-02;Alentejo;Área dos CSP da ULS Litoral Alentejano;38.3841359,-8.5132031;16276;6267;170
2018-02;Alentejo;Área dos CSP da ULS Alentejo Central;38.8442031,-7.5826619;35534;17718;369
2018-02;Algarve;ACES Algarve III - Algarve Sotavento;37.383008,-7.7293275;10637;3956;133
2018-02;Centro;ACES Baixo Mondego;40.2150023,-8.4071805;65131;35692;512
2018-02;Lisboa e Vale do Tejo;Área dos CSP da ULS Estuário do Tejo;38.9528113,-8.9911154;37759;7292;199
2018-02;Lisboa e Vale do Tejo;ACES Lisboa Norte;38.7396924,-9.168506;33587;7646;319
2018-02;Norte;ACES Entre Douro e Vouga I - Feira e Arouca;40.9263169,-8.5478813;29653;14040;509
2018-02;Norte;ACES Douro I - Marão e Douro Norte;41.2968711,-7.7483727;17712;9887;235
2018-02;Norte;ACES Grande Porto VIII - Espinho / Gaia;41.0022421,-8.642018;31890;15942;376
2018-03;Alentejo;Área dos CSP da ULS Litoral Alentejano;38.3841359,-8.5132031;16416;6428;153
2018-03;Centro;Área dos CSP da ULS Viseu Dão-Lafões;40.6565861,-7.9124712;55782;19032;571
2018-03;Lisboa e Vale do Tejo;ACES Lisboa Central;38.7306317,-9.1510414;39646;10475;300
2018-03;Norte;ACES Cávado I - Braga;41.5518714,-8.4126362;33604;13778;459
2018-03;Norte;Área dos CSP da ULS Barcelos / Esposende;41.5317419,-8.6178922;33053;12562;325
2018-03;Norte;ACES Tâmega II - Vale do Sousa Sul;41.1548155,-8.2163769;36513;15978;416
2018-04;Alentejo;Área dos CSP da ULS Baixo Alentejo;38.0153039,-7.8627308;24307;11724;329
2018-04;Alentejo;Área dos CSP da ULS Alto Alentejo;39.2967086,-7.4284755;24585;12457;261
2018-04;Centro;ACES Baixo Mondego;40.2150023,-8.4071805;62368;37541;467
2018-04;Centro;ACES Pinhal Interior Norte;40.1151262,-8.2473136;21522;14859;177
2018-04;Centro;ACES Pinhal Litoral;39.7495331,-8.807683;41967;16536;252
2018-04;Centro;Área dos CSP da ULS Região de Aveiro;40.6405055,-8.6537539;69615;29303;523
2018-04;Lisboa e Vale do Tejo;ACES Lisboa Ocidental e Oeiras;38.6914388,-9.3184304;32838;9932;301
2018-04;Lisboa e Vale do Tejo;ACES Oeste Sul;39.0917759,-9.2600341;30224;9872;199
2018-04;Norte;Área dos CSP da ULS Nordeste;41.8069684,-6.7587977;22557;8002;265
2018-04;Norte;ACES Tâmega I - Baixo Tâmega;41.2719719,-8.0791631;32745;13386;356
2018-04;Norte;Área dos CSP da ULS Alto Minho;41.7056054,-8.8252713;49950;24701;621
2018-04;Norte;ACES Grande Porto V - Porto Ocidental;41.1741353,-8.6691662;26048;13377;344
2018-04;Norte;ACES Alto Ave - Guimarães, Vizela e Terras de Basto;41.4417064,-8.1722408;53949;20999;543
2018-04;Norte;ACES Entre Douro e Vouga II - Aveiro Norte;40.8472225,-8.4656674;21990;8973;232
2018-04;Norte;ACES Grande Porto II - Gondomar;41.1738444,-8.5612238;31103;19126;430
2018-04;Norte;ACES Tâmega II - Vale do Sousa Sul;41.1548155,-8.2163769;34165;16774;388
2018-05;Centro;ACES Pinhal Interior Norte;40.1151262,-8.2473136;23117;15489;210
2018-05;Lisboa e Vale do Tejo;ACES Lisboa Ocidental e Oeiras;38.6914388,-9.3184304;33376;10780;289
2018-05;Lisboa e Vale do Tejo;Área dos CSP da ULS Arco Ribeirinho;38.6672076,-9.0543329;33489;11491;206
2018-05;Norte;Área dos CSP da ULS Alto Minho;41.7056054,-8.8252713;50543;26320;704
2018-05;Norte;ACES Grande Porto VII - Gaia;41.1278433,-8.580396;25147;14424;341
2018-05;Norte;ACES Grande Porto I - Santo Tirso / Trofa;41.3469246,-8.4822648;19857;12280;354
2018-05;Norte;ACES Grande Porto VI - Porto Oriental;41.1694498,-8.6126428;20041;10292;330
2018-05;Norte;ACES Tâmega I - Baixo Tâmega;41.2719719,-8.0791631;33385;14578;419
2018-05;Norte;ACES Douro II - Douro Sul;41.0953745,-7.8123805;16005;6053;201
2018-06;Alentejo;Área dos CSP da ULS Alto Alentejo;39.2967086,-7.4284755;24499;12688;283
2018-06;Algarve;ACES Algarve III - Algarve Sotavento;37.383008,-7.7293275;10765;4096;109
2018-06;Algarve;ACES Algarve I - Algarve Central;37.0274264,-7.9395984;37763;12304;248
2018-06;Centro;ACES Pinhal Litoral;39.7495331,-8.807683;44011;17027;317
2018-06;Centro;ACES Baixo Mondego;40.2150023,-8.4071805;63199;39120;565
2018-06;Lisboa e Vale do Tejo;ACES Lisboa Ocidental e Oeiras;38.6914388,-9.3184304;32042;10239;278
2018-06;Lisboa e Vale do Tejo;ACES Médio Tejo;39.478072,-8.5404429;42026;13743;261
2018-06;Norte;ACES Grande Porto III - Maia / Valongo;41.2333945,-8.6187474;37625;20741;420
2018-06;Norte;ACES Ave / Famalicão;41.3835805,-8.4157518;20752;10038;230
2018-06;Norte;ACES Alto Trás-os-Montes - Alto Tâmega e Barroso;41.741781,-7.4731648;15887;6239;203
2018-06;Norte;Área dos CSP da ULS Matosinhos;41.1918541,-8.6590693;30699;16044;382
2018-06;Região não Especificada;Desconhecido | Nacional;;1135;;
2018-07;Centro;Área dos CSP da ULS Cova da Beira;40.2677741,-7.4995083;11789;6090;49
2018-07;Norte;Área dos CSP da ULS Matosinhos;41.1918541,-8.6590693;32025;16679;340
2018-07;Norte;ACES Grande Porto VII - Gaia;41.1278433,-8.580396;24460;13415;244
2018-07;Norte;ACES Grande Porto III - Maia / Valongo;41.2333945,-8.6187474;35712;21157;325
2018-07;Norte;ACES Ave / Famalicão;41.3835805,-8.4157518;20449;10869;158
2018-07;Norte;ACES Douro II - Douro Sul;41.0953745,-7.8123805;16040;5805;184
2018-07;Região não Especificada;Desconhecido | Nacional;;1157;118;
2018-08;Alentejo;Área dos CSP da ULS Baixo Alentejo;38.0153039,-7.8627308;21236;11974;238
2018-08;Algarve;ACES Algarve I - Algarve Central;37.0274264,-7.9395984;34107;11944;217
2018-08;Centro;ACES Pinhal Litoral;39.7495331,-8.807683;39352;17116;250
2018-08;Centro;ACES Pinhal Interior Norte;40.1151262,-8.2473136;19469;14269;143
2018-08;Lisboa e Vale do Tejo;ACES Sintra;38.7519209,-9.2753636;44129;12197;256
2018-08;Lisboa e Vale do Tejo;ACES Amadora;38.7573081,-9.23429;22365;6286;118
2018-08;Lisboa e Vale do Tejo;Área dos CSP da ULS Estuário do Tejo;38.9528113,-8.9911154;32829;7834;153
2018-08;Norte;ACES Alto Ave - Guimarães, Vizela e Terras de Basto;41.4417064,-8.1722408;47879;20726;415
2018-08;Norte;ACES Grande Porto VIII - Espinho / Gaia;41.0022421,-8.642018;28705;17287;299
2018-08;Norte;ACES Tâmega II - Vale do Sousa Sul;41.1548155,-8.2163769;33213;17640;293
2018-08;Norte;Área dos CSP da ULS Póvoa Varzim / Vila Conde;41.355519,-8.746653;23502;14192;322
2018-08;Norte;ACES Grande Porto VII - Gaia;41.1278433,-8.580396;21935;13078;282
2018-08;Norte;Área dos CSP da ULS Alto Minho;41.7056054,-8.8252713;45948;24222;420
2018-08;Norte;ACES Tâmega III - Vale do Sousa Norte;41.2793583,-8.2787457;27275;15631;270
2018-08;Norte;ACES Grande Porto II - Gondomar;41.1738444,-8.5612238;28554;18717;367
2018-08;Região não Especificada;Desconhecido | Nacional;;;5;
2018-09;Alentejo;Área dos CSP da ULS Alentejo Central;38.8442031,-7.5826619;32705;18444;312
2018-09;Alentejo;Área dos CSP da ULS Baixo Alentejo;38.0153039,-7.8627308;21607;11447;231
2018-09;Algarve;ACES Algarve III - Algarve Sotavento;37.383008,-7.7293275;9852;4146;118
2018-09;Centro;Área dos CSP da ULS Cova da Beira;40.2677741,-7.4995083;12118;6133;41
2018-09;Centro;ACES Pinhal Interior Norte;40.1151262,-8.2473136;20629;15355;151
2018-09;Lisboa e Vale do Tejo;ACES Lisboa Central;38.7306317,-9.1510414;34745;10370;241
2018-09;Lisboa e Vale do Tejo;ACES Amadora;38.7573081,-9.23429;21029;6314;118
2018-09;Lisboa e Vale do Tejo;Área dos CSP da ULS Lezíria;39.2371689,-8.6908895;32422;14558;185
2018-09;Lisboa e Vale do Tejo;ACES Oeste Sul;39.0917759,-9.2600341;27737;10012;196
2018-09;Lisboa e Vale do Tejo;ACES Sintra;38.7519209,-9.2753636;47363;12531;278
2018-09;Lisboa e Vale do Tejo;Área dos CSP da ULS Arco Ribeirinho;38.6672076,-9.0543329;30117;10272;176
2018-09;Lisboa e Vale do Tejo;ACES Loures / Odivelas;38.8012718,-9.1137868;48183;14648;335
2018-09;Norte;ACES Grande Porto II - Gondomar;41.1738444,-8.5612238;30740;18610;344
2018-09;Norte;ACES Tâmega III - Vale do Sousa Norte;41.2793583,-8.2787457;28473;15969;274
2018-09;Norte;ACES Grande Porto VIII - Espinho / Gaia;41.0022421,-8.642018;30109;17693;284
2018-10;Alentejo;Área dos CSP da ULS Alentejo Central;38.8442031,-7.5826619;38130;21311;401
2018-10;Algarve;ACES Algarve III - Algarve Sotavento;37.383008,-7.7293275;11489;4968;111
2018-10;Algarve;ACES Algarve I - Algarve Central;37.0274264,-7.9395984;42040;14450;312
2018-10;Centro;ACES Pinhal Litoral;39.7495331,-8.807683;49570;19583;371
2018-10;Centro;Área dos CSP da ULS Viseu Dão-Lafões;40.6565861,-7.9124712;57382;22628;649
2018-10;Centro;ACES Baixo Mondego;40.2150023,-8.4071805;68279;43032;599
2018-10;Lisboa e Vale do Tejo;ACES Oeste Sul;39.0917759,-9.2600341;32229;12497;231
2018-10;Lisboa e Vale do Tejo;ACES Lisboa Central;38.7306317,-9.1510414;41047;12500;299
2018-10;Norte;ACES Alto Trás-os-Montes - Alto Tâmega e Barroso;41.741781,-7.4731648;17123;7710;230
2018-10;Norte;ACES Grande Porto II - Gondomar;41.1738444,-8.5612238;34412;22155;456
2018-10;Norte;ACES Tâmega I - Baixo Tâmega;41.2719719,-8.0791631;35533;15762;332
2018-10;Norte;ACES Grande Porto I - Santo Tirso / Trofa;41.3469246,-8.4822648;22024;14383;352
2018-11;Centro;Área dos CSP da ULS Cova da Beira;40.2677741,-7.4995083;13970;6621;29
2018-11;Centro;ACES Beira Interior Sul;39.8211367,-7.5036651;12458;5740;47
2018-11;Centro;Área dos CSP da ULS Viseu Dão-Lafões;40.6565861,-7.9124712;54035;20771;621
2018-11;Centro;ACES Pinhal Interior Sul;39.7510898,-7.9203657;4962;3500;3
2018-11;Lisboa e Vale do Tejo;ACES Oeste Sul;39.0917759,-9.2600341;31473;11464;225
2018-11;Lisboa e Vale do Tejo;Área dos CSP da ULS Almada / Seixal;38.6678522,-9.1875777;59617;22760;518
2018-11;Lisboa e Vale do Tejo;Área dos CSP da ULS Lezíria;39.2371689,-8.6908895;36445;15435;222
2018-11;Norte;ACES Tâmega II - Vale do Sousa Sul;41.1548155,-8.2163769;34987;18081;420
2018-11;Norte;ACES Entre Douro e Vouga II - Aveiro Norte;40.8472225,-8.4656674;23436;10005;314
2018-11;Norte;ACES Grande Porto VII - Gaia;41.1278433,-8.580396;25861;14409;334
2018-11;Norte;ACES Douro I - Marão e Douro Norte;41.2968711,-7.7483727;19912;12361;318
2018-12;Alentejo;Área dos CSP da ULS Alto Alentejo;39.2967086,-7.4284755;21274;10452;242
2018-12;Alentejo;Área dos CSP da ULS Litoral Alentejano;38.3841359,-8.5132031;13238;5324;121
2018-12;Centro;ACES Pinhal Interior Norte;40.1151262,-8.2473136;18458;12769;127
2018-12;Lisboa e Vale do Tejo;ACES Lisboa Norte;38.7396924,-9.168506;29900;7225;263
2018-12;Lisboa e Vale do Tejo;ACES Amadora;38.7573081,-9.23429;20411;5592;168
2018-12;Lisboa e Vale do Tejo;ACES Cascais;38.69904,-9.3818008;22986;9567;211
2018-12;Norte;ACES Cávado II - Gerês / Cabreira;41.6298661,-8.3596897;15503;10482;265
2018-12;Norte;Área dos CSP da ULS Matosinhos;41.1918541,-8.6590693;26285;13796;340
2018-12;Norte;ACES Douro I - Marão e Douro Norte;41.2968711,-7.7483727;14938;9440;236
2019-01;Alentejo;Área dos CSP da ULS Litoral Alentejano;38.3841359,-8.5132031;17116;7540;150
2019-01;Lisboa e Vale do Tejo;ACES Lisboa Central;38.7306317,-9.1510414;45303;12188;392
2019-01;Lisboa e Vale do Tejo;Área dos CSP da ULS Arrábida;38.5324373,-8.8627453;39265;15134;344
2019-01;Lisboa e Vale do Tejo;ACES Sintra;38.7519209,-9.2753636;60886;15196;412
2019-01;Norte;ACES Grande Porto VI - Porto Oriental;41.1694498,-8.6126428;23525;12315;345
2019-01;Norte;ACES Entre Douro e Vouga I - Feira e Arouca;40.9263169,-8.5478813;32786;19028;460
2019-01;Norte;ACES Tâmega I - Baixo Tâmega;41.2719719,-8.0791631;36886;16285;338
2019-01;Norte;Área dos CSP da ULS Barcelos / Esposende;41.5317419,-8.6178922;37946;16629;385
2019-01;Norte;ACES Tâmega III - Vale do Sousa Norte;41.2793583,-8.2787457;36345;19228;319
2019-01;Norte;ACES Cávado II - Gerês / Cabreira;41.6298661,-8.3596897;21176;14418;297
2019-02;Alentejo;Área dos CSP da ULS Litoral Alentejano;38.3841359,-8.5132031;15782;5907;141
2019-02;Algarve;ACES Algarve III - Algarve Sotavento;37.383008,-7.7293275;11320;4231;142
2019-02;Algarve;ACES Algarve I - Algarve Central;37.0274264,-7.9395984;38750;11750;239
2019-02;Centro;Área dos CSP da ULS Região de Aveiro;40.6405055,-8.6537539;74846;28758;598
2019-02;Centro;ACES Pinhal Interior Sul;39.7510898,-7.9203657;4797;3164;16
2019-02;Lisboa e Vale do Tejo;Área dos CSP da ULS Estuário do Tejo;38.9528113,-8.9911154;40528;7874;186
2019-02;Lisboa e Vale do Tejo;ACES Amadora;38.7573081,-9.23429;24278;6132;155
2019-02;Lisboa e Vale do Tejo;ACES Loures / Odivelas;38.8012718,-9.1137868;50056;14749;414
2019-02;Lisboa e Vale do Tejo;ACES Sintra;38.7519209,-9.2753636;54328;12352;341
2019-02;Norte;Área dos CSP da ULS Matosinhos;41.1918541,-8.6590693;32204;16291;413
2019-02;Norte;ACES Grande Porto I - Santo Tirso / Trofa;41.3469246,-8.4822648;21109;11780;351
2019-02;Norte;ACES Grande Porto V - Porto Ocidental;41.1741353,-8.6691662;27562;13364;363
2019-02;Norte;ACES Tâmega II - Vale do Sousa Sul;41.1548155,-8.2163769;35157;16619;352
2019-03;Algarve;ACES Algarve III - Algarve Sotavento;37.383008,-7.7293275;11103;4287;133
2019-03;Centro;ACES Baixo Mondego;40.2150023,-8.4071805;65047;38692;600
2019-03;Centro;Área dos CSP da ULS Região de Aveiro;40.6405055,-8.6537539;72467;28946;570
2019-03;Centro;ACES Beira Interior Sul;39.8211367,-7.5036651;12830;5183;51
2019-03;Lisboa e Vale do Tejo;ACES Lisboa Ocidental e Oeiras;38.6914388,-9.3184304;33748;10048;381
2019-03;Lisboa e Vale do Tejo;ACES Loures / Odivelas;38.8012718,-9.1137868;49764;15351;394
2019-03;Norte;ACES Grande Porto VI - Porto Oriental;41.1694498,-8.6126428;20544;9866;330
2019-03;Norte;ACES Entre Douro e Vouga II - Aveiro Norte;40.8472225,-8.4656674;22836;9090;306
2019-03;Norte;ACES Ave / Famalicão;41.3835805,-8.4157518;22839;10309;274
2019-03;Norte;ACES Grande Porto V - Porto Ocidental;41.1741353,-8.6691662;26737;13616;342
2019-03;Norte;ACES Grande Porto VII - Gaia;41.1278433,-8.580396;25368;13145;364
2019-03;Região não Especificada;Desconhecido | Nacional;;1072;103;
2019-04;Algarve;ACES Algarve III - Algarve Sotavento;37.383008,-7.7293275;10572;4363;123
2019-04;Algarve;ACES Algarve II - Algarve Barlavento;37.1387554,-8.5445093;26745;7636;134
2019-04;Centro;ACES Pinhal Interior Sul;39.7510898,-7.9203657;4407;3340;6
2019-04;Lisboa e Vale do Tejo;ACES Lisboa Central;38.7306317,-9.1510414;37507;10752;339
2019-04;Lisboa e Vale do Tejo;Área dos CSP da ULS Arco Ribeirinho;38.6672076,-9.0543329;31898;10293;207
2019-04;Lisboa e Vale do Tejo;ACES Cascais;38.69904,-9.3818008;27784;11366;216
2019-04;Lisboa e Vale do Tejo;Área dos CSP da ULS Almada / Seixal;38.6678522,-9.1875777;56703;21582;510
2019-04;Lisboa e Vale do Tejo;ACES Médio Tejo;39.478072,-8.5404429;41661;14556;282
2019-04;Norte;ACES Tâmega III - Vale do Sousa Norte;41.2793583,-8.2787457;31223;15908;273
2019-04;Norte;ACES Douro I - Marão e Douro Norte;41.2968711,-7.7483727;18374;10668;219
2019-04;Norte;Área dos CSP da ULS Póvoa Varzim / Vila Conde;41.355519,-8.746653;24289;14328;393
2019-04;Norte;ACES Grande Porto VI - Porto Oriental;41.1694498,-8.6126428;19487;10279;284
2019-04;Norte;ACES Entre Douro e Vouga II - Aveiro Norte;40.8472225,-8.4656674;22440;9826;319
2019-04;Norte;Área dos CSP da ULS Matosinhos;41.1918541,-8.6590693;30597;16286;329
2019-04;Norte;ACES Grande Porto VII - Gaia;41.1278433,-8.580396;25041;13350;290
2019-04;Região não Especificada;Desconhecido | Nacional;;1244;;
2019-04;Região não Especificada;Desconhecido | Nacional;;1038;104;
2019-05;Lisboa e Vale do Tejo;ACES Cascais;38.69904,-9.3818008;30375;13061;260
2019-05;Lisboa e Vale do Tejo;ACES Lisboa Norte;38.7396924,-9.168506;37679;10352;374
2019-05;Lisboa e Vale do Tejo;ACES Oeste Sul;39.0917759,-9.2600341;30957;12484;209
2019-05;Lisboa e Vale do Tejo;Área dos CSP da ULS Arco Ribeirinho;38.6672076,-9.0543329;37126;12250;235
2019-05;Norte;ACES Grande Porto VIII - Espinho / Gaia;41.0022421,-8.642018;35371;19601;451
2019-05;Norte;ACES Cávado II - Gerês / Cabreira;41.6298661,-8.3596897;19624;13925;317
2019-05;Norte;ACES Grande Porto V - Porto Ocidental;41.1741353,-8.6691662;30078;15633;443
2019-05;Norte;ACES Alto Trás-os-Montes - Alto Tâmega e Barroso;41.741781,-7.4731648;17606;7176;260
2019-05;Norte;Área dos CSP da ULS Alto Minho;41.7056054,-8.8252713;56202;28436;894
2019-05;Norte;ACES Tâmega II - Vale do Sousa Sul;41.1548155,-8.2163769;38454;19423;426
2019-05;Norte;ACES Grande Porto II - Gondomar;41.1738444,-8.5612238;35213;22086;447
2019-05;Região não Especificada;Desconhecido | Nacional;;1101;126;
2019-06;Alentejo;Área dos CSP da ULS Alto Alentejo;39.2967086,-7.4284755;21091;11348;196
2019-06;Centro;Área dos CSP da ULS Viseu Dão-Lafões;40.6565861,-7.9124712;42898;18745;461
2019-06;Centro;ACES Pinhal Interior Norte;40.1151262,-8.2473136;19016;13144;148
2019-06;Lisboa e Vale do Tejo;Área dos CSP da ULS Arrábida;38.5324373,-8.8627453;29671;11687;201
2019-06;Lisboa e Vale do Tejo;ACES Cascais;38.69904,-9.3818008;21611;10307;170
2019-06;Norte;Área dos CSP da ULS Alto Minho;41.7056054,-8.8252713;41528;23187;657
2019-06;Norte;Área dos CSP da ULS Matosinhos;41.1918541,-8.6590693;23108;14231;322
2019-06;Norte;Área dos CSP da ULS Póvoa Varzim / Vila Conde;41.355519,-8.746653;20232;13182;362
2019-06;Norte;ACES Grande Porto II - Gondomar;41.1738444,-8.5612238;25905;17672;325
2019-07;Alentejo;Área dos CSP da ULS Alentejo Central;38.8442031,-7.5826619;33472;19943;296
2019-07;Alentejo;Área dos CSP da ULS Alto Alentejo;39.2967086,-7.4284755;23217;13598;193
2019-07;Centro;Área dos CSP da ULS Cova da Beira;40.2677741,-7.4995083;13209;7099;58
2019-07;Centro;ACES Pinhal Interior Norte;40.1151262,-8.2473136;23188;16137;176
2019-07;Lisboa e Vale do Tejo;ACES Lisboa Central;38.7306317,-9.1510414;39220;12736;307
2019-07;Lisboa e Vale do Tejo;ACES Sintra;38.7519209,-9.2753636;54684;15249;341
2019-07;Lisboa e Vale do Tejo;ACES Cascais;38.69904,-9.3818008;28206;13014;210
2019-07;Lisboa e Vale do Tejo;Área dos CSP da ULS Estuário do Tejo;38.9528113,-8.9911154;39133;10695;171
2019-07;Norte;ACES Cávado II - Gerês / Cabreira;41.6298661,-8.3596897;19021;13530;221
2019-07;Norte;Área dos CSP da ULS Matosinhos;41.1918541,-8.6590693;32232;18728;355
2019-07;Norte;ACES Alto Ave - Guimarães, Vizela e Terras de Basto;41.4417064,-8.1722408;59096;23527;596
2019-07;Norte;ACES Grande Porto II - Gondomar;41.1738444,-8.5612238;31783;21813;377
2019-07;Norte;ACES Douro II - Douro Sul;41.0953745,-7.8123805;14711;6124;198
2019-07;Norte;ACES Grande Porto I - Santo Tirso / Trofa;41.3469246,-8.4822648;19858;12922;292
2019-07;Norte;ACES Ave / Famalicão;41.3835805,-8.4157518;23694;12617;251
2019-08;Algarve;ACES Algarve II - Algarve Barlavento;37.1387554,-8.5445093;26629;7394;122
2019-08;Lisboa e Vale do Tejo;ACES Lisboa Central;38.7306317,-9.1510414;30621;9844;322
2019-08;Lisboa e Vale do Tejo;ACES Oeste Norte;39.410844,-9.1396215;29513;12861;157
2019-08;Lisboa e Vale do Tejo;Área dos CSP da ULS Arrábida;38.5324373,-8.8627453;29854;12397;189
2019-08;Lisboa e Vale do Tejo;ACES Lisboa Ocidental e Oeiras;38.6914388,-9.3184304;26907;9246;301
2019-08;Lisboa e Vale do Tejo;ACES Loures / Odivelas;38.8012718,-9.1137868;40961;14902;390
2019-08;Norte;ACES Grande Porto III - Maia / Valongo;41.2333945,-8.6187474;31573;19771;291
2019-08;Norte;ACES Cávado II - Gerês / Cabreira;41.6298661,-8.3596897;15405;11572;205
2019-08;Norte;ACES Tâmega III - Vale do Sousa Norte;41.2793583,-8.2787457;27222;15499;232
2019-08;Norte;ACES Grande Porto V - Porto Ocidental;41.1741353,-8.6691662;21677;12920;278
2019-08;Norte;Área dos CSP da ULS Póvoa Varzim / Vila Conde;41.355519,-8.746653;20566;13729;290
2019-08;Norte;ACES Tâmega I - Baixo Tâmega;41.2719719,-8.0791631;28620;12925;247
2019-08;Norte;ACES Tâmega II - Vale do Sousa Sul;41.1548155,-8.2163769;31934;17649;244
2019-08;Norte;Área dos CSP da ULS Alto Minho;41.7056054,-8.8252713;42212;24416;469
2019-08;Região não Especificada;Desconhecido | Nacional;;933;1;
2019-09;Alentejo;Área dos CSP da ULS Baixo Alentejo;38.0153039,-7.8627308;23171;12248;202
2019-09;Alentejo;Área dos CSP da ULS Alentejo Central;38.8442031,-7.5826619;32438;19378;359
2019-09;Alentejo;Área dos CSP da ULS Litoral Alentejano;38.3841359,-8.5132031;14788;6369;116
2019-09;Centro;ACES Baixo Mondego;40.2150023,-8.4071805;60216;40176;509
2019-09;Centro;ACES Pinhal Interior Norte;40.1151262,-8.2473136;21221;14923;163
2019-09;Lisboa e Vale do Tejo;ACES Oeste Sul;39.0917759,-9.2600341;28588;10776;209
2019-09;Lisboa e Vale do Tejo;Área dos CSP da ULS Lezíria;39.2371689,-8.6908895;34772;14458;263
2019-09;Lisboa e Vale do Tejo;ACES Amadora;38.7573081,-9.23429;19750;6504;99
2019-09;Lisboa e Vale do Tejo;ACES Oeste Norte;39.410844,-9.1396215;30321;12807;160
2019-09;Lisboa e Vale do Tejo;ACES Lisboa Norte;38.7396924,-9.168506;33239;9108;291
2019-09;Lisboa e Vale do Tejo;ACES Sintra;38.7519209,-9.2753636;50283;13392;279
2019-09;Norte;Área dos CSP da ULS Matosinhos;41.1918541,-8.6590693;30318;17558;311
2019-09;Norte;ACES Grande Porto VI - Porto Oriental;41.1694498,-8.6126428;19169;10815;253
2019-09;Norte;ACES Entre Douro e Vouga I - Feira e Arouca;40.9263169,-8.5478813;28186;17249;350
2019-09;Norte;ACES Douro II - Douro Sul;41.0953745,-7.8123805;13942;5539;174
2019-10;Alentejo;Área dos CSP da ULS Litoral Alentejano;38.3841359,-8.5132031;16962;7206;141
2019-10;Alentejo;Área dos CSP da ULS Alto Alentejo;39.2967086,-7.4284755;26875;13640;338
2019-10;Centro;ACES Baixo Mondego;40.2150023,-8.4071805;72437;45898;741
2019-10;Centro;Área dos CSP da ULS Cova da Beira;40.2677741,-7.4995083;14914;7918;45
2019-10;Centro;Área dos CSP da ULS Região de Aveiro;40.6405055,-8.6537539;81798;35066;702
2019-10;Lisboa e Vale do Tejo;ACES Lisboa Ocidental e Oeiras;38.6914388,-9.3184304;37735;13056;469
2019-10;Norte;ACES Grande Porto II - Gondomar;41.1738444,-8.5612238;35744;23548;356
2019-10;Norte;ACES Entre Douro e Vouga II - Aveiro Norte;40.8472225,-8.4656674;26096;11493;340
2019-10;Norte;ACES Grande Porto VII - Gaia;41.1278433,-8.580396;29586;17054;378
2019-10;Região não Especificada;Desconhecido | Nacional;;994;;
2019-11;Algarve;ACES Algarve II - Algarve Barlavento;37.1387554,-8.5445093;26743;7753;157
2019-11;Centro;ACES Pinhal Interior Sul;39.7510898,-7.9203657;4830;3479;2
2019-11;Norte;Área dos CSP da ULS Póvoa Varzim / Vila Conde;41.355519,-8.746653;25262;15838;368
2019-11;Norte;ACES Tâmega I - Baixo Tâmega;41.2719719,-8.0791631;33053;14436;399
2019-11;Norte;ACES Cávado I - Braga;41.5518714,-8.4126362;32818;16219;421
2019-11;Norte;ACES Grande Porto VIII - Espinho / Gaia;41.0022421,-8.642018;33230;18409;412
2019-12;Alentejo;Área dos CSP da ULS Litoral Alentejano;38.3841359,-8.5132031;13158;5154;76
2019-12;Alentejo;Área dos CSP da ULS Alentejo Central;38.8442031,-7.5826619;29880;15821;294
2019-12;Algarve;ACES Algarve I - Algarve Central;37.0274264,-7.9395984;32824;11228;246
2019-12;Centro;Área dos CSP da ULS Viseu Dão-Lafões;40.6565861,-7.9124712;45783;17822;498
2019-12;Centro;Área dos CSP da ULS Guarda;40.5353285,-7.2724426;18973;8702;137
2019-12;Lisboa e Vale do Tejo;ACES Loures / Odivelas;38.8012718,-9.1137868;44260;14387;329
2019-12;Lisboa e Vale do Tejo;ACES Cascais;38.69904,-9.3818008;24289;11015;238
2019-12;Lisboa e Vale do Tejo;Área dos CSP da ULS Estuário do Tejo;38.9528113,-8.9911154;33139;9862;176
2019-12;Lisboa e Vale do Tejo;Área dos CSP da ULS Arrábida;38.5324373,-8.8627453;30415;11280;213
2019-12;Lisboa e Vale do Tejo;ACES Médio Tejo;39.478072,-8.5404429;38767;14422;267
2019-12;Norte;ACES Grande Porto I - Santo Tirso / Trofa;41.3469246,-8.4822648;17740;10736;305
2019-12;Norte;ACES Douro II - Douro Sul;41.0953745,-7.8123805;12119;5052;180
2019-12;Norte;Área dos CSP da ULS Nordeste;41.8069684,-6.7587977;18569;7063;187
2019-12;Região não Especificada;Desconhecido | Nacional;;702;97;
2020-01;Algarve;ACES Algarve II - Algarve Barlavento;37.1387554,-8.5445093;27409;9358;196
2020-01;Centro;ACES Pinhal Litoral;39.7495331,-8.807683;49693;23187;407
2020-01;Lisboa e Vale do Tejo;ACES Sintra;38.7519209,-9.2753636;57214;15739;351
2020-01;Lisboa e Vale do Tejo;Área dos CSP da ULS Estuário do Tejo;38.9528113,-8.9911154;42098;12628;217
2020-01;Norte;ACES Douro I - Marão e Douro Norte;41.2968711,-7.7483727;19635;12599;277
2020-01;Norte;Área dos CSP da ULS Barcelos / Esposende;41.5317419,-8.6178922;35353;16134;317
2020-01;Região não Especificada;Desconhecido | Nacional;;951;132;
2020-02;Alentejo;Área dos CSP da ULS Alentejo Central;38.8442031,-7.5826619;32607;17664;276
2020-02;Centro;Área dos CSP da ULS Viseu Dão-Lafões;40.6565861,-7.9124712;51490;19424;572
2020-02;Lisboa e Vale do Tejo;Área dos CSP da ULS Arco Ribeirinho;38.6672076,-9.0543329;33179;10397;180
2020-02;Lisboa e Vale do Tejo;ACES Lisboa Central;38.7306317,-9.1510414;37925;10283;362
2020-02;Lisboa e Vale do Tejo;Área dos CSP da ULS Lezíria;39.2371689,-8.6908895;36452;13680;266
2020-02;Norte;ACES Tâmega III - Vale do Sousa Norte;41.2793583,-8.2787457;30630;16281;294
2020-02;Norte;Área dos CSP da ULS Matosinhos;41.1918541,-8.6590693;31232;16341;364
2020-02;Norte;ACES Alto Trás-os-Montes - Alto Tâmega e Barroso;41.741781,-7.4731648;15602;6208;200
2020-02;Norte;ACES Alto Ave - Guimarães, Vizela e Terras de Basto;41.4417064,-8.1722408;53589;20248;533
2020-02;Norte;ACES Grande Porto VI - Porto Oriental;41.1694498,-8.6126428;19534;10609;282
2020-02;Norte;Área dos CSP da ULS Póvoa Varzim / Vila Conde;41.355519,-8.746653;24624;14118;355
2020-02;Norte;ACES Douro II - Douro Sul;41.0953745,-7.8123805;14733;4900;195
2020-03;Alentejo;Área dos CSP da ULS Baixo Alentejo;38.0153039,-7.8627308;18639;17629;200
2020-03;Centro;ACES Pinhal Litoral;39.7495331,-8.807683;31566;31721;213
2020-03;Lisboa e Vale do Tejo;ACES Oeste Sul;39.0917759,-9.2600341;19961;18732;104
2020-03;Lisboa e Vale do Tejo;Área dos CSP da ULS Arco Ribeirinho;38.6672076,-9.0543329;25288;18069;143
2020-03;Lisboa e Vale do Tejo;ACES Lisboa Ocidental e Oeiras;38.6914388,-9.3184304;19888;23812;208
2020-03;Lisboa e Vale do Tejo;ACES Oeste Norte;39.410844,-9.1396215;24168;18490;127
2020-03;Norte;ACES Ave / Famalicão;41.3835805,-8.4157518;15808;14412;142
2020-03;Norte;ACES Tâmega I - Baixo Tâmega;41.2719719,-8.0791631;19978;22543;193
2020-03;Norte;ACES Alto Ave - Guimarães, Vizela e Terras de Basto;41.4417064,-8.1722408;34246;35464;293
2020-03;Norte;ACES Grande Porto VII - Gaia;41.1278433,-8.580396;16776;21404;183
2020-03;Norte;ACES Grande Porto VI - Porto Oriental;41.1694498,-8.6126428;12384;16741;141
2020-03;Norte;ACES Grande Porto III - Maia / Valongo;41.2333945,-8.6187474;26086;29487;200
2020-03;Norte;Área dos CSP da ULS Póvoa Varzim / Vila Conde;41.355519,-8.746653;15803;23157;193
2020-04;Alentejo;Área dos CSP da ULS Alentejo Central;38.8442031,-7.5826619;8073;27864;79
2020-04;Alentejo;Área dos CSP da ULS Litoral Alentejano;38.3841359,-8.5132031;4420;11315;27
2020-04;Alentejo;Área dos CSP da ULS Baixo Alentejo;38.0153039,-7.8627308;8526;19308;157
2020-04;Algarve;ACES Algarve I - Algarve Central;37.0274264,-7.9395984;16068;27971;210
2020-04;Algarve;ACES Algarve III - Algarve Sotavento;37.383008,-7.7293275;3795;6692;278
2020-04;Centro;ACES Beira Interior Sul;39.8211367,-7.5036651;2583;9683;9
2020-04;Centro;ACES Baixo Mondego;40.2150023,-8.4071805;16989;65450;214
2020-04;Lisboa e Vale do Tejo;ACES Lisboa Norte;38.7396924,-9.168506;9707;22581;67
2020-04;Lisboa e Vale do Tejo;ACES Sintra;38.7519209,-9.2753636;17265;27298;72
2020-04;Norte;ACES Grande Porto VIII - Espinho / Gaia;41.0022421,-8.642018;9799;29349;526
2020-04;Norte;ACES Alto Trás-os-Montes - Alto Tâmega e Barroso;41.741781,-7.4731648;3252;12926;116
2020-04;Norte;Área dos CSP da ULS Nordeste;41.8069684,-6.7587977;4444;23014;22
2020-04;Norte;ACES Grande Porto I - Santo Tirso / Trofa;41.3469246,-8.4822648;6310;25985;117
2020-05;Algarve;ACES Algarve I - Algarve Central;37.0274264,-7.9395984;21451;24033;242
2020-05;Centro;ACES Beira Interior Sul;39.8211367,-7.5036651;5047;9635;22
2020-05;Centro;Área dos CSP da ULS Cova da Beira;40.2677741,-7.4995083;3711;13562;38
2020-05;Lisboa e Vale do Tejo;ACES Oeste Norte;39.410844,-9.1396215;14203;21113;76
2020-05;Lisboa e Vale do Tejo;ACES Lisboa Ocidental e Oeiras;38.6914388,-9.3184304;9478;36302;201
2020-05;Lisboa e Vale do Tejo;ACES Sintra;38.7519209,-9.2753636;22289;28834;75
2020-05;Norte;ACES Cávado I - Braga;41.5518714,-8.4126362;8743;36012;185
2020-05;Norte;ACES Grande Porto I - Santo Tirso / Trofa;41.3469246,-8.4822648;7488;25356;220
2020-05;Região não Especificada;Desconhecido | Nacional;;43;;
2020-06;Centro;ACES Pinhal Litoral;39.7495331,-8.807683;20097;45092;176
2020-06;Lisboa e Vale do Tejo;Área dos CSP da ULS Arrábida;38.5324373,-8.8627453;22902;23211;138
2020-06;Lisboa e Vale do Tejo;ACES Oeste Norte;39.410844,-9.1396215;19446;22376;77
2020-06;Norte;ACES Grande Porto VII - Gaia;41.1278433,-8.580396;11160;28430;230
2020-06;Norte;ACES Grande Porto V - Porto Ocidental;41.1741353,-8.6691662;11142;33649;259
2020-06;Norte;ACES Tâmega I - Baixo Tâmega;41.2719719,-8.0791631;12142;34803;150
2020-06;Norte;ACES Douro I - Marão e Douro Norte;41.2968711,-7.7483727;10556;18373;183
2020-06;Norte;ACES Grande Porto II - Gondomar;41.1738444,-8.5612238;9803;40891;136
2020-06;Norte;ACES Cávado II - Gerês / Cabreira;41.6298661,-8.3596897;3515;26128;79
2020-06;Norte;ACES Cávado I - Braga;41.5518714,-8.4126362;11119;36263;256
2020-07;Alentejo;Área dos CSP da ULS Litoral Alentejano;38.3841359,-8.5132031;11339;9787;86
2020-07;Centro;Área dos CSP da ULS Região de Aveiro;40.6405055,-8.6537539;32509;76716;455
2020-07;Centro;ACES Beira Interior Sul;39.8211367,-7.5036651;8783;8352;40
2020-07;Centro;Área dos CSP da ULS Cova da Beira;40.2677741,-7.4995083;7907;14153;36
2020-07;Lisboa e Vale do Tejo;ACES Médio Tejo;39.478072,-8.5404429;28975;33525;173
2020-07;Lisboa e Vale do Tejo;ACES Cascais;38.69904,-9.3818008;12679;32212;60
2020-07;Norte;Área dos CSP da ULS Barcelos / Esposende;41.5317419,-8.6178922;14226;30606;322
2020-07;Norte;ACES Entre Douro e Vouga I - Feira e Arouca;40.9263169,-8.5478813;12193;37805;172
2020-07;Norte;ACES Tâmega III - Vale do Sousa Norte;41.2793583,-8.2787457;14599;41309;157
2020-07;Norte;Área dos CSP da ULS Póvoa Varzim / Vila Conde;41.355519,-8.746653;10734;35149;253
2020-07;Norte;ACES Douro II - Douro Sul;41.0953745,-7.8123805;8455;13099;493
2020-08;Alentejo;Área dos CSP da ULS Litoral Alentejano;38.3841359,-8.5132031;9802;8507;57
2020-08;Centro;Área dos CSP da ULS Cova da Beira;40.2677741,-7.4995083;7414;10281;60
2020-08;Centro;ACES Pinhal Interior Norte;40.1151262,-8.2473136;13141;19345;64
2020-08;Centro;ACES Baixo Mondego;40.2150023,-8.4071805;32503;67031;307
2020-08;Lisboa e Vale do Tejo;ACES Amadora;38.7573081,-9.23429;12011;13862;14
2020-08;Lisboa e Vale do Tejo;Área dos CSP da ULS Arrábida;38.5324373,-8.8627453;24715;21026;104
2020-08;Norte;ACES Douro II - Douro Sul;41.0953745,-7.8123805;7633;10666;371
2020-08;Norte;Área dos CSP da ULS Matosinhos;41.1918541,-8.6590693;12814;35042;258
2020-08;Norte;ACES Alto Trás-os-Montes - Alto Tâmega e Barroso;41.741781,-7.4731648;7681;11913;97
2020-08;Norte;ACES Alto Ave - Guimarães, Vizela e Terras de Basto;41.4417064,-8.1722408;23341;49833;314
2020-08;Norte;ACES Douro I - Marão e Douro Norte;41.2968711,-7.7483727;10732;17228;139
2020-08;Norte;Área dos CSP da ULS Alto Minho;41.7056054,-8.8252713;16864;61320;179
2020-09;Algarve;ACES Algarve II - Algarve Barlavento;37.1387554,-8.5445093;23311;13542;131
2020-09;Algarve;ACES Algarve I - Algarve Central;37.0274264,-7.9395984;30907;27321;161
2020-09;Centro;ACES Pinhal Interior Norte;40.1151262,-8.2473136;16770;22429;125
2020-09;Lisboa e Vale do Tejo;ACES Amadora;38.7573081,-9.23429;14985;17237;13
2020-09;Norte;Área dos CSP da ULS Nordeste;41.8069684,-6.7587977;14370;17706;139
2020-09;Norte;ACES Grande Porto VI - Porto Oriental;41.1694498,-8.6126428;11540;25950;190
2020-09;Norte;ACES Tâmega II - Vale do Sousa Sul;41.1548155,-8.2163769;17757;45209;195
2020-09;Norte;ACES Grande Porto II - Gondomar;41.1738444,-8.5612238;14787;50395;193
2020-09;Norte;Área dos CSP da ULS Alto Minho;41.7056054,-8.8252713;20571;72916;279
2020-10;Alentejo;Área dos CSP da ULS Alto Alentejo;39.2967086,-7.4284755;20328;17483;143
2020-10;Alentejo;Área dos CSP da ULS Baixo Alentejo;38.0153039,-7.8627308;18227;22227;250
2020-10;Centro;ACES Beira Interior Sul;39.8211367,-7.5036651;9772;10953;34
2020-10;Centro;Área dos CSP da ULS Cova da Beira;40.2677741,-7.4995083;9659;14613;43
2020-10;Centro;Área dos CSP da ULS Região de Aveiro;40.6405055,-8.6537539;42689;82626;489
2020-10;Centro;ACES Baixo Mondego;40.2150023,-8.4071805;42307;84836;505
2020-10;Centro;ACES Pinhal Interior Sul;39.7510898,-7.9203657;3689;5997;15
2020-10;Lisboa e Vale do Tejo;ACES Lisboa Ocidental e Oeiras;38.6914388,-9.3184304;19727;49967;247
2020-10;Lisboa e Vale do Tejo;Área dos CSP da ULS Estuário do Tejo;38.9528113,-8.9911154;25702;33289;88
2020-10;Lisboa e Vale do Tejo;ACES Oeste Norte;39.410844,-9.1396215;24038;24847;95
2020-10;Norte;ACES Ave / Famalicão;41.3835805,-8.4157518;12365;30425;179
2020-10;Norte;ACES Alto Ave - Guimarães, Vizela e Terras de Basto;41.4417064,-8.1722408;35329;76215;266
2020-10;Norte;Área dos CSP da ULS Barcelos / Esposende;41.5317419,-8.6178922;17581;36916;154
2020-10;Norte;ACES Cávado I - Braga;41.5518714,-8.4126362;22892;45437;306
2020-10;Norte;ACES Douro II - Douro Sul;41.0953745,-7.8123805;9793;14026;350
2020-10;Norte;Área dos CSP da ULS Matosinhos;41.1918541,-8.6590693;19551;53084;342
2020-10;Região não Especificada;Desconhecido | Nacional;;940;;
2020-11;Alentejo;Área dos CSP da ULS Alentejo Central;38.8442031,-7.5826619;18878;43331;545
2020-11;Alentejo;Área dos CSP da ULS Baixo Alentejo;38.0153039,-7.8627308;17189;21160;212
2020-11;Algarve;ACES Algarve II - Algarve Barlavento;37.1387554,-8.5445093;25269;13671;150
2020-11;Centro;ACES Pinhal Interior Sul;39.7510898,-7.9203657;3628;5928;18
2020-11;Centro;Área dos CSP da ULS Viseu Dão-Lafões;40.6565861,-7.9124712;36618;58792;437
2020-11;Centro;ACES Pinhal Litoral;39.7495331,-8.807683;29749;52195;181
2020-11;Lisboa e Vale do Tejo;ACES Cascais;38.69904,-9.3818008;16397;32713;48
2020-11;Lisboa e Vale do Tejo;ACES Lisboa Norte;38.7396924,-9.168506;23212;37599;167
2020-11;Lisboa e Vale do Tejo;Área dos CSP da ULS Estuário do Tejo;38.9528113,-8.9911154;29169;32890;110
2020-11;Lisboa e Vale do Tejo;ACES Oeste Norte;39.410844,-9.1396215;26539;24701;109
2020-11;Lisboa e Vale do Tejo;Área dos CSP da ULS Almada / Seixal;38.6678522,-9.1875777;33222;53637;223
2020-11;Norte;Área dos CSP da ULS Nordeste;41.8069684,-6.7587977;13428;26688;153
2020-11;Norte;ACES Tâmega II - Vale do Sousa Sul;41.1548155,-8.2163769;15251;54589;137
2020-11;Norte;ACES Douro I - Marão e Douro Norte;41.2968711,-7.7483727;11263;24061;144
2020-11;Norte;ACES Grande Porto V - Porto Ocidental;41.1741353,-8.6691662;22522;40463;186
2020-11;Norte;ACES Grande Porto III - Maia / Valongo;41.2333945,-8.6187474;26706;56829;219
2020-11;Região não Especificada;Desconhecido | Nacional;;305;;
2020-12;Algarve;ACES Algarve I - Algarve Central;37.0274264,-7.9395984;25873;28557;149
2020-12;Centro;ACES Beira Interior Sul;39.8211367,-7.5036651;7068;9863;26
2020-12;Centro;ACES Pinhal Interior Norte;40.1151262,-8.2473136;15608;22486;98
2020-12;Lisboa e Vale do Tejo;ACES Sintra;38.7519209,-9.2753636;24360;32892;103
2020-12;Lisboa e Vale do Tejo;ACES Amadora;38.7573081,-9.23429;12406;16101;17
2020-12;Lisboa e Vale do Tejo;Área dos CSP da ULS Almada / Seixal;38.6678522,-9.1875777;26464;44255;179
2020-12;Lisboa e Vale do Tejo;ACES Lisboa Norte;38.7396924,-9.168506;16396;29625;132
2020-12;Norte;ACES Tâmega III - Vale do Sousa Norte;41.2793583,-8.2787457;10489;42496;118
2020-12;Norte;ACES Cávado II - Gerês / Cabreira;41.6298661,-8.3596897;10166;26294;106
2020-12;Norte;ACES Cávado I - Braga;41.5518714,-8.4126362;15127;47210;212
2020-12;Norte;ACES Tâmega II - Vale do Sousa Sul;41.1548155,-8.2163769;13263;40261;118
2020-12;Norte;ACES Tâmega I - Baixo Tâmega;41.2719719,-8.0791631;14871;32624;138
2020-12;Norte;ACES Ave / Famalicão;41.3835805,-8.4157518;11116;25285;141
2020-12;Região não Especificada;Desconhecido | Nacional;;601;66;
2021-01;Centro;Área dos CSP da ULS Cova da Beira;40.2677741,-7.4995083;8491;19066;42
2021-01;Centro;ACES Pinhal Interior Sul;39.7510898,-7.9203657;2955;7556;4
2021-01;Centro;Área dos CSP da ULS Viseu Dão-Lafões;40.6565861,-7.9124712;32386;74359;244
2021-01;Lisboa e Vale do Tejo;Área dos CSP da ULS Arco Ribeirinho;38.6672076,-9.0543329;22123;44582;108
2021-01;Lisboa e Vale do Tejo;ACES Loures / Odivelas;38.8012718,-9.1137868;28204;65658;167
2021-01;Norte;ACES Alto Ave - Guimarães, Vizela e Terras de Basto;41.4417064,-8.1722408;39022;69276;315
2021-01;Norte;ACES Grande Porto III - Maia / Valongo;41.2333945,-8.6187474;19778;53532;178
2021-01;Norte;ACES Grande Porto V - Porto Ocidental;41.1741353,-8.6691662;22209;35552;230
2021-01;Norte;ACES Alto Trás-os-Montes - Alto Tâmega e Barroso;41.741781,-7.4731648;7998;17609;60
2021-01;Norte;Área dos CSP da ULS Póvoa Varzim / Vila Conde;41.355519,-8.746653;10919;41513;204
2021-01;Região não Especificada;Desconhecido | Nacional;;94;1;
2021-02;Lisboa e Vale do Tejo;ACES Cascais;38.69904,-9.3818008;11621;33873;85
2021-02;Lisboa e Vale do Tejo;ACES Oeste Sul;39.0917759,-9.2600341;11289;35289;67
2021-02;Lisboa e Vale do Tejo;ACES Oeste Norte;39.410844,-9.1396215;21294;26329;90
2021-02;Norte;ACES Grande Porto I - Santo Tirso / Trofa;41.3469246,-8.4822648;9971;26170;242
2021-02;Norte;ACES Tâmega I - Baixo Tâmega;41.2719719,-8.0791631;16471;33668;174
2021-02;Norte;ACES Tâmega II - Vale do Sousa Sul;41.1548155,-8.2163769;17814;37483;247
2021-02;Norte;Área dos CSP da ULS Barcelos / Esposende;41.5317419,-8.6178922;15226;33164;179
2021-02;Norte;ACES Douro I - Marão e Douro Norte;41.2968711,-7.7483727;9349;19256;82
2021-03;Alentejo;Área dos CSP da ULS Litoral Alentejano;38.3841359,-8.5132031;14254;11326;160
2021-03;Alentejo;Área dos CSP da ULS Alto Alentejo;39.2967086,-7.4284755;18782;18678;155
2021-03;Centro;Área dos CSP da ULS Cova da Beira;40.2677741,-7.4995083;9597;15443;30
2021-03;Lisboa e Vale do Tejo;ACES Lisboa Ocidental e Oeiras;38.6914388,-9.3184304;18787;37497;261
2021-03;Lisboa e Vale do Tejo;Área dos CSP da ULS Lezíria;39.2371689,-8.6908895;27018;31213;143
2021-03;Lisboa e Vale do Tejo;ACES Sintra;38.7519209,-9.2753636;34402;38680;135
2021-03;Norte;ACES Cávado I - Braga;41.5518714,-8.4126362;24343;38036;574
2021-03;Norte;ACES Tâmega III - Vale do Sousa Norte;41.2793583,-8.2787457;15420;42138;552
2021-03;Norte;ACES Entre Douro e Vouga II - Aveiro Norte;40.8472225,-8.4656674;13764;27222;328
2021-03;Região não Especificada;Desconhecido | Nacional;;64;1;
2021-04;Algarve;ACES Algarve I - Algarve Central;37.0274264,-7.9395984;32217;24951;235
2021-04;Centro;Área dos CSP da ULS Guarda;40.5353285,-7.2724426;19557;15990;82
2021-04;Lisboa e Vale do Tejo;Área dos CSP da ULS Almada / Seixal;38.6678522,-9.1875777;39079;45154;389
2021-04;Lisboa e Vale do Tejo;ACES Loures / Odivelas;38.8012718,-9.1137868;29937;40187;240
2021-04;Lisboa e Vale do Tejo;ACES Médio Tejo;39.478072,-8.5404429;28250;31412;161
2021-04;Lisboa e Vale do Tejo;ACES Lisboa Ocidental e Oeiras;38.6914388,-9.3184304;20470;32471;225
2021-04;Norte;ACES Ave / Famalicão;41.3835805,-8.4157518;18014;22875;453
2021-04;Norte;ACES Entre Douro e Vouga I - Feira e Arouca;40.9263169,-8.5478813;17123;36389;636
2021-04;Norte;Área dos CSP da ULS Póvoa Varzim / Vila Conde;41.355519,-8.746653;13592;34460;739
2021-04;Norte;ACES Grande Porto V - Porto Ocidental;41.1741353,-8.6691662;23190;30702;759
2021-04;Norte;ACES Tâmega I - Baixo Tâmega;41.2719719,-8.0791631;20949;30963;667
2021-04;Norte;Área dos CSP da ULS Alto Minho;41.7056054,-8.8252713;31465;62806;758
2021-05;Alentejo;Área dos CSP da ULS Alentejo Central;38.8442031,-7.5826619;24877;32369;232
2021-05;Alentejo;Área dos CSP da ULS Baixo Alentejo;38.0153039,-7.8627308;19999;17247;130
2021-05;Algarve;ACES Algarve II - Algarve Barlavento;37.1387554,-8.5445093;24939;11723;147
2021-05;Algarve;ACES Algarve III - Algarve Sotavento;37.383008,-7.7293275;11052;6532;206
2021-05;Centro;Área dos CSP da ULS Viseu Dão-Lafões;40.6565861,-7.9124712;35402;48411;487
2021-05;Lisboa e Vale do Tejo;ACES Lisboa Central;38.7306317,-9.1510414;24077;36693;207
2021-05;Lisboa e Vale do Tejo;ACES Oeste Sul;39.0917759,-9.2600341;19862;23520;107
2021-05;Lisboa e Vale do Tejo;Área dos CSP da ULS Estuário do Tejo;38.9528113,-8.9911154;24639;23383;86
2021-05;Lisboa e Vale do Tejo;ACES Lisboa Norte;38.7396924,-9.168506;24939;28318;222
2021-05;Lisboa e Vale do Tejo;ACES Sintra;38.7519209,-9.2753636;36451;32963;228
2021-05;Norte;Área dos CSP da ULS Póvoa Varzim / Vila Conde;41.355519,-8.746653;14885;34334;371
2021-05;Norte;ACES Douro I - Marão e Douro Norte;41.2968711,-7.7483727;13791;16107;186
2021-05;Norte;ACES Grande Porto VII - Gaia;41.1278433,-8.580396;17952;29330;569
2021-05;Norte;ACES Entre Douro e Vouga II - Aveiro Norte;40.8472225,-8.4656674;18516;23225;327
2021-05;Norte;Área dos CSP da ULS Nordeste;41.8069684,-6.7587977;16660;15717;281
2021-05;Norte;ACES Grande Porto III - Maia / Valongo;41.2333945,-8.6187474;29149;45622;492
2021-05;Região não Especificada;Desconhecido | Nacional;;100;;
2021-06;Algarve;ACES Algarve II - Algarve Barlavento;37.1387554,-8.5445093;23095;12397;177
2021-06;Centro;ACES Beira Interior Sul;39.8211367,-7.5036651;9411;9129;33
2021-06;Lisboa e Vale do Tejo;ACES Oeste Sul;39.0917759,-9.2600341;18881;23109;91
2021-06;Lisboa e Vale do Tejo;ACES Lisboa Ocidental e Oeiras;38.6914388,-9.3184304;26872;34024;238
2021-06;Norte;ACES Grande Porto VII - Gaia;41.1278433,-8.580396;16310;27274;397
2021-06;Norte;Área dos CSP da ULS Nordeste;41.8069684,-6.7587977;14644;15096;200
2021-06;Norte;ACES Grande Porto VI - Porto Oriental;41.1694498,-8.6126428;13528;20839;261
2021-06;Norte;ACES Ave / Famalicão;41.3835805,-8.4157518;16923;21944;278
2021-06;Norte;ACES Douro II - Douro Sul;41.0953745,-7.8123805;10407;9878;263
2021-07;Algarve;ACES Algarve I - Algarve Central;37.0274264,-7.9395984;35918;34112;274
2021-07;Centro;ACES Pinhal Interior Norte;40.1151262,-8.2473136;17935;20172;86
2021-07;Lisboa e Vale do Tejo;ACES Médio Tejo;39.478072,-8.5404429;27446;30525;165
2021-07;Lisboa e Vale do Tejo;Área dos CSP da ULS Estuário do Tejo;38.9528113,-8.9911154;31705;23960;60
2021-07;Lisboa e Vale do Tejo;Área dos CSP da ULS Arrábida;38.5324373,-8.8627453;33040;24789;167
2021-07;Norte;ACES Grande Porto II - Gondomar;41.1738444,-8.5612238;16539;46518;253
2021-07;Norte;ACES Douro I - Marão e Douro Norte;41.2968711,-7.7483727;13581;16990;146
2021-07;Região não Especificada;Desconhecido | Nacional;;441;213;
2021-08;Centro;Área dos CSP da ULS Guarda;40.5353285,-7.2724426;17099;13793;60
2021-08;Centro;ACES Pinhal Litoral;39.7495331,-8.807683;29684;43543;238
2021-08;Lisboa e Vale do Tejo;ACES Lisboa Ocidental e Oeiras;38.6914388,-9.3184304;19608;30582;201
2021-08;Lisboa e Vale do Tejo;ACES Sintra;38.7519209,-9.2753636;31948;31858;138
2021-08;Lisboa e Vale do Tejo;ACES Médio Tejo;39.478072,-8.5404429;26422;28836;149
2021-08;Lisboa e Vale do Tejo;ACES Oeste Sul;39.0917759,-9.2600341;18079;21770;195
2021-08;Lisboa e Vale do Tejo;Área dos CSP da ULS Arrábida;38.5324373,-8.8627453;28732;22622;205
2021-08;Lisboa e Vale do Tejo;ACES Amadora;38.7573081,-9.23429;17384;14492;29
2021-08;Norte;ACES Grande Porto I - Santo Tirso / Trofa;41.3469246,-8.4822648;14294;20841;220
2021-08;Norte;Área dos CSP da ULS Nordeste;41.8069684,-6.7587977;15102;16044;107
2021-08;Norte;ACES Cávado II - Gerês / Cabreira;41.6298661,-8.3596897;17814;20216;101
2021-08;Norte;ACES Grande Porto VI - Porto Oriental;41.1694498,-8.6126428;12509;21467;170
2021-08;Norte;ACES Grande Porto II - Gondomar;41.1738444,-8.5612238;14504;42935;218
2021-08;Região não Especificada;Desconhecido | Nacional;;472;240;
2021-09;Alentejo;Área dos CSP da ULS Baixo Alentejo;38.0153039,-7.8627308;18019;19306;103
2021-09;Alentejo;Área dos CSP da ULS Alto Alentejo;39.2967086,-7.4284755;18741;15962;83
2021-09;Alentejo;Área dos CSP da ULS Litoral Alentejano;38.3841359,-8.5132031;12307;8661;66
2021-09;Centro;Área dos CSP da ULS Viseu Dão-Lafões;40.6565861,-7.9124712;35359;47837;301
2021-09;Centro;Área dos CSP da ULS Guarda;40.5353285,-7.2724426;19481;14470;68
2021-09;Centro;ACES Pinhal Interior Sul;39.7510898,-7.9203657;4110;4577;2
2021-09;Centro;ACES Pinhal Interior Norte;40.1151262,-8.2473136;17423;20452;90
2021-09;Lisboa e Vale do Tejo;Área dos CSP da ULS Lezíria;39.2371689,-8.6908895;32642;26010;161
2021-09;Lisboa e Vale do Tejo;Área dos CSP da ULS Arrábida;38.5324373,-8.8627453;32427;22447;293
2021-09;Norte;ACES Alto Trás-os-Montes - Alto Tâmega e Barroso;41.741781,-7.4731648;12436;12839;90
2021-09;Norte;Área dos CSP da ULS Barcelos / Esposende;41.5317419,-8.6178922;20791;29270;225
2021-09;Norte;ACES Tâmega II - Vale do Sousa Sul;41.1548155,-8.2163769;27312;33694;211
2021-09;Norte;ACES Grande Porto VIII - Espinho / Gaia;41.0022421,-8.642018;22230;33866;276
2021-09;Norte;ACES Grande Porto VI - Porto Oriental;41.1694498,-8.6126428;14676;21968;240
2021-10;Centro;ACES Beira Interior Sul;39.8211367,-7.5036651;10174;8948;45
2021-10;Centro;ACES Baixo Mondego;40.2150023,-8.4071805;49591;69013;361
2021-10;Lisboa e Vale do Tejo;ACES Oeste Sul;39.0917759,-9.2600341;21388;24301;304
2021-10;Lisboa e Vale do Tejo;ACES Lisboa Central;38.7306317,-9.1510414;24580;29282;259
2021-10;Lisboa e Vale do Tejo;ACES Loures / Odivelas;38.8012718,-9.1137868;35603;38517;233
2021-10;Lisboa e Vale do Tejo;ACES Oeste Norte;39.410844,-9.1396215;28870;22244;150
2021-10;Lisboa e Vale do Tejo;ACES Médio Tejo;39.478072,-8.5404429;30638;29519;198
2021-10;Lisboa e Vale do Tejo;ACES Sintra;38.7519209,-9.2753636;37381;32236;174
2021-10;Norte;ACES Entre Douro e Vouga I - Feira e Arouca;40.9263169,-8.5478813;21141;33392;261
2021-10;Norte;ACES Grande Porto VII - Gaia;41.1278433,-8.580396;19401;30748;332
2021-10;Norte;ACES Ave / Famalicão;41.3835805,-8.4157518;18246;20953;243
2021-11;Algarve;ACES Algarve III - Algarve Sotavento;37.383008,-7.7293275;10827;7021;117
2021-11;Centro;Área dos CSP da ULS Guarda;40.5353285,-7.2724426;23326;15905;105
2021-11;Lisboa e Vale do Tejo;ACES Lisboa Central;38.7306317,-9.1510414;28724;32884;287
2021-11;Lisboa e Vale do Tejo;ACES Cascais;38.69904,-9.3818008;21680;27094;177
2021-11;Lisboa e Vale do Tejo;ACES Oeste Sul;39.0917759,-9.2600341;22879;25583;253
2021-11;Norte;ACES Tâmega III - Vale do Sousa Norte;41.2793583,-8.2787457;24515;38130;750
2021-11;Norte;Área dos CSP da ULS Alto Minho;41.7056054,-8.8252713;39140;58909;813
2021-11;Norte;ACES Grande Porto VII - Gaia;41.1278433,-8.580396;20892;32400;595
2021-11;Norte;ACES Tâmega II - Vale do Sousa Sul;41.1548155,-8.2163769;30071;33577;819
2021-12;Alentejo;Área dos CSP da ULS Alto Alentejo;39.2967086,-7.4284755;18466;16363;89
2021-12;Centro;Área dos CSP da ULS Região de Aveiro;40.6405055,-8.6537539;44841;64259;342
2021-12;Centro;Área dos CSP da ULS Viseu Dão-Lafões;40.6565861,-7.9124712;34192;42066;374
2021-12;Lisboa e Vale do Tejo;ACES Cascais;38.69904,-9.3818008;17036;26074;120
2021-12;Lisboa e Vale do Tejo;Área dos CSP da ULS Almada / Seixal;38.6678522,-9.1875777;36582;43992;263
2021-12;Lisboa e Vale do Tejo;ACES Lisboa Central;38.7306317,-9.1510414;22165;31671;218
2021-12;Norte;ACES Entre Douro e Vouga I - Feira e Arouca;40.9263169,-8.5478813;18017;43890;451
2021-12;Norte;ACES Grande Porto II - Gondomar;41.1738444,-8.5612238;17022;40647;235
2021-12;Norte;ACES Grande Porto III - Maia / Valongo;41.2333945,-8.6187474;26776;39914;424
2021-12;Norte;Área dos CSP da ULS Nordeste;41.8069684,-6.7587977;13245;18817;164
2021-12;Norte;Área dos CSP da ULS Barcelos / Esposende;41.5317419,-8.6178922;18610;28048;451
2021-12;Norte;ACES Entre Douro e Vouga II - Aveiro Norte;40.8472225,-8.4656674;14983;19000;325
2021-12;Norte;ACES Cávado I - Braga;41.5518714,-8.4126362;22043;33883;474
2022-01;Alentejo;Área dos CSP da ULS Litoral Alentejano;38.3841359,-8.5132031;13653;11387;88
2022-01;Alentejo;Área dos CSP da ULS Alto Alentejo;39.2967086,-7.4284755;20588;19804;92
2022-01;Centro;Área dos CSP da ULS Guarda;40.5353285,-7.2724426;22839;18699;78
2022-01;Centro;Área dos CSP da ULS Viseu Dão-Lafões;40.6565861,-7.9124712;40498;49591;458
2022-01;Lisboa e Vale do Tejo;Área dos CSP da ULS Arrábida;38.5324373,-8.8627453;32592;30569;157
2022-01;Norte;Área dos CSP da ULS Póvoa Varzim / Vila Conde;41.355519,-8.746653;19178;36983;241
2022-01;Norte;ACES Douro II - Douro Sul;41.0953745,-7.8123805;10425;12906;175
2022-01;Norte;ACES Grande Porto V - Porto Ocidental;41.1741353,-8.6691662;29399;34805;281
2022-02;Alentejo;Área dos CSP da ULS Baixo Alentejo;38.0153039,-7.8627308;19569;18013;159
2022-02;Algarve;ACES Algarve II - Algarve Barlavento;37.1387554,-8.5445093;23507;11297;150
2022-02;Centro;Área dos CSP da ULS Viseu Dão-Lafões;40.6565861,-7.9124712;40090;34447;583
2022-02;Norte;ACES Tâmega III - Vale do Sousa Norte;41.2793583,-8.2787457;24359;27428;285
2022-02;Norte;ACES Ave / Famalicão;41.3835805,-8.4157518;18117;18996;283
2022-02;Norte;Área dos CSP da ULS Alto Minho;41.7056054,-8.8252713;37052;46060;519
2022-03;Alentejo;Área dos CSP da ULS Alto Alentejo;39.2967086,-7.4284755;25101;16339;131
2022-03;Centro;ACES Pinhal Litoral;39.7495331,-8.807683;39880;39555;310
2022-03;Lisboa e Vale do Tejo;Área dos CSP da ULS Almada / Seixal;38.6678522,-9.1875777;54207;39321;392
2022-03;Lisboa e Vale do Tejo;ACES Médio Tejo;39.478072,-8.5404429;34792;30026;223
2022-03;Lisboa e Vale do Tejo;Área dos CSP da ULS Arco Ribeirinho;38.6672076,-9.0543329;31121;20032;160
2022-03;Lisboa e Vale do Tejo;Área dos CSP da ULS Arrábida;38.5324373,-8.8627453;35845;21998;208
2022-03;Lisboa e Vale do Tejo;ACES Lisboa Central;38.7306317,-9.1510414;32565;26324;311
2022-03;Lisboa e Vale do Tejo;ACES Amadora;38.7573081,-9.23429;24776;13401;109
2022-03;Lisboa e Vale do Tejo;ACES Loures / Odivelas;38.8012718,-9.1137868;43062;35423;281
2022-03;Norte;ACES Entre Douro e Vouga II - Aveiro Norte;40.8472225,-8.4656674;23205;18001;256
2022-03;Norte;ACES Entre Douro e Vouga I - Feira e Arouca;40.9263169,-8.5478813;25014;29701;373
2022-03;Norte;ACES Grande Porto VII - Gaia;41.1278433,-8.580396;25177;27638;471
2022-03;Norte;ACES Grande Porto V - Porto Ocidental;41.1741353,-8.6691662;31159;28047;377
2022-03;Norte;ACES Tâmega III - Vale do Sousa Norte;41.2793583,-8.2787457;31681;29732;409
2022-03;Norte;Área dos CSP da ULS Alto Minho;41.7056054,-8.8252713;44531;49408;602
2022-04;Alentejo;Área dos CSP da ULS Alentejo Central;38.8442031,-7.5826619;25851;24481;219
2022-04;Lisboa e Vale do Tejo;Área dos CSP da ULS Lezíria;39.2371689,-8.6908895;29090;20275;206
2022-04;Lisboa e Vale do Tejo;ACES Sintra;38.7519209,-9.2753636;38097;26924;245
2022-04;Lisboa e Vale do Tejo;ACES Oeste Sul;39.0917759,-9.2600341;19466;18461;112
2022-04;Norte;ACES Alto Ave - Guimarães, Vizela e Terras de Basto;41.4417064,-8.1722408;42199;34499;464
2022-04;Norte;Área dos CSP da ULS Barcelos / Esposende;41.5317419,-8.6178922;24432;22342;314
2022-04;Norte;ACES Alto Trás-os-Montes - Alto Tâmega e Barroso;41.741781,-7.4731648;13230;9527;171
2022-04;Norte;ACES Cávado I - Braga;41.5518714,-8.4126362;29770;24312;434
2022-04;Norte;ACES Grande Porto I - Santo Tirso / Trofa;41.3469246,-8.4822648;15399;16559;298
2022-05;Alentejo;Área dos CSP da ULS Baixo Alentejo;38.0153039,-7.8627308;21371;17661;144
2022-05;Alentejo;Área dos CSP da ULS Alentejo Central;38.8442031,-7.5826619;29776;29114;228
2022-05;Algarve;ACES Algarve III - Algarve Sotavento;37.383008,-7.7293275;11876;7106;133
2022-05;Algarve;ACES Algarve II - Algarve Barlavento;37.1387554,-8.5445093;26423;12501;139
2022-05;Centro;Área dos CSP da ULS Viseu Dão-Lafões;40.6565861,-7.9124712;48112;38498;482
2022-05;Centro;ACES Pinhal Interior Sul;39.7510898,-7.9203657;4802;4763;17
2022-05;Centro;Área dos CSP da ULS Cova da Beira;40.2677741,-7.4995083;12226;13458;38
2022-05;Centro;ACES Pinhal Interior Norte;40.1151262,-8.2473136;21438;21436;168
2022-05;Lisboa e Vale do Tejo;Área dos CSP da ULS Lezíria;39.2371689,-8.6908895;34575;24962;194
2022-05;Lisboa e Vale do Tejo;Área dos CSP da ULS Arco Ribeirinho;38.6672076,-9.0543329;31454;20793;170
2022-05;Norte;ACES Ave / Famalicão;41.3835805,-8.4157518;21283;20518;349
2022-05;Norte;ACES Grande Porto II - Gondomar;41.1738444,-8.5612238;28973;38594;381
2022-05;Norte;ACES Cávado II - Gerês / Cabreira;41.6298661,-8.3596897;18112;19897;324
2022-05;Norte;Área dos CSP da ULS Matosinhos;41.1918541,-8.6590693;27770;30445;411
2022-06;Alentejo;Área dos CSP da ULS Litoral Alentejano;38.3841359,-8.5132031;14465;7892;86
2022-06;Alentejo;Área dos CSP da ULS Alto Alentejo;39.2967086,-7.4284755;21884;15232;149
2022-06;Algarve;ACES Algarve II - Algarve Barlavento;37.1387554,-8.5445093;22939;11403;134
2022-06;Algarve;ACES Algarve III - Algarve Sotavento;37.383008,-7.7293275;9790;6592;135
2022-06;Centro;Área dos CSP da ULS Cova da Beira;40.2677741,-7.4995083;10550;11259;55
2022-06;Centro;Área dos CSP da ULS Viseu Dão-Lafões;40.6565861,-7.9124712;40945;33130;510
2022-06;Lisboa e Vale do Tejo;Área dos CSP da ULS Almada / Seixal;38.6678522,-9.1875777;44276;35615;327
2022-06;Lisboa e Vale do Tejo;ACES Lisboa Central;38.7306317,-9.1510414;26469;22893;238
2022-06;Lisboa e Vale do Tejo;ACES Médio Tejo;39.478072,-8.5404429;30905;26355;230
2022-06;Norte;ACES Entre Douro e Vouga II - Aveiro Norte;40.8472225,-8.4656674;19682;16259;525
2022-06;Norte;ACES Grande Porto III - Maia / Valongo;41.2333945,-8.6187474;32185;34351;611
2022-06;Região não Especificada;Desconhecido | Nacional;;318;6;
2022-07;Alentejo;Área dos CSP da ULS Baixo Alentejo;38.0153039,-7.8627308;17630;14231;94
2022-07;Centro;Área dos CSP da ULS Guarda;40.5353285,-7.2724426;17827;11646;186
2022-07;Lisboa e Vale do Tejo;Área dos CSP da ULS Almada / Seixal;38.6678522,-9.1875777;45198;35765;315
2022-07;Lisboa e Vale do Tejo;ACES Sintra;38.7519209,-9.2753636;39918;28091;164
2022-07;Norte;ACES Grande Porto III - Maia / Valongo;41.2333945,-8.6187474;30894;32722;345
2022-07;Norte;ACES Tâmega III - Vale do Sousa Norte;41.2793583,-8.2787457;25685;26682;291
2022-07;Norte;ACES Ave / Famalicão;41.3835805,-8.4157518;16802;18243;237
2022-07;Norte;ACES Cávado I - Braga;41.5518714,-8.4126362;30479;25683;419
2022-07;Região não Especificada;Desconhecido | Nacional;;385;1;
2022-08;Alentejo;Área dos CSP da ULS Litoral Alentejano;38.3841359,-8.5132031;14730;7733;83
2022-08;Algarve;ACES Algarve I - Algarve Central;37.0274264,-7.9395984;36229;21093;246
2022-08;Lisboa e Vale do Tejo;Área dos CSP da ULS Almada / Seixal;38.6678522,-9.1875777;44346;35096;324
2022-08;Norte;Área dos CSP da ULS Póvoa Varzim / Vila Conde;41.355519,-8.746653;20161;24062;257
2022-08;Norte;Área dos CSP da ULS Matosinhos;41.1918541,-8.6590693;23973;27816;286
2022-08;Norte;Área dos CSP da ULS Barcelos / Esposende;41.5317419,-8.6178922;23850;25857;247
2022-08;Norte;ACES Alto Ave - Guimarães, Vizela e Terras de Basto;41.4417064,-8.1722408;40473;36391;404
2022-08;Norte;ACES Grande Porto VIII - Espinho / Gaia;41.0022421,-8.642018;26091;28619;315
2022-09;Alentejo;Área dos CSP da ULS Litoral Alentejano;38.3841359,-8.5132031;13753;8053;91
2022-09;Centro;Área dos CSP da ULS Guarda;40.5353285,-7.2724426;20618;14086;257
2022-09;Centro;ACES Pinhal Interior Norte;40.1151262,-8.2473136;18846;20600;150
2022-09;Centro;Área dos CSP da ULS Viseu Dão-Lafões;40.6565861,-7.9124712;41707;34905;476
2022-09;Lisboa e Vale do Tejo;ACES Lisboa Central;38.7306317,-9.1510414;31043;24287;283
2022-09;Norte;ACES Grande Porto VI - Porto Oriental;41.1694498,-8.6126428;17670;20105;287
2022-09;Norte;Área dos CSP da ULS Nordeste;41.8069684,-6.7587977;18377;13992;246
2022-09;Norte;ACES Grande Porto V - Porto Ocidental;41.1741353,-8.6691662;29575;26677;477
2022-09;Norte;ACES Cávado I - Braga;41.5518714,-8.4126362;32427;29585;458
2022-09;Norte;Área dos CSP da ULS Alto Minho;41.7056054,-8.8252713;41673;45822;491
2022-09;Região não Especificada;Desconhecido | Nacional;;342;6;
2022-10;Alentejo;Área dos CSP da ULS Alentejo Central;38.8442031,-7.5826619;30951;27526;223
2022-10;Alentejo;Área dos CSP da ULS Baixo Alentejo;38.0153039,-7.8627308;20581;16225;128
2022-10;Algarve;ACES Algarve II - Algarve Barlavento;37.1387554,-8.5445093;23912;12154;137
2022-10;Algarve;ACES Algarve III - Algarve Sotavento;37.383008,-7.7293275;10551;6999;100
2022-10;Centro;ACES Baixo Mondego;40.2150023,-8.4071805;54768;66253;603
2022-10;Centro;Área dos CSP da ULS Guarda;40.5353285,-7.2724426;20967;14534;219
2022-10;Lisboa e Vale do Tejo;Área dos CSP da ULS Arco Ribeirinho;38.6672076,-9.0543329;27380;19687;128
2022-10;Lisboa e Vale do Tejo;ACES Lisboa Ocidental e Oeiras;38.6914388,-9.3184304;26610;23036;328
2022-10;Lisboa e Vale do Tejo;ACES Oeste Norte;39.410844,-9.1396215;26511;22362;104
2022-10;Norte;ACES Grande Porto VIII - Espinho / Gaia;41.0022421,-8.642018;25921;30976;318
2022-10;Norte;ACES Alto Ave - Guimarães, Vizela e Terras de Basto;41.4417064,-8.1722408;46359;41866;593
2022-10;Norte;ACES Ave / Famalicão;41.3835805,-8.4157518;17854;20367;384
2022-11;Alentejo;Área dos CSP da ULS Baixo Alentejo;38.0153039,-7.8627308;22104;16898;168
2022-11;Alentejo;Área dos CSP da ULS Alto Alentejo;39.2967086,-7.4284755;24703;15750;115
2022-11;Algarve;ACES Algarve II - Algarve Barlavento;37.1387554,-8.5445093;26657;13969;132
2022-11;Algarve;ACES Algarve I - Algarve Central;37.0274264,-7.9395984;40023;23974;470
2022-11;Centro;ACES Beira Interior Sul;39.8211367,-7.5036651;12808;8714;39
2022-11;Lisboa e Vale do Tejo;ACES Lisboa Central;38.7306317,-9.1510414;33225;25726;271
2022-11;Lisboa e Vale do Tejo;ACES Amadora;38.7573081,-9.23429;25131;12916;60
2022-11;Lisboa e Vale do Tejo;Área dos CSP da ULS Almada / Seixal;38.6678522,-9.1875777;53427;39572;371
2022-11;Norte;ACES Grande Porto VII - Gaia;41.1278433,-8.580396;25833;26621;465
2022-11;Norte;Área dos CSP da ULS Póvoa Varzim / Vila Conde;41.355519,-8.746653;24781;26927;350
2022-11;Norte;Área dos CSP da ULS Alto Minho;41.7056054,-8.8252713;47097;47162;710
2022-11;Norte;ACES Ave / Famalicão;41.3835805,-8.4157518;20091;20479;353
2022-11;Norte;ACES Tâmega II - Vale do Sousa Sul;41.1548155,-8.2163769;33811;30625;425
2022-11;Norte;Área dos CSP da ULS Barcelos / Esposende;41.5317419,-8.6178922;25794;27772;347
2022-12;Centro;ACES Baixo Mondego;40.2150023,-8.4071805;48308;54692;336
2022-12;Centro;Área dos CSP da ULS Guarda;40.5353285,-7.2724426;17232;11952;88
2022-12;Lisboa e Vale do Tejo;ACES Lisboa Norte;38.7396924,-9.168506;23663;16557;217
2022-12;Lisboa e Vale do Tejo;Área dos CSP da ULS Arrábida;38.5324373,-8.8627453;29754;17973;195
2022-12;Lisboa e Vale do Tejo;ACES Loures / Odivelas;38.8012718,-9.1137868;32604;26606;320
2022-12;Norte;ACES Grande Porto III - Maia / Valongo;41.2333945,-8.6187474;29062;30733;367
2022-12;Norte;ACES Entre Douro e Vouga I - Feira e Arouca;40.9263169,-8.5478813;20250;22694;264
2022-12;Norte;Área dos CSP da ULS Matosinhos;41.1918541,-8.6590693;22349;25734;385
2022-12;Norte;ACES Alto Ave - Guimarães, Vizela e Terras de Basto;41.4417064,-8.1722408;41058;33896;426
2022-12;Norte;ACES Grande Porto II - Gondomar;41.1738444,-8.5612238;22564;29767;275
2022-12;Norte;ACES Grande Porto VI - Porto Oriental;41.1694498,-8.6126428;15310;17383;276
2022-12;Norte;Área dos CSP da ULS Póvoa Varzim / Vila Conde;41.355519,-8.746653;20080;23573;335
2022-12;Norte;ACES Grande Porto V - Porto Ocidental;41.1741353,-8.6691662;24989;21916;304
2022-12;Norte;ACES Tâmega I - Baixo Tâmega;41.2719719,-8.0791631;22042;18547;156
2022-12;Norte;Área dos CSP da ULS Alto Minho;41.7056054,-8.8252713;37532;38224;494
2023-01;Alentejo;Área dos CSP da ULS Alentejo Central;38.8442031,-7.5826619;35002;28598;219
2023-01;Centro;Área dos CSP da ULS Cova da Beira;40.2677741,-7.4995083;13659;12002;54
2023-01;Lisboa e Vale do Tejo;ACES Sintra;38.7519209,-9.2753636;48095;32357;203
2023-01;Lisboa e Vale do Tejo;Área dos CSP da ULS Estuário do Tejo;38.9528113,-8.9911154;27332;19577;127
2023-01;Norte;ACES Grande Porto VII - Gaia;41.1278433,-8.580396;27250;27654;426
2023-01;Norte;Área dos CSP da ULS Póvoa Varzim / Vila Conde;41.355519,-8.746653;25822;27953;372
2023-01;Norte;Área dos CSP da ULS Nordeste;41.8069684,-6.7587977;21918;14054;279
2023-01;Região não Especificada;Desconhecido | Nacional;;587;320;
2023-02;Alentejo;Área dos CSP da ULS Baixo Alentejo;38.0153039,-7.8627308;19599;14819;167
2023-02;Alentejo;Área dos CSP da ULS Alentejo Central;38.8442031,-7.5826619;30785;23860;205
2023-02;Algarve;ACES Algarve III - Algarve Sotavento;37.383008,-7.7293275;10718;5910;108
2023-02;Algarve;ACES Algarve I - Algarve Central;37.0274264,-7.9395984;36281;20316;353
2023-02;Centro;Área dos CSP da ULS Guarda;40.5353285,-7.2724426;20683;12741;211
2023-02;Lisboa e Vale do Tejo;Área dos CSP da ULS Estuário do Tejo;38.9528113,-8.9911154;26592;15248;156
2023-02;Lisboa e Vale do Tejo;ACES Médio Tejo;39.478072,-8.5404429;35260;23605;216
2023-02;Lisboa e Vale do Tejo;Área dos CSP da ULS Arco Ribeirinho;38.6672076,-9.0543329;28506;16884;186
2023-02;Lisboa e Vale do Tejo;Área dos CSP da ULS Lezíria;39.2371689,-8.6908895;30858;20157;246
2023-02;Lisboa e Vale do Tejo;ACES Lisboa Ocidental e Oeiras;38.6914388,-9.3184304;27098;19692;350
2023-02;Lisboa e Vale do Tejo;Área dos CSP da ULS Arrábida;38.5324373,-8.8627453;37482;18970;301
2023-02;Lisboa e Vale do Tejo;ACES Amadora;38.7573081,-9.23429;22254;11037;88
2023-02;Norte;ACES Grande Porto VIII - Espinho / Gaia;41.0022421,-8.642018;24709;27482;308
2023-02;Norte;ACES Alto Trás-os-Montes - Alto Tâmega e Barroso;41.741781,-7.4731648;14046;9563;147
2023-02;Norte;ACES Grande Porto II - Gondomar;41.1738444,-8.5612238;25745;31352;336
2023-02;Norte;ACES Tâmega I - Baixo Tâmega;41.2719719,-8.0791631;25708;20685;241
2023-02;Norte;Área dos CSP da ULS Barcelos / Esposende;41.5317419,-8.6178922;25045;23278;336
2023-02;Norte;ACES Grande Porto I - Santo Tirso / Trofa;41.3469246,-8.4822648;17133;17258;315
2023-02;Norte;Área dos CSP da ULS Matosinhos;41.1918541,-8.6590693;25867;27286;371
2023-03;Centro;ACES Beira Interior Sul;39.831269,-7.486884;12010;8478;48
2023-03;Centro;ACES Pinhal Interior Sul;39.751436,-7.925101;5468;4591;7
2023-03;Lisboa e Vale do Tejo;ACES Amadora;38.75717,-9.23401;26445;13285;101
2023-03;Lisboa e Vale do Tejo;Área dos CSP da ULS Arco Ribeirinho;38.669538907,-9.0530283486;32939;20100;213
2023-03;Lisboa e Vale do Tejo;Área dos CSP da ULS Arrábida;38.531,-8.8874;42903;22609;336
2023-03;Lisboa e Vale do Tejo;ACES Cascais;38.698818794,-9.3815130504;28743;25774;330
2023-03;Lisboa e Vale do Tejo;ACES Médio Tejo;39.446082196,-8.5086017608;39420;28305;237
2023-03;Norte;ACES Tâmega II - Vale do Sousa Sul;41.206266147,-8.2725028602;35681;29913;435
2023-03;Norte;ACES Entre Douro e Vouga II - Aveiro Norte;40.847818652,-8.4649314477;24477;17282;327
2023-03;Norte;ACES Douro II - Douro Sul;41.0828,-7.79611;14449;8545;312
2023-04;Alentejo;Área dos CSP da ULS Baixo Alentejo;38.014,-7.8675;17898;13481;161
2023-04;Centro;ACES Pinhal Interior Sul;39.751436,-7.925101;3500;3570;10
2023-04;Centro;Área dos CSP da ULS Guarda;40.5314,-7.27322;19240;12885;159
2023-04;Centro;ACES Pinhal Interior Norte;40.111927,-8.246515;17512;17545;146
2023-04;Lisboa e Vale do Tejo;ACES Cascais;38.698818794,-9.3815130504;22107;20341;231
2023-04;Lisboa e Vale do Tejo;Área dos CSP da ULS Lezíria;39.237167,-8.688705;30738;18935;205
2023-04;Lisboa e Vale do Tejo;Área dos CSP da ULS Arrábida;38.531,-8.8874;35602;17903;250
2023-04;Lisboa e Vale do Tejo;ACES Lisboa Norte;38.739567,-9.168651;27890;15932;240
2023-04;Lisboa e Vale do Tejo;ACES Sintra;38.752326416,-9.274985919;39323;25425;208
2023-04;Norte;ACES Grande Porto VIII - Espinho / Gaia;41.002755547,-8.6377298499;23102;25599;317
2023-04;Norte;Área dos CSP da ULS Póvoa Varzim / Vila Conde;41.355472362,-8.7448970377;21533;22340;279
2023-04;Norte;ACES Tâmega I - Baixo Tâmega;41.271319448,-8.0787110652;24089;18714;254
2023-04;Norte;ACES Douro II - Douro Sul;41.0828,-7.79611;11460;7124;247
2023-04;Norte;ACES Grande Porto VII - Gaia;41.127363348,-8.5796956622;21717;21626;383
2023-04;Norte;ACES Ave / Famalicão;41.383524892,-8.4155289584;17173;17230;222
2023-05;Alentejo;Área dos CSP da ULS Alto Alentejo;39.2991,-7.4278;26042;17156;113
2023-05;Centro;ACES Pinhal Interior Sul;39.751436,-7.925101;5148;4760;10
2023-05;Lisboa e Vale do Tejo;Área dos CSP da ULS Estuário do Tejo;38.891077,-9.039536;29498;20740;143
2023-05;Lisboa e Vale do Tejo;Área dos CSP da ULS Arrábida;38.531,-8.8874;41865;22575;314
2023-05;Lisboa e Vale do Tejo;ACES Amadora;38.75717,-9.23401;26343;13240;84
2023-05;Lisboa e Vale do Tejo;ACES Lisboa Norte;38.739567,-9.168651;36012;20460;325
2023-05;Norte;ACES Douro II - Douro Sul;41.0828,-7.79611;14248;9019;281
2023-06;Algarve;ACES Algarve III - Algarve Sotavento;37.383008,-7.7293275;9956;6838;119
2023-06;Algarve;ACES Algarve II - Algarve Barlavento;37.1387554,-8.5445093;24510;11918;126
2023-06;Centro;Área dos CSP da ULS Guarda;40.5353285,-7.2724426;23542;13830;204
2023-06;Lisboa e Vale do Tejo;ACES Médio Tejo;39.478072,-8.5404429;31883;24195;183
2023-06;Lisboa e Vale do Tejo;ACES Lisboa Norte;38.7396924,-9.168506;28524;18104;251
2023-06;Lisboa e Vale do Tejo;ACES Sintra;38.7519209,-9.2753636;42148;28360;227
2023-06;Lisboa e Vale do Tejo;Área dos CSP da ULS Arrábida;38.5324373,-8.8627453;36216;19250;260
2023-06;Lisboa e Vale do Tejo;ACES Loures / Odivelas;38.8012718,-9.1137868;42207;29418;370
2023-06;Norte;ACES Grande Porto V - Porto Ocidental;41.1741353,-8.6691662;28203;24718;470
2023-06;Norte;Área dos CSP da ULS Barcelos / Esposende;41.5317419,-8.6178922;24553;24076;302
2023-06;Norte;ACES Grande Porto VI - Porto Oriental;41.1694498,-8.6126428;18153;19619;310
2023-06;Norte;ACES Grande Porto VII - Gaia;41.1278433,-8.580396;23050;24419;450
2023-06;Norte;ACES Tâmega III - Vale do Sousa Norte;41.2793583,-8.2787457;25542;26736;315
2023-06;Região não Especificada;Desconhecido | Nacional;;650;344;
2023-07;Alentejo;Área dos CSP da ULS Alto Alentejo;39.2991,-7.4278;19494;13950;104
2023-07;Lisboa e Vale do Tejo;ACES Médio Tejo;39.446082196,-8.5086017608;29674;22107;193
2023-07;Lisboa e Vale do Tejo;ACES Oeste Sul;39.079532265,-9.2569721248;25536;16678;98
2023-07;Lisboa e Vale do Tejo;ACES Lisboa Norte;38.739567,-9.168651;28160;18364;217
2023-07;Lisboa e Vale do Tejo;ACES Lisboa Central;38.7365023,-9.1313583;30068;22733;284
2023-07;Norte;ACES Grande Porto VI - Porto Oriental;41.169696,-8.612651;16629;18936;268
2023-07;Norte;ACES Tâmega II - Vale do Sousa Sul;41.206266147,-8.2725028602;25803;25801;235
2023-07;Norte;ACES Entre Douro e Vouga II - Aveiro Norte;40.847818652,-8.4649314477;20409;15810;203
2023-07;Norte;ACES Grande Porto II - Gondomar;41.174369643,-8.5608546544;23302;31394;249
2023-07;Norte;ACES Cávado I - Braga;41.547059616,-8.4278529356;28624;26687;456
2023-07;Norte;ACES Tâmega I - Baixo Tâmega;41.271319448,-8.0787110652;25587;19709;253
2023-07;Norte;ACES Grande Porto I - Santo Tirso / Trofa;41.346844614,-8.482973945;14440;16048;229
2023-07;Norte;ACES Grande Porto III - Maia / Valongo;41.233597309,-8.6166174889;28769;31692;368
2023-08;Algarve;ACES Algarve I - Algarve Central;37.02745056,-7.937649;33380;21933;252
2023-08;Algarve;ACES Algarve III - Algarve Sotavento;37.115865018,-7.6506054852;9686;7082;126
2023-08;Centro;ACES Baixo Mondego;40.21578,-8.41058;47599;61036;369
2023-08;Centro;Área dos CSP da ULS Região de Aveiro;40.6418,-8.65166;50489;47945;490
2023-08;Centro;ACES Beira Interior Sul;39.831269,-7.486884;8442;6673;27
2023-08;Lisboa e Vale do Tejo;ACES Amadora;38.75717,-9.23401;20191;11381;85
2023-08;Lisboa e Vale do Tejo;ACES Lisboa Norte;38.739567,-9.168651;24593;17687;205
2023-08;Lisboa e Vale do Tejo;Área dos CSP da ULS Arrábida;38.531,-8.8874;32490;20242;295
2023-08;Norte;ACES Alto Ave - Guimarães, Vizela e Terras de Basto;41.426805082,-8.2945278754;42276;36523;418
2023-08;Norte;ACES Alto Trás-os-Montes - Alto Tâmega e Barroso;41.7543,-7.47959;13823;9840;137
2023-08;Norte;ACES Entre Douro e Vouga I - Feira e Arouca;40.926349,-8.548039;21361;23570;270
2023-08;Norte;ACES Cávado II - Gerês / Cabreira;41.629758698,-8.3591461276;15440;18650;179
2023-08;Norte;ACES Grande Porto VII - Gaia;41.127363348,-8.5796956622;21144;23904;335
2023-08;Norte;ACES Douro II - Douro Sul;41.0828,-7.79611;12287;7872;239
2023-08;Norte;ACES Grande Porto VI - Porto Oriental;41.169696,-8.612651;15909;18448;249
2023-08;Norte;ACES Ave / Famalicão;41.383524892,-8.4155289584;17569;18382;230
2023-09;Algarve;ACES Algarve II - Algarve Barlavento;37.13765,-8.544009;23667;13179;107
2023-09;Algarve;ACES Algarve I - Algarve Central;37.02745056,-7.937649;34511;22875;292
2023-09;Centro;ACES Pinhal Interior Sul;39.751436,-7.925101;4552;4229;15
2023-09;Centro;Área dos CSP da ULS Região de Aveiro;40.6418,-8.65166;54528;48948;532
2023-09;Centro;Área dos CSP da ULS Guarda;40.5314,-7.27322;21363;13491;106
2023-09;Lisboa e Vale do Tejo;ACES Lisboa Ocidental e Oeiras;38.69329057,-9.3178385229;26637;20383;315
2023-09;Lisboa e Vale do Tejo;Área dos CSP da ULS Estuário do Tejo;38.891077,-9.039536;25007;18184;88
2023-10;Alentejo;Área dos CSP da ULS Baixo Alentejo;38.014,-7.8675;22176;15902;164
2023-10;Alentejo;Área dos CSP da ULS Alto Alentejo;39.2991,-7.4278;21638;15274;95
2023-10;Alentejo;Área dos CSP da ULS Litoral Alentejano;38.039936,-8.731693;13295;8812;64
2023-10;Lisboa e Vale do Tejo;Área dos CSP da ULS Lezíria;39.237167,-8.688705;31871;23289;229
2023-10;Lisboa e Vale do Tejo;ACES Oeste Norte;39.411452329,-9.1394549604;27047;21138;185
2023-10;Lisboa e Vale do Tejo;ACES Amadora;38.75717,-9.23401;23250;13130;61
2023-10;Lisboa e Vale do Tejo;Área dos CSP da ULS Arrábida;38.531,-8.8874;34951;21859;254
2023-10;Lisboa e Vale do Tejo;ACES Loures / Odivelas;38.797701,-9.115877;42883;31069;371
2023-10;Norte;Área dos CSP da ULS Póvoa Varzim / Vila Conde;41.355472362,-8.7448970377;22020;27145;357
2023-10;Norte;Área dos CSP da ULS Barcelos / Esposende;41.533628173,-8.6240622256;26234;27058;355
2023-10;Norte;ACES Alto Ave - Guimarães, Vizela e Terras de Basto;41.426805082,-8.2945278754;49466;42383;648
2023-10;Norte;ACES Entre Douro e Vouga II - Aveiro Norte;40.847818652,-8.4649314477;19845;19707;345
2023-10;Norte;ACES Grande Porto VII - Gaia;41.127363348,-8.5796956622;24300;26268;446
2023-10;Norte;ACES Alto Trás-os-Montes - Alto Tâmega e Barroso;41.7543,-7.47959;15638;10674;196
2023-10;Norte;ACES Douro II - Douro Sul;41.0828,-7.79611;13281;8756;306
2023-10;Norte;ACES Cávado II - Gerês / Cabreira;41.629758698,-8.3591461276;16686;19556;355
2023-10;Norte;Área dos CSP da ULS Nordeste;41.806816,-6.759102;19574;14255;296
2023-11;Algarve;ACES Algarve II - Algarve Barlavento;37.13765,-8.544009;25895;13638;92
2023-11;Lisboa e Vale do Tejo;ACES Lisboa Ocidental e Oeiras;38.69329057,-9.3178385229;29903;23931;341
2023-11;Lisboa e Vale do Tejo;Área dos CSP da ULS Arco Ribeirinho;38.669538907,-9.0530283486;29879;19134;163
2023-11;Lisboa e Vale do Tejo;ACES Lisboa Central;38.7365023,-9.1313583;34180;24601;387
2023-11;Lisboa e Vale do Tejo;ACES Loures / Odivelas;38.797701,-9.115877;44079;29922;441
2023-11;Norte;ACES Grande Porto VII - Gaia;41.127363348,-8.5796956622;25509;26618;574
2023-11;Norte;ACES Cávado II - Gerês / Cabreira;41.629758698,-8.3591461276;17647;19754;348
2023-11;Norte;ACES Alto Trás-os-Montes - Alto Tâmega e Barroso;41.7543,-7.47959;16287;10639;209
2023-11;Norte;ACES Grande Porto II - Gondomar;41.174369643,-8.5608546544;28829;34626;395
2023-11;Norte;ACES Tâmega III - Vale do Sousa Norte;41.280299,-8.278129;28168;29918;466
2023-12;Alentejo;Área dos CSP da ULS Alentejo Central;38.574093,-7.911785;31378;19587;239
2023-12;Algarve;ACES Algarve III - Algarve Sotavento;37.115865018,-7.6506054852;8345;5908;127
2023-12;Centro;Área dos CSP da ULS Região de Aveiro;40.6418,-8.65166;46979;40780;484
2023-12;Centro;Área dos CSP da ULS Viseu Dão-Lafões;40.659169,-7.915314;38041;27973;298
2023-12;Centro;Área dos CSP da ULS Guarda;40.5314,-7.27322;22528;10378;109
2023-12;Lisboa e Vale do Tejo;ACES Cascais;38.698818794,-9.3815130504;19819;19913;192
2023-12;Lisboa e Vale do Tejo;Área dos CSP da ULS Arrábida;38.531,-8.8874;29565;17008;194
2023-12;Norte;Área dos CSP da ULS Matosinhos;41.1807,-8.66314;21787;24137;289
2023-12;Norte;ACES Tâmega III - Vale do Sousa Norte;41.280299,-8.278129;22184;23296;311
2024-01;Centro;Área dos CSP da ULS Guarda;40.5314,-7.27322;31304;14491;256
2024-01;Centro;Área dos CSP da ULS Castelo Branco;39.831269,-7.486884;23771;11542;56
2024-01;Centro;Área dos CSP da ULS Cova da Beira;40.279552,-7.501801;14879;11430;24
2024-01;Lisboa e Vale do Tejo;Área dos CSP da ULS Lezíria;39.237167,-8.688705;36370;23031;227
2024-01;Lisboa e Vale do Tejo;Área dos CSP da ULS Almada / Seixal;38.6276044797217,-9.11368350111247;52913;41362;528
2024-01;Norte;Área dos CSP da ULS Barcelos / Esposende;41.533628173,-8.6240622256;30325;27158;435
2024-01;Norte;Área dos CSP da ULS São João;41.169696,-8.612651;61252;60973;873
2024-01;Norte;Área dos CSP da ULS Gaia / Espinho;41.127363348,-8.5796956622;60426;58709;992
2024-02;Alentejo;Área dos CSP da ULS Baixo Alentejo;38.014,-7.8675;21557;14018;137
2024-02;Alentejo;Área dos CSP da ULS Alentejo Central;38.568838,-7.903064;34012;22926;289
2024-02;Algarve;Área dos CSP da ULS Algarve;37.02745056,-7.937649;75997;41687;638
2024-02;Centro;Área dos CSP da ULS Região de Leiria;39.7418,-8.79444;56300;46551;437
2024-02;Centro;Área dos CSP da ULS Viseu Dão-Lafões;40.659169,-7.915314;47585;32355;520
2024-02;Centro;Área dos CSP da ULS Castelo Branco;39.831269,-7.486884;21485;9598;45
2024-02;Lisboa e Vale do Tejo;Área dos CSP da ULS Arco Ribeirinho;38.6527214050293,-9.05825614929199;29354;17745;189
2024-02;Lisboa e Vale do Tejo;Área dos CSP da ULS Loures / Odivelas;38.821769,-9.176301;28002;17833;275
2024-02;Lisboa e Vale do Tejo;Área dos CSP da ULS Lezíria;39.232503,-8.715083;35064;19791;250
2024-03;Alentejo;Área dos CSP da ULS Alentejo Central;38.568838,-7.903064;34421;22392;299
2024-03;Alentejo;Área dos CSP da ULS Alto Alentejo;38.756986,-9.1460619;22248;13275;179
2024-03;Centro;Área dos CSP da ULS Cova da Beira;40.279552,-7.501801;13991;9748;22
2024-03;Centro;Área dos CSP da ULS Região de Aveiro;40.6418,-8.65166;65270;45831;759
2024-03;Lisboa e Vale do Tejo;Área dos CSP da ULS Almada / Seixal;38.6276044797217,-9.11368350111247;49901;34573;506
2024-03;Lisboa e Vale do Tejo;Área dos CSP da ULS Santa Maria;38.739567,-9.168651;42956;22163;242
2024-03;Lisboa e Vale do Tejo;Área dos CSP da ULS Lisboa Ocidental;38.698818794,-9.3815130504;54296;42146;541
2024-03;Norte;Área dos CSP da ULS Tâmega e Sousa;41.206266147,-8.2725028602;85762;66550;932
2024-04;Alentejo;Área dos CSP da ULS Baixo Alentejo;38.014,-7.8675;22187;15134;143
2024-04;Algarve;Área dos CSP da ULS Algarve;37.02745056,-7.937649;76623;39915;672
2024-04;Centro;Área dos CSP da ULS Coimbra;40.21578,-8.41058;66747;63395;628
2024-04;Centro;Área dos CSP da ULS Região de Aveiro;40.6418,-8.65166;67569;49589;789
2024-04;Lisboa e Vale do Tejo;Área dos CSP da ULS Oeste;39.411452329,-9.1394549604;33191;24038;222
2024-04;Lisboa e Vale do Tejo;Área dos CSP da ULS São José;38.7365023,-9.1313583;53556;34335;529
2024-05;Alentejo;Área dos CSP da ULS Litoral Alentejano;38.039936,-8.731693;14823;7606;99
2024-05;Centro;Área dos CSP da ULS Cova da Beira;40.279552,-7.501801;15117;11586;34
2024-05;Lisboa e Vale do Tejo;Área dos CSP da ULS Santa Maria;38.739567,-9.168651;44977;25023;383
2024-05;Norte;Área dos CSP da ULS Póvoa Varzim / Vila Conde;41.355472362,-8.7448970377;24943;26918;443
2024-05;Norte;Área dos CSP da ULS Entre Douro e Vouga;;51081;42472;846
2024-05;Norte;Área dos CSP da ULS Braga;41.629758698,-8.3591461276;55386;48954;905
2024-05;Norte;Área dos CSP da ULS Tâmega e Sousa;41.206266147,-8.2725028602;91767;72384;1167
2024-06;Alentejo;Área dos CSP da ULS Alto Alentejo;38.756986,-9.1460619;20683;13735;211
2024-06;Centro;Área dos CSP da ULS Região de Aveiro;;58678;46881;768
2024-06;Centro;Área dos CSP da ULS Cova da Beira;40.279552,-7.501801;13014;10718;27
2024-06;Lisboa e Vale do Tejo;Área dos CSP da ULS Estuário do Tejo;38.891077,-9.039536;26991;16124;102
2024-06;Lisboa e Vale do Tejo;Área dos CSP da ULS São José;38.7365023,-9.1313583;44886;30265;457
2024-06;Lisboa e Vale do Tejo;Área dos CSP da ULS Loures / Odivelas;38.821769,-9.176301;24935;17378;293
2024-06;Norte;Área dos CSP da ULS Alto Minho;41.696866,-8.832522;43448;36302;697
2024-06;Norte;Área dos CSP da ULS Entre Douro e Vouga;;43590;38136;721
2024-07;Centro;Área dos CSP da ULS Região de Leiria;39.7418,-8.79444;58171;48973;402
2024-07;Centro;Área dos CSP da ULS Cova da Beira;40.279552,-7.501801;14126;10461;29
2024-07;Centro;Área dos CSP da ULS Castelo Branco;39.831269,-7.486884;21900;11088;73
2024-07;Centro;Área dos CSP da ULS Região de Aveiro;;66667;51091;865
2024-07;Lisboa e Vale do Tejo;Área dos CSP da ULS Almada / Seixal;38.6276044797217,-9.11368350111247;51328;36397;541
2024-07;Lisboa e Vale do Tejo;Área dos CSP da ULS Lisboa Ocidental;38.698818794,-9.3815130504;56082;47194;643
2024-07;Norte;Área dos CSP da ULS Trás-os-Montes Alto Douro;41.2969,-7.74841;46942;33014;844
2024-07;Norte;Área dos CSP da ULS Braga;41.629758698,-8.3591461276;52626;49053;766
2024-07;Norte;Área dos CSP da ULS Entre Douro e Vouga;;48999;43184;735
2024-08;Alentejo;Área dos CSP da ULS Alentejo Central;38.568838,-7.903064;29842;20997;241
2024-08;Centro;Área dos CSP da ULS Cova da Beira;40.279552,-7.501801;11614;9572;31
2024-08;Lisboa e Vale do Tejo;Área dos CSP da ULS Estuário do Tejo;38.891077,-9.039536;25718;16273;102
2024-08;Norte;Área dos CSP da ULS Braga;41.629758698,-8.3591461276;44716;40725;638
2024-08;Norte;Área dos CSP da ULS Tâmega e Sousa;41.206266147,-8.2725028602;76039;66783;885
2024-09;Lisboa e Vale do Tejo;Área dos CSP da ULS Amadora / Sintra;38.75717,-9.23401;60212;42115;407
2024-09;Lisboa e Vale do Tejo;Área dos CSP da ULS Oeste;39.411452329,-9.1394549604;27110;21910;152
2024-09;Lisboa e Vale do Tejo;Área dos CSP da ULS Santa Maria;38.739567,-9.168651;38961;23583;282
2024-09;Norte;Área dos CSP da ULS Póvoa Varzim / Vila Conde;41.355472362,-8.7448970377;20993;25630;352
2024-09;Norte;Área dos CSP da ULS Barcelos / Esposende;41.533628173,-8.6240622256;25852;23969;374
2024-09;Norte;Área dos CSP da ULS Entre Douro e Vouga;;45416;41320;593
2024-09;Norte;Área dos CSP da ULS Tâmega e Sousa;41.206266147,-8.2725028602;77472;71835;931
2024-10;Alentejo;Área dos CSP da ULS Alentejo Central;38.568838,-7.903064;37718;26109;406
2024-10;Algarve;Área dos CSP da ULS Algarve;37.02745056,-7.937649;81180;46790;945
2024-10;Centro;Área dos CSP da ULS Região de Leiria;39.7418,-8.79444;63073;55156;568
2024-10;Lisboa e Vale do Tejo;Área dos CSP da ULS Amadora / Sintra;38.75717,-9.23401;73139;48211;458
2024-10;Lisboa e Vale do Tejo;Área dos CSP da ULS São José;38.7365023,-9.1313583;55148;38415;710
2024-10;Lisboa e Vale do Tejo;Área dos CSP da ULS Loures / Odivelas;38.821769,-9.176301;29945;22083;360
2024-10;Norte;Área dos CSP da ULS Alto Ave;41.426805082,-8.2945278754;59259;47265;897
2024-11;Alentejo;Área dos CSP da ULS Litoral Alentejano;38.039936,-8.731693;15042;7490;83
2024-11;Lisboa e Vale do Tejo;Área dos CSP da ULS Arrábida;38.531,-8.8874;35072;20700;278
2024-11;Lisboa e Vale do Tejo;Área dos CSP da ULS Arco Ribeirinho;38.6527214050293,-9.05825614929199;28936;18700;178
2024-11;Lisboa e Vale do Tejo;Área dos CSP da ULS Lezíria;39.232503,-8.715083;33643;21150;261
2024-11;Lisboa e Vale do Tejo;Área dos CSP da ULS Oeste;39.411452329,-9.1394549604;29407;21596;207
2024-11;Norte;Área dos CSP da ULS Alto Ave;41.426805082,-8.2945278754;52761;42566;832
2024-11;Norte;Área dos CSP da ULS Santo António;41.160263,-8.681729;55758;62367;891
2024-11;Norte;Área dos CSP da ULS Barcelos / Esposende;41.533628173,-8.6240622256;28484;24784;560
2024-11;Norte;Área dos CSP da ULS Gaia / Espinho;41.127363348,-8.5796956622;56251;53723;987
2024-11;Norte;Área dos CSP da ULS Médio Ave;41.346844614,-8.482973945;35933;37123;683
2024-11;Norte;Área dos CSP da ULS Trás-os-Montes Alto Douro;41.2969,-7.74841;47820;32933;1045
2024-12;Alentejo;Área dos CSP da ULS Litoral Alentejano;38.039936,-8.731693;13043;6456;57
2024-12;Centro;Área dos CSP da ULS Cova da Beira;40.279552,-7.501801;12037;8180;25
2024-12;Centro;Área dos CSP da ULS Coimbra;40.21578,-8.41058;57649;58673;614
2024-12;Lisboa e Vale do Tejo;Área dos CSP da ULS Arco Ribeirinho;38.6527214050293,-9.05825614929199;26011;17500;138
2024-12;Lisboa e Vale do Tejo;Área dos CSP da ULS Médio Tejo;39.605565,-8.404399;25457;17983;126
2024-12;Lisboa e Vale do Tejo;Área dos CSP da ULS Arrábida;38.531,-8.8874;32441;18142;216
2024-12;Norte;Área dos CSP da ULS Gaia / Espinho;41.127363348,-8.5796956622;49291;48101;748
2025-01;Alentejo;Área dos CSP da ULS Baixo Alentejo;38.014,-7.8675;23395;16819;159
2025-01;Centro;Área dos CSP da ULS Cova da Beira;40.279552,-7.501801;16086;11477;39
2025-01;Centro;Área dos CSP da ULS Viseu Dão-Lafões;40.659169,-7.915314;55646;38790;705
2025-01;Centro;Área dos CSP da ULS Região de Leiria;39.7418,-8.79444;61459;52800;463
2025-01;Lisboa e Vale do Tejo;Área dos CSP da ULS Arco Ribeirinho;38.6527214050293,-9.05825614929199;31448;21973;273
2025-01;Lisboa e Vale do Tejo;Área dos CSP da ULS Lezíria;39.232503,-8.715083;34950;23240;330
2025-01;Norte;Área dos CSP da ULS Entre Douro e Vouga;;60885;55589;873
2025-01;Norte;Área dos CSP da ULS Trás-os-Montes Alto Douro;41.2969,-7.74841;50688;36998;930
2025-01;Norte;Área dos CSP da ULS Póvoa Varzim / Vila Conde;41.355472362,-8.7448970377;24456;29633;423
2025-02;Alentejo;Área dos CSP da ULS Alto Alentejo;39.3004940975133,-7.42635033349663;21441;14384;228
2025-02;Lisboa e Vale do Tejo;Área dos CSP da ULS Arco Ribeirinho;38.6527214050293,-9.05825614929199;29260;18212;218
2025-02;Lisboa e Vale do Tejo;Área dos CSP da ULS Amadora / Sintra;38.75717,-9.23401;65692;43004;445
2025-02;Lisboa e Vale do Tejo;Área dos CSP da ULS Médio Tejo;39.605565,-8.404399;27811;19320;154
2025-02;Norte;Área dos CSP da ULS Póvoa Varzim / Vila Conde;41.355472362,-8.7448970377;22658;26305;427
2025-02;Norte;Área dos CSP da ULS Alto Minho;41.696866,-8.832522;46810;38598;835
2025-02;Norte;Área dos CSP da ULS Braga;41.629758698,-8.3591461276;50878;47544;860
2025-02;Norte;Área dos CSP da ULS Santo António;41.160263,-8.681729;54874;59379;914
2025-03;Alentejo;Área dos CSP da ULS Alentejo Central;38.568838,-7.903064;34004;24660;392
2025-03;Alentejo;Área dos CSP da ULS Litoral Alentejano;38.039936,-8.731693;14349;7543;78
2025-03;Centro;Área dos CSP da ULS Baixo Mondego;40.130297609,-8.860696177;16844;18641;335
2025-03;Centro;Área dos CSP da ULS Castelo Branco;39.831269,-7.486884;21675;10427;94
2025-03;Lisboa e Vale do Tejo;Área dos CSP da ULS Estuário do Tejo;38.891077,-9.039536;26179;18048;142
2025-03;Lisboa e Vale do Tejo;Área dos CSP da ULS Oeste;39.411452329,-9.1394549604;30657;21977;195
2025-03;Norte;Área dos CSP da ULS Barcelos / Esposende;41.533628173,-8.6240622256;26527;25198;517
2025-03;Norte;Área dos CSP da ULS Matosinhos;41.1807,-8.66314;25900;30246;413
2025-03;Norte;Área dos CSP da ULS Entre Douro e Vouga;;57361;50657;788
2025-03;Norte;Área dos CSP da ULS Nordeste;41.806816,-6.759102;24066;11781;464
2025-03;Norte;Área dos CSP da ULS Póvoa Varzim / Vila Conde;41.355472362,-8.7448970377;21975;26545;374
2025-04;Centro;Área dos CSP da ULS Coimbra;40.21578,-8.41058;60718;59662;928
2025-04;Lisboa e Vale do Tejo;Área dos CSP da ULS Loures / Odivelas;38.821769,-9.176301;23752;18279;335
2025-04;Lisboa e Vale do Tejo;Área dos CSP da ULS São José;38.7365023,-9.1313583;44811;31300;519
2025-04;Norte;Área dos CSP da ULS Póvoa Varzim / Vila Conde;41.355472362,-8.7448970377;20433;24336;407
2025-05;Alentejo;Área dos CSP da ULS Litoral Alentejano;38.039936,-8.731693;14871;7933;100
2025-05;Centro;Área dos CSP da ULS Região de Leiria;39.7418,-8.79444;57186;49002;572
2025-05;Lisboa e Vale do Tejo;Área dos CSP da ULS Lezíria;39.232503,-8.715083;33761;23246;347
2025-05;Lisboa e Vale do Tejo;Área dos CSP da ULS Amadora / Sintra;38.75717,-9.23401;69898;47275;472
2025-05;Lisboa e Vale do Tejo;Área dos CSP da ULS Arco Ribeirinho;38.6527214050293,-9.05825614929199;30644;20380;225
2025-05;Lisboa e Vale do Tejo;Área dos CSP da ULS Oeste;39.411452329,-9.1394549604;31051;23039;220
2025-05;Lisboa e Vale do Tejo;Área dos CSP da ULS Lisboa Ocidental;38.698818794,-9.3815130504;55249;49477;729
2025-05;Norte;Área dos CSP da ULS Alto Minho;41.696866,-8.832522;49845;42121;854
2025-05;Norte;Área dos CSP da ULS São João;41.169696,-8.612651;54199;60470;859
2025-05;Norte;Área dos CSP da ULS Trás-os-Montes Alto Douro;41.2969,-7.74841;49848;36649;1043
2025-06;Centro;Área dos CSP da ULS Viseu Dão-Lafões;40.659169,-7.915314;43279;31815;612
2025-06;Centro;Área dos CSP da ULS Região de Leiria;39.7418,-8.79444;49843;44957;439
2025-06;Centro;Área dos CSP da ULS Região de Aveiro;40.6418,-8.65166;44504;39490;681
2025-06;Lisboa e Vale do Tejo;Área dos CSP da ULS Médio Tejo;39.605565,-8.404399;24982;18212;89
2025-06;Lisboa e Vale do Tejo;Área dos CSP da ULS Arco Ribeirinho;38.6527214050293,-9.05825614929199;27112;17963;207
2025-06;Lisboa e Vale do Tejo;Área dos CSP da ULS Arrábida;38.531,-8.8874;32518;20216;215
2025-07;Alentejo;Área dos CSP da ULS Baixo Alentejo;38.009362882,-7.8559468083;21201;15659;147
2025-07;Alentejo;Área dos CSP da ULS Litoral Alentejano;38.039936,-8.731693;16061;8135;99
2025-07;Alentejo;Área dos CSP da ULS Alto Alentejo;39.3004940975133,-7.42635033349663;20759;14920;196
2025-07;Centro;Área dos CSP da ULS Região de Aveiro;40.6418,-8.65166;53348;45955;841
2025-07;Centro;Área dos CSP da ULS Viseu Dão-Lafões;40.659169,-7.915314;49993;37112;660
2025-07;Lisboa e Vale do Tejo;Área dos CSP da ULS Oeste;39.411452329,-9.1394549604;31931;22718;188
2025-07;Norte;Área dos CSP da ULS São João;41.169696,-8.612651;53721;60717;767
2025-07;Norte;Área dos CSP da ULS Póvoa Varzim / Vila Conde;41.355472362,-8.7448970377;22923;29305;394
2025-08;Alentejo;Área dos CSP da ULS Alto Alentejo;39.3004940975133,-7.42635033349663;16697;12603;107
2025-08;Centro;Área dos CSP da ULS Região de Aveiro;40.6418,-8.65166;40835;37081;598
2025-08;Lisboa e Vale do Tejo;Área dos CSP da ULS Lisboa Ocidental;38.698818794,-9.3815130504;41899;41135;480
2025-08;Norte;Área dos CSP da ULS São João;41.169696,-8.612651;42050;49688;591
2025-09;Alentejo;Área dos CSP da ULS Alentejo Central;38.568838,-7.903064;31902;24228;279
2025-09;Alentejo;Área dos CSP da ULS Baixo Alentejo;38.009362882,-7.8559468083;20078;15533;166
2025-09;Alentejo;Área dos CSP da ULS Litoral Alentejano;38.039936,-8.731693;14302;7915;92
2025-09;Centro;Área dos CSP da ULS Viseu Dão-Lafões;40.659169,-7.915314;46899;36508;730
2025-09;Lisboa e Vale do Tejo;Área dos CSP da ULS Arrábida;38.531,-8.8874;34844;22387;240
2025-09;Lisboa e Vale do Tejo;Área dos CSP da ULS Loures / Odivelas;38.821769,-9.176301;25879;19809;291
2025-09;Norte;Área dos CSP da ULS São João;41.169696,-8.612651;52741;61839;876
2025-09;Norte;Área dos CSP da ULS Alto Ave;41.426805082,-8.2945278754;51440;45816;706
2025-09;Norte;Área dos CSP da ULS Alto Minho;41.696866,-8.832522;45751;41857;637
2025-09;Norte;Área dos CSP da ULS Santo António;41.160263,-8.681729;55221;65441;897
2025-10;Alentejo;Área dos CSP da ULS Alentejo Central;38.568838,-7.903064;34999;26835;466
2025-10;Lisboa e Vale do Tejo;Área dos CSP da ULS Lisboa Ocidental;38.698818794,-9.3815130504;59245;57787;746
2025-10;Lisboa e Vale do Tejo;Área dos CSP da ULS Arco Ribeirinho;38.6527214050293,-9.05825614929199;31258;22373;249
2025-10;Lisboa e Vale do Tejo;Área dos CSP da ULS Loures / Odivelas;38.821769,-9.176301;28880;21291;352
2025-10;Norte;Área dos CSP da ULS Alto Minho;41.696866,-8.832522;49949;43650;911
2025-10;Norte;Área dos CSP da ULS Matosinhos;41.1807,-8.66314;29283;34762;582
2025-10;Norte;Área dos CSP da ULS Tâmega e Sousa;41.206266147,-8.2725028602;86588;86228;1268
2025-10;Norte;Área dos CSP da ULS Alto Ave;41.426805082,-8.2945278754;56427;48080;871
2025-11;Lisboa e Vale do Tejo;Área dos CSP da ULS Loures / Odivelas;38.821769,-9.176301;24383;17855;259
2025-11;Lisboa e Vale do Tejo;Área dos CSP da ULS Santa Maria;38.739567,-9.168651;40790;25674;263
2025-11;Lisboa e Vale do Tejo;Área dos CSP da ULS Lisboa Ocidental;38.698818794,-9.3815130504;53281;50584;665
2025-11;Lisboa e Vale do Tejo;Área dos CSP da ULS Arco Ribeirinho;38.6527214050293,-9.05825614929199;29065;20049;212
2025-11;Lisboa e Vale do Tejo;Área dos CSP da ULS Amadora / Sintra;38.752326416,-9.274985919;60725;44183;446
2025-11;Norte;Área dos CSP da ULS Barcelos / Esposende;41.533628173,-8.6240622256;27931;24564;472
2025-11;Norte;Área dos CSP da ULS Alto Ave;41.426805082,-8.2945278754;53095;43646;800
2025-11;Norte;Área dos CSP da ULS São João;41.169696,-8.612651;50878;56741;751
2025-12;Alentejo;Área dos CSP da ULS Alentejo Central;38.568838,-7.903064;29811;21688;304
2025-12;Centro;Área dos CSP da ULS Região de Leiria;39.7418,-8.79444;45461;43726;395
2025-12;Centro;Área dos CSP da ULS Cova da Beira;40.279552,-7.501801;10031;11751;59
2025-12;Lisboa e Vale do Tejo;Área dos CSP da ULS São José;38.7365023,-9.1313583;39238;31158;415
2025-12;Norte;Área dos CSP da ULS Entre Douro e Vouga;40.926349,-8.548039;45934;46951;738
2025-12;Norte;Área dos CSP da ULS Médio Ave;41.346844614,-8.482973945;28961;34862;557
2026-01;Alentejo;Área dos CSP da ULS Alto Alentejo;39.3004940975133,-7.42635033349663;23133;15442;181
2026-01;Lisboa e Vale do Tejo;Área dos CSP da ULS Santa Maria;38.739567,-9.168651;43470;27106;363
2026-01;Norte;Área dos CSP da ULS Médio Ave;41.346844614,-8.482973945;36130;41027;685
2026-01;Norte;Área dos CSP da ULS Santo António;41.160263,-8.681729;56151;66521;989
2026-02;Alentejo;Área dos CSP da ULS Baixo Alentejo;38.009362882,-7.8559468083;18815;14129;137
2026-02;Centro;Área dos CSP da ULS Cova da Beira;40.279552,-7.501801;11494;11541;35
2026-02;Lisboa e Vale do Tejo;Área dos CSP da ULS Amadora / Sintra;38.752326416,-9.274985919;58372;43326;483
2026-02;Lisboa e Vale do Tejo;Área dos CSP da ULS Santa Maria;38.739567,-9.168651;39471;24128;306
2026-02;Lisboa e Vale do Tejo;Área dos CSP da ULS Arrábida;38.531,-8.8874;34300;20401;271
2026-02;Norte;Área dos CSP da ULS Matosinhos;41.1807,-8.66314;24891;28624;373
2026-02;Norte;Área dos CSP da ULS Póvoa Varzim / Vila Conde;41.355472362,-8.7448970377;20862;26065;428
2026-02;Norte;Área dos CSP da ULS Nordeste;41.806816,-6.759102;24251;11873;540
2026-03;Centro;Área dos CSP da ULS Coimbra;40.21578,-8.41058;69999;69334;999
2026-03;Centro;Área dos CSP da ULS Guarda;40.5314,-7.27322;28444;15528;455
2026-03;Lisboa e Vale do Tejo;Área dos CSP da ULS Arrábida;38.531,-8.8874;41174;24363;319
2026-03;Lisboa e Vale do Tejo;Área dos CSP da ULS Lisboa Ocidental;38.698818794,-9.3815130504;60084;54670;708
2026-03;Lisboa e Vale do Tejo;Área dos CSP da ULS Lezíria;39.232503,-8.715083;35292;22894;317
2026-03;Lisboa e Vale do Tejo;Área dos CSP da ULS Almada / Seixal;38.6276044797217,-9.11368350111247;50144;41301;492
2026-03;Norte;Área dos CSP da ULS Braga;41.629758698,-8.3591461276;51835;53061;933
2026-03;Norte;Área dos CSP da ULS Alto Minho;41.696866,-8.832522;48023;41920;915
2015-01;Alentejo;Área dos CSP da ULS Baixo Alentejo;38.0153039,-7.8627308;27332;13691;368
2015-01;Alentejo;Área dos CSP da ULS Alentejo Central;38.8442031,-7.5826619;39936;20023;453
2015-01;Algarve;ACES Algarve II - Algarve Barlavento;37.1387554,-8.5445093;26793;9738;138
2015-01;Centro;ACES Pinhal Interior Norte;40.1151262,-8.2473136;26037;15450;227
2015-01;Lisboa e Vale do Tejo;ACES Oeste Sul;39.0917759,-9.2600341;33176;9140;295
2015-01;Norte;ACES Alto Ave - Guimarães, Vizela e Terras de Basto;41.4417064,-8.1722408;62131;23365;740
2015-01;Norte;ACES Douro II - Douro Sul;41.0953745,-7.8123805;17063;5909;183
2015-01;Norte;Área dos CSP da ULS Póvoa Varzim / Vila Conde;41.355519,-8.746653;28060;14237;428
2015-01;Norte;ACES Cávado I - Braga;41.5518714,-8.4126362;35281;13193;555
2015-01;Norte;Área dos CSP da ULS Nordeste;41.8069684,-6.7587977;27396;8919;334
2015-01;Região não Especificada;Desconhecido | Nacional;;404;172;
2015-01;Região não Especificada;Desconhecido | Nacional;;151;78;
2015-02;Alentejo;Área dos CSP da ULS Alto Alentejo;39.2967086,-7.4284755;27228;12318;364
2015-02;Alentejo;Área dos CSP da ULS Alentejo Central;38.8442031,-7.5826619;35893;16571;408
2015-02;Algarve;ACES Algarve III - Algarve Sotavento;37.383008,-7.7293275;10866;3877;83
2015-02;Centro;ACES Baixo Mondego;40.2150023,-8.4071805;53838;24852;533
2015-02;Centro;ACES Pinhal Interior Norte;40.1151262,-8.2473136;24339;13355;195
2015-02;Centro;Área dos CSP da ULS Cova da Beira;40.2677741,-7.4995083;15074;4754;24
2015-02;Lisboa e Vale do Tejo;ACES Oeste Norte;39.410844,-9.1396215;36111;10944;252
2015-02;Lisboa e Vale do Tejo;Área dos CSP da ULS Almada / Seixal;38.6678522,-9.1875777;60059;17807;676
2015-02;Lisboa e Vale do Tejo;ACES Lisboa Norte;38.7396924,-9.168506;33555;6608;466
2015-02;Norte;ACES Alto Ave - Guimarães, Vizela e Terras de Basto;41.4417064,-8.1722408;57142;19448;698
2015-02;Norte;ACES Cávado II - Gerês / Cabreira;41.6298661,-8.3596897;18494;10149;294
2015-02;Norte;ACES Grande Porto VI - Porto Oriental;41.1694498,-8.6126428;19816;8380;368
2015-02;Norte;ACES Grande Porto I - Santo Tirso / Trofa;41.3469246,-8.4822648;21402;10183;290
2015-02;Norte;ACES Grande Porto VIII - Espinho / Gaia;41.0022421,-8.642018;35251;15308;436
2015-03;Lisboa e Vale do Tejo;ACES Amadora;38.7573081,-9.23429;25499;5924;107
2015-03;Lisboa e Vale do Tejo;Área dos CSP da ULS Arrábida;38.5324373,-8.8627453;36371;14038;304
2015-03;Lisboa e Vale do Tejo;ACES Lisboa Central;38.7306317,-9.1510414;41222;9915;259
2015-03;Lisboa e Vale do Tejo;ACES Loures / Odivelas;38.8012718,-9.1137868;54631;12763;380
2015-03;Lisboa e Vale do Tejo;ACES Médio Tejo;39.478072,-8.5404429;48018;12231;456
2015-03;Norte;ACES Grande Porto VII - Gaia;41.1278433,-8.580396;26606;12409;342
2015-03;Norte;ACES Cávado I - Braga;41.5518714,-8.4126362;34402;12194;493
2015-03;Norte;ACES Entre Douro e Vouga I - Feira e Arouca;40.9263169,-8.5478813;32341;14279;340
2015-03;Norte;ACES Alto Trás-os-Montes - Alto Tâmega e Barroso;41.741781,-7.4731648;17664;6464;213
2015-03;Região não Especificada;Desconhecido | Nacional;;511;;
2015-04;Alentejo;Área dos CSP da ULS Alto Alentejo;39.2967086,-7.4284755;25772;12912;444
2015-04;Centro;ACES Pinhal Litoral;39.7495331,-8.807683;44068;15270;179
2015-04;Centro;Área dos CSP da ULS Guarda;40.5353285,-7.2724426;24765;9476;207
2015-04;Norte;ACES Grande Porto V - Porto Ocidental;41.1741353,-8.6691662;26736;11438;379
2015-04;Norte;ACES Alto Trás-os-Montes - Alto Tâmega e Barroso;41.741781,-7.4731648;16483;6092;156
2015-04;Norte;ACES Grande Porto I - Santo Tirso / Trofa;41.3469246,-8.4822648;20488;10744;235
2015-05;Alentejo;Área dos CSP da ULS Litoral Alentejano;38.3841359,-8.5132031;13991;5748;91
2015-05;Alentejo;Área dos CSP da ULS Baixo Alentejo;38.0153039,-7.8627308;24186;11992;282
2015-05;Centro;Área dos CSP da ULS Guarda;40.5353285,-7.2724426;24411;9303;198
2015-05;Centro;ACES Pinhal Litoral;39.7495331,-8.807683;42100;14017;149
2015-05;Centro;Área dos CSP da ULS Viseu Dão-Lafões;40.6565861,-7.9124712;47993;15120;492
2015-05;Centro;ACES Beira Interior Sul;39.8211367,-7.5036651;12178;4622;26
2015-05;Lisboa e Vale do Tejo;ACES Lisboa Central;38.7306317,-9.1510414;37823;9082;263
2015-05;Lisboa e Vale do Tejo;ACES Loures / Odivelas;38.8012718,-9.1137868;49663;11864;325
2015-05;Lisboa e Vale do Tejo;Área dos CSP da ULS Arrábida;38.5324373,-8.8627453;32157;12183;257
2015-05;Lisboa e Vale do Tejo;Área dos CSP da ULS Arco Ribeirinho;38.6672076,-9.0543329;35310;9181;203
2015-05;Lisboa e Vale do Tejo;Área dos CSP da ULS Estuário do Tejo;38.9528113,-8.9911154;25242;5387;127
2015-05;Norte;ACES Grande Porto III - Maia / Valongo;41.2333945,-8.6187474;36257;17486;446
2015-06;Centro;Área dos CSP da ULS Viseu Dão-Lafões;40.6565861,-7.9124712;49711;15876;526
2015-06;Centro;ACES Pinhal Litoral;39.7495331,-8.807683;44115;15270;167
2015-06;Centro;ACES Pinhal Interior Norte;40.1151262,-8.2473136;21309;14365;177
2015-06;Lisboa e Vale do Tejo;ACES Amadora;38.7573081,-9.23429;24723;5678;103
2015-06;Lisboa e Vale do Tejo;ACES Oeste Sul;39.0917759,-9.2600341;30537;8298;268
2015-06;Lisboa e Vale do Tejo;ACES Lisboa Central;38.7306317,-9.1510414;35702;9497;249
2015-06;Norte;ACES Grande Porto VIII - Espinho / Gaia;41.0022421,-8.642018;32792;16863;371
2015-06;Norte;Área dos CSP da ULS Alto Minho;41.7056054,-8.8252713;51465;22742;621
2015-06;Norte;ACES Grande Porto VII - Gaia;41.1278433,-8.580396;22766;11444;309
2015-06;Norte;Área dos CSP da ULS Nordeste;41.8069684,-6.7587977;24378;8289;310
2015-06;Norte;ACES Tâmega II - Vale do Sousa Sul;41.1548155,-8.2163769;34987;14493;359
2015-07;Alentejo;Área dos CSP da ULS Alto Alentejo;39.2967086,-7.4284755;24654;13524;336
2015-07;Alentejo;Área dos CSP da ULS Baixo Alentejo;38.0153039,-7.8627308;25014;12796;290
2015-07;Centro;Área dos CSP da ULS Região de Aveiro;40.6405055,-8.6537539;72771;29137;449
2015-07;Lisboa e Vale do Tejo;ACES Lisboa Central;38.7306317,-9.1510414;33905;9462;179
2015-07;Lisboa e Vale do Tejo;Área dos CSP da ULS Arrábida;38.5324373,-8.8627453;33337;13256;236
2015-07;Lisboa e Vale do Tejo;Área dos CSP da ULS Almada / Seixal;38.6678522,-9.1875777;55939;19128;514
2015-07;Lisboa e Vale do Tejo;Área dos CSP da ULS Lezíria;39.2371689,-8.6908895;35024;14279;301
2015-07;Norte;ACES Entre Douro e Vouga II - Aveiro Norte;40.8472225,-8.4656674;23031;8271;283
2015-07;Norte;Área dos CSP da ULS Alto Minho;41.7056054,-8.8252713;53018;23428;594
2015-07;Norte;ACES Alto Ave - Guimarães, Vizela e Terras de Basto;41.4417064,-8.1722408;55670;21328;610
2015-07;Norte;Área dos CSP da ULS Nordeste;41.8069684,-6.7587977;22819;8436;285
2015-07;Norte;ACES Grande Porto VII - Gaia;41.1278433,-8.580396;25331;12197;350
2015-08;Algarve;ACES Algarve I - Algarve Central;37.0274264,-7.9395984;27566;9746;212
2015-08;Centro;Área dos CSP da ULS Região de Aveiro;40.6405055,-8.6537539;59737;25872;393
2015-08;Centro;Área dos CSP da ULS Cova da Beira;40.2677741,-7.4995083;9973;4369;13
2015-08;Centro;Área dos CSP da ULS Guarda;40.5353285,-7.2724426;19034;8074;149
2015-08;Lisboa e Vale do Tejo;ACES Sintra;38.7519209,-9.2753636;41479;11048;224
2015-08;Lisboa e Vale do Tejo;Área dos CSP da ULS Arrábida;38.5324373,-8.8627453;28770;12765;246
2015-08;Norte;ACES Grande Porto VI - Porto Oriental;41.1694498,-8.6126428;16270;7605;228
2015-08;Norte;ACES Grande Porto VII - Gaia;41.1278433,-8.580396;20724;11396;278
2015-08;Norte;ACES Ave / Famalicão;41.3835805,-8.4157518;18020;7909;130
2015-08;Norte;Área dos CSP da ULS Alto Minho;41.7056054,-8.8252713;43513;21252;456
2015-08;Norte;ACES Grande Porto II - Gondomar;41.1738444,-8.5612238;25226;14623;325
2015-08;Norte;ACES Grande Porto V - Porto Ocidental;41.1741353,-8.6691662;20458;10396;284
2015-08;Norte;ACES Douro I - Marão e Douro Norte;41.2968711,-7.7483727;16175;9049;180
2015-08;Norte;ACES Tâmega I - Baixo Tâmega;41.2719719,-8.0791631;28247;10443;171
2015-08;Norte;ACES Tâmega III - Vale do Sousa Norte;41.2793583,-8.2787457;24679;12507;151
2015-08;Norte;ACES Alto Ave - Guimarães, Vizela e Terras de Basto;41.4417064,-8.1722408;43820;18761;411
2015-08;Região não Especificada;Desconhecido | Nacional;;701;;
2015-08;Região não Especificada;Desconhecido | Nacional;;306;158;
2015-08;Região não Especificada;Desconhecido | Nacional;;114;77;
2015-09;Algarve;ACES Algarve I - Algarve Central;37.0274264,-7.9395984;32832;11218;302
2015-09;Lisboa e Vale do Tejo;ACES Lisboa Central;38.7306317,-9.1510414;36983;10117;194
2015-09;Lisboa e Vale do Tejo;ACES Loures / Odivelas;38.8012718,-9.1137868;49413;13258;298
2015-09;Lisboa e Vale do Tejo;Área dos CSP da ULS Arco Ribeirinho;38.6672076,-9.0543329;35227;10313;178
2015-09;Lisboa e Vale do Tejo;Área dos CSP da ULS Arrábida;38.5324373,-8.8627453;32475;14175;285
2015-09;Lisboa e Vale do Tejo;Área dos CSP da ULS Estuário do Tejo;38.9528113,-8.9911154;34825;7810;185
2015-09;Norte;Área dos CSP da ULS Barcelos / Esposende;41.5317419,-8.6178922;32730;13365;305
2015-09;Norte;Área dos CSP da ULS Nordeste;41.8069684,-6.7587977;23996;9193;321
2015-09;Norte;ACES Grande Porto VII - Gaia;41.1278433,-8.580396;24300;12643;292
2015-09;Região não Especificada;Desconhecido | Nacional;;130;76;
2015-10;Alentejo;Área dos CSP da ULS Alentejo Central;38.8442031,-7.5826619;36358;19988;346
2015-10;Algarve;ACES Algarve II - Algarve Barlavento;37.1387554,-8.5445093;26068;8765;136
2015-10;Centro;Área dos CSP da ULS Cova da Beira;40.2677741,-7.4995083;14587;7156;17
2015-10;Centro;ACES Beira Interior Sul;39.8211367,-7.5036651;13015;5375;44
2015-10;Lisboa e Vale do Tejo;Área dos CSP da ULS Arrábida;38.5324373,-8.8627453;36302;15043;275
2015-10;Lisboa e Vale do Tejo;ACES Oeste Sul;39.0917759,-9.2600341;34421;9416;362
2015-10;Lisboa e Vale do Tejo;Área dos CSP da ULS Arco Ribeirinho;38.6672076,-9.0543329;39437;11024;224
2015-10;Lisboa e Vale do Tejo;ACES Amadora;38.7573081,-9.23429;28129;6219;104
2015-10;Lisboa e Vale do Tejo;ACES Loures / Odivelas;38.8012718,-9.1137868;55076;14479;415
2015-10;Norte;ACES Entre Douro e Vouga I - Feira e Arouca;40.9263169,-8.5478813;32070;16236;392
2015-10;Norte;ACES Tâmega I - Baixo Tâmega;41.2719719,-8.0791631;36187;13486;331
2015-10;Norte;ACES Grande Porto V - Porto Ocidental;41.1741353,-8.6691662;28559;13344;418
2015-10;Norte;ACES Alto Trás-os-Montes - Alto Tâmega e Barroso;41.741781,-7.4731648;16359;7289;195
2015-10;Região não Especificada;Desconhecido | Nacional;;783;;
2015-10;Região não Especificada;Desconhecido | Nacional;;156;83;
2015-11;Alentejo;Área dos CSP da ULS Baixo Alentejo;38.0153039,-7.8627308;25154;12687;254
2015-11;Algarve;ACES Algarve I - Algarve Central;37.0274264,-7.9395984;38840;11496;284
2015-11;Centro;ACES Pinhal Interior Norte;40.1151262,-8.2473136;22676;15079;176
2015-11;Centro;ACES Baixo Mondego;40.2150023,-8.4071805;55688;29915;403
2015-11;Centro;ACES Beira Interior Sul;39.8211367,-7.5036651;11902;4720;47
2015-11;Lisboa e Vale do Tejo;Área dos CSP da ULS Arrábida;38.5324373,-8.8627453;36238;13436;283
2015-11;Lisboa e Vale do Tejo;ACES Oeste Norte;39.410844,-9.1396215;36411;12345;258
2015-11;Norte;Área dos CSP da ULS Póvoa Varzim / Vila Conde;41.355519,-8.746653;27330;14295;337
2015-11;Norte;ACES Grande Porto VII - Gaia;41.1278433,-8.580396;25834;13253;333
2015-11;Norte;Área dos CSP da ULS Nordeste;41.8069684,-6.7587977;25224;8650;361
2015-11;Norte;ACES Tâmega I - Baixo Tâmega;41.2719719,-8.0791631;34621;11917;323
2015-12;Centro;Área dos CSP da ULS Viseu Dão-Lafões;40.6565861,-7.9124712;45758;17119;548
2015-12;Centro;ACES Beira Interior Sul;39.8211367,-7.5036651;9429;4608;21
2015-12;Centro;ACES Pinhal Interior Sul;39.7510898,-7.9203657;4429;2858;5
2015-12;Lisboa e Vale do Tejo;ACES Sintra;38.7519209,-9.2753636;46171;11120;262
2015-12;Lisboa e Vale do Tejo;ACES Amadora;38.7573081,-9.23429;22554;5317;54
2015-12;Lisboa e Vale do Tejo;Área dos CSP da ULS Lezíria;39.2371689,-8.6908895;31039;13373;313
2015-12;Norte;Área dos CSP da ULS Alto Minho;41.7056054,-8.8252713;47586;22146;599
2015-12;Norte;ACES Tâmega III - Vale do Sousa Norte;41.2793583,-8.2787457;26069;13071;255
2015-12;Norte;ACES Douro I - Marão e Douro Norte;41.2968711,-7.7483727;17134;9696;285
2015-12;Norte;ACES Entre Douro e Vouga I - Feira e Arouca;40.9263169,-8.5478813;26396;13551;309
2015-12;Norte;ACES Cávado I - Braga;41.5518714,-8.4126362;26649;11252;416
2015-12;Norte;ACES Entre Douro e Vouga II - Aveiro Norte;40.8472225,-8.4656674;18842;8116;225
2015-12;Norte;ACES Grande Porto II - Gondomar;41.1738444,-8.5612238;28654;15419;452
2015-12;Norte;ACES Alto Trás-os-Montes - Alto Tâmega e Barroso;41.741781,-7.4731648;13305;5996;181
2016-01;Alentejo;Área dos CSP da ULS Alentejo Central;38.8442031,-7.5826619;36192;19689;390
2016-01;Algarve;ACES Algarve I - Algarve Central;37.0274264,-7.9395984;36155;13044;318
2016-01;Centro;ACES Pinhal Litoral;39.7495331,-8.807683;45726;16894;233
2016-01;Lisboa e Vale do Tejo;ACES Lisboa Norte;38.7396924,-9.168506;34108;7605;473
2016-01;Lisboa e Vale do Tejo;Área dos CSP da ULS Arrábida;38.5324373,-8.8627453;34117;14276;240
2016-01;Lisboa e Vale do Tejo;ACES Médio Tejo;39.478072,-8.5404429;45685;13738;395
2016-01;Norte;Área dos CSP da ULS Matosinhos;41.1918541,-8.6590693;31754;15953;429
2016-01;Norte;ACES Alto Ave - Guimarães, Vizela e Terras de Basto;41.4417064,-8.1722408;56031;23536;607
2016-02;Centro;ACES Pinhal Litoral;39.7495331,-8.807683;44969;14760;149
2016-02;Centro;Área dos CSP da ULS Viseu Dão-Lafões;40.6565861,-7.9124712;52974;17228;706
2016-02;Lisboa e Vale do Tejo;ACES Médio Tejo;39.478072,-8.5404429;46239;12897;341
2016-02;Lisboa e Vale do Tejo;Área dos CSP da ULS Estuário do Tejo;38.9528113,-8.9911154;37669;7103;178
2016-02;Lisboa e Vale do Tejo;Área dos CSP da ULS Arco Ribeirinho;38.6672076,-9.0543329;36001;9761;232
2016-02;Norte;ACES Douro I - Marão e Douro Norte;41.2968711,-7.7483727;21004;9894;292
2016-02;Norte;ACES Grande Porto VIII - Espinho / Gaia;41.0022421,-8.642018;35471;16896;464
2016-02;Norte;ACES Alto Ave - Guimarães, Vizela e Terras de Basto;41.4417064,-8.1722408;56269;21257;613
2016-02;Norte;Área dos CSP da ULS Matosinhos;41.1918541,-8.6590693;32021;14940;412
2016-02;Norte;Área dos CSP da ULS Alto Minho;41.7056054,-8.8252713;54844;22958;779
2016-02;Norte;ACES Cávado I - Braga;41.5518714,-8.4126362;32871;12543;504
2016-02;Região não Especificada;Desconhecido | Nacional;;8;;
2016-03;Alentejo;Área dos CSP da ULS Alentejo Central;38.8442031,-7.5826619;36379;18838;394
2016-03;Algarve;ACES Algarve I - Algarve Central;37.0274264,-7.9395984;39934;12749;327
2016-03;Centro;Área dos CSP da ULS Cova da Beira;40.2677741,-7.4995083;15365;6843;20
2016-03;Centro;Área dos CSP da ULS Viseu Dão-Lafões;40.6565861,-7.9124712;56260;18063;835
2016-03;Centro;ACES Baixo Mondego;40.2150023,-8.4071805;60404;31583;431
2016-03;Lisboa e Vale do Tejo;ACES Oeste Sul;39.0917759,-9.2600341;33358;9283;354
2016-03;Lisboa e Vale do Tejo;Área dos CSP da ULS Lezíria;39.2371689,-8.6908895;38657;15185;377
2016-03;Norte;ACES Grande Porto I - Santo Tirso / Trofa;41.3469246,-8.4822648;22498;11609;295
2016-03;Norte;ACES Grande Porto II - Gondomar;41.1738444,-8.5612238;36805;16683;541
2016-03;Norte;Área dos CSP da ULS Matosinhos;41.1918541,-8.6590693;34662;15811;441
2016-04;Alentejo;Área dos CSP da ULS Alto Alentejo;39.2967086,-7.4284755;24950;13173;380
2016-04;Algarve;ACES Algarve I - Algarve Central;37.0274264,-7.9395984;36680;11968;286
2016-04;Algarve;ACES Algarve III - Algarve Sotavento;37.383008,-7.7293275;10301;4070;161
2016-04;Centro;Área dos CSP da ULS Viseu Dão-Lafões;40.6565861,-7.9124712;49260;17303;661
2016-04;Centro;Área dos CSP da ULS Região de Aveiro;40.6405055,-8.6537539;72805;28312;541
2016-04;Centro;Área dos CSP da ULS Guarda;40.5353285,-7.2724426;24782;9347;152
2016-04;Lisboa e Vale do Tejo;ACES Cascais;38.69904,-9.3818008;26196;8791;159
2016-04;Norte;Área dos CSP da ULS Barcelos / Esposende;41.5317419,-8.6178922;31423;12817;300
2016-04;Norte;ACES Ave / Famalicão;41.3835805,-8.4157518;22963;9150;182
2016-04;Norte;ACES Grande Porto II - Gondomar;41.1738444,-8.5612238;32756;16268;473
2016-04;Norte;ACES Alto Trás-os-Montes - Alto Tâmega e Barroso;41.741781,-7.4731648;15418;6359;187
2016-04;Norte;ACES Cávado II - Gerês / Cabreira;41.6298661,-8.3596897;18466;10942;294
2016-04;Norte;ACES Entre Douro e Vouga I - Feira e Arouca;40.9263169,-8.5478813;28433;14560;373
2016-04;Região não Especificada;Desconhecido | Nacional;;335;94;
2016-05;Alentejo;Área dos CSP da ULS Litoral Alentejano;38.3841359,-8.5132031;15881;7394;125
2016-05;Lisboa e Vale do Tejo;ACES Lisboa Central;38.7306317,-9.1510414;40541;10198;223
2016-05;Norte;ACES Grande Porto I - Santo Tirso / Trofa;41.3469246,-8.4822648;21784;11893;316
2016-05;Norte;ACES Ave / Famalicão;41.3835805,-8.4157518;24316;9442;234
2016-05;Norte;ACES Douro I - Marão e Douro Norte;41.2968711,-7.7483727;20516;10704;316
2016-05;Região não Especificada;Desconhecido | Nacional;;342;128;
2016-06;Algarve;ACES Algarve III - Algarve Sotavento;37.383008,-7.7293275;10248;4343;100
2016-06;Algarve;ACES Algarve I - Algarve Central;37.0274264,-7.9395984;36133;12195;272
2016-06;Algarve;ACES Algarve II - Algarve Barlavento;37.1387554,-8.5445093;22840;7768;121
2016-06;Centro;Área dos CSP da ULS Cova da Beira;40.2677741,-7.4995083;14778;6182;31
2016-06;Centro;Área dos CSP da ULS Região de Aveiro;40.6405055,-8.6537539;73128;29658;576
2016-06;Lisboa e Vale do Tejo;Área dos CSP da ULS Almada / Seixal;38.6678522,-9.1875777;54434;19860;579
2016-06;Lisboa e Vale do Tejo;ACES Lisboa Central;38.7306317,-9.1510414;36407;10091;235
2016-06;Lisboa e Vale do Tejo;ACES Lisboa Ocidental e Oeiras;38.6914388,-9.3184304;30702;9068;398
2016-06;Lisboa e Vale do Tejo;ACES Cascais;38.69904,-9.3818008;25166;8542;153
2016-06;Norte;Área dos CSP da ULS Barcelos / Esposende;41.5317419,-8.6178922;31769;13185;353
2016-06;Norte;ACES Grande Porto III - Maia / Valongo;41.2333945,-8.6187474;35448;19895;473
2016-06;Norte;ACES Cávado I - Braga;41.5518714,-8.4126362;29867;12618;527
2016-06;Norte;ACES Alto Trás-os-Montes - Alto Tâmega e Barroso;41.741781,-7.4731648;15440;6621;210
2016-06;Norte;ACES Tâmega I - Baixo Tâmega;41.2719719,-8.0791631;32330;12192;268
2016-06;Norte;Área dos CSP da ULS Alto Minho;41.7056054,-8.8252713;52673;23733;803
2016-06;Norte;ACES Grande Porto VIII - Espinho / Gaia;41.0022421,-8.642018;31469;17840;441
2016-06;Região não Especificada;Desconhecido | Nacional;;131;69;
2016-06;Região não Especificada;Desconhecido | Nacional;;30;;
2016-07;Algarve;ACES Algarve III - Algarve Sotavento;37.383008,-7.7293275;9902;4141;80
2016-07;Centro;Área dos CSP da ULS Cova da Beira;40.2677741,-7.4995083;12071;5270;15
2016-07;Lisboa e Vale do Tejo;Área dos CSP da ULS Estuário do Tejo;38.9528113,-8.9911154;33052;7214;128
2016-07;Norte;Área dos CSP da ULS Nordeste;41.8069684,-6.7587977;20184;8252;219
2016-07;Norte;ACES Ave / Famalicão;41.3835805,-8.4157518;20474;8343;163
2016-07;Norte;Área dos CSP da ULS Barcelos / Esposende;41.5317419,-8.6178922;29707;12211;271
2016-07;Norte;ACES Cávado II - Gerês / Cabreira;41.6298661,-8.3596897;16621;10697;223
2016-07;Norte;ACES Grande Porto VI - Porto Oriental;41.1694498,-8.6126428;18321;8578;268
2016-07;Região não Especificada;Desconhecido | Nacional;;304;91;
2016-08;Algarve;ACES Algarve III - Algarve Sotavento;37.383008,-7.7293275;10940;4793;75
2016-08;Centro;Área dos CSP da ULS Região de Aveiro;40.6405055,-8.6537539;63108;29400;457
2016-08;Lisboa e Vale do Tejo;Área dos CSP da ULS Almada / Seixal;38.6678522,-9.1875777;50587;19913;506
2016-08;Lisboa e Vale do Tejo;ACES Oeste Sul;39.0917759,-9.2600341;27067;9050;198
2016-08;Norte;ACES Grande Porto II - Gondomar;41.1738444,-8.5612238;27857;17400;341
2016-08;Norte;ACES Alto Trás-os-Montes - Alto Tâmega e Barroso;41.741781,-7.4731648;13721;6092;106
2016-08;Norte;ACES Alto Ave - Guimarães, Vizela e Terras de Basto;41.4417064,-8.1722408;47175;21913;378
2016-08;Norte;ACES Grande Porto I - Santo Tirso / Trofa;41.3469246,-8.4822648;19001;11198;220
2016-08;Norte;ACES Tâmega III - Vale do Sousa Norte;41.2793583,-8.2787457;26219;14875;226
2016-08;Região não Especificada;Desconhecido | Nacional;;38;;
2016-09;Algarve;ACES Algarve I - Algarve Central;37.0274264,-7.9395984;37109;12438;236
2016-09;Algarve;ACES Algarve II - Algarve Barlavento;37.1387554,-8.5445093;25225;8901;133
2016-09;Centro;Área dos CSP da ULS Guarda;40.5353285,-7.2724426;25298;11663;154
2016-09;Centro;ACES Pinhal Interior Sul;39.7510898,-7.9203657;5093;3547;5
2016-09;Centro;ACES Baixo Mondego;40.2150023,-8.4071805;59774;37211;388
2016-09;Lisboa e Vale do Tejo;ACES Cascais;38.69904,-9.3818008;25307;6688;145
2016-09;Lisboa e Vale do Tejo;ACES Lisboa Central;38.7306317,-9.1510414;37286;10723;213
2016-09;Lisboa e Vale do Tejo;ACES Lisboa Ocidental e Oeiras;38.6914388,-9.3184304;31284;10033;310
2016-09;Lisboa e Vale do Tejo;ACES Loures / Odivelas;38.8012718,-9.1137868;52778;14754;306
2016-09;Norte;Área dos CSP da ULS Nordeste;41.8069684,-6.7587977;23649;9987;316
2016-09;Norte;ACES Tâmega I - Baixo Tâmega;41.2719719,-8.0791631;33645;13241;250
2016-09;Norte;ACES Cávado II - Gerês / Cabreira;41.6298661,-8.3596897;19039;12709;282
2016-09;Norte;Área dos CSP da ULS Alto Minho;41.7056054,-8.8252713;53460;26223;655
2016-09;Norte;ACES Douro II - Douro Sul;41.0953745,-7.8123805;15028;6950;163
2016-09;Norte;ACES Grande Porto VI - Porto Oriental;41.1694498,-8.6126428;21306;9657;274
2016-10;Alentejo;Área dos CSP da ULS Baixo Alentejo;38.0153039,-7.8627308;25022;13149;225
2016-10;Centro;ACES Pinhal Litoral;39.7495331,-8.807683;44770;17374;223
2016-10;Lisboa e Vale do Tejo;Área dos CSP da ULS Lezíria;39.2371689,-8.6908895;34732;15601;290
2016-10;Lisboa e Vale do Tejo;Área dos CSP da ULS Almada / Seixal;38.6678522,-9.1875777;58336;21072;484
2016-10;Lisboa e Vale do Tejo;Área dos CSP da ULS Arrábida;38.5324373,-8.8627453;31637;14100;235
2016-10;Norte;ACES Grande Porto VI - Porto Oriental;41.1694498,-8.6126428;21287;10083;326
2016-10;Norte;ACES Tâmega III - Vale do Sousa Norte;41.2793583,-8.2787457;29382;16759;343
2016-10;Norte;Área dos CSP da ULS Alto Minho;41.7056054,-8.8252713;52879;26009;766
2016-11;Centro;ACES Beira Interior Sul;39.8211367,-7.5036651;12459;5528;41
2016-11;Centro;ACES Pinhal Interior Norte;40.1151262,-8.2473136;24166;15359;252
2016-11;Lisboa e Vale do Tejo;ACES Sintra;38.7519209,-9.2753636;50313;13696;285
2016-11;Norte;ACES Cávado I - Braga;41.5518714,-8.4126362;32778;15094;590
2016-11;Norte;ACES Ave / Famalicão;41.3835805,-8.4157518;23898;9924;277
2016-11;Norte;ACES Entre Douro e Vouga I - Feira e Arouca;40.9263169,-8.5478813;31569;16517;432
2016-11;Norte;ACES Alto Trás-os-Montes - Alto Tâmega e Barroso;41.741781,-7.4731648;16644;6955;178
2016-11;Norte;ACES Tâmega III - Vale do Sousa Norte;41.2793583,-8.2787457;31705;16452;369
2016-12;Alentejo;Área dos CSP da ULS Litoral Alentejano;38.3841359,-8.5132031;13499;6055;92
2016-12;Alentejo;Área dos CSP da ULS Alto Alentejo;39.2967086,-7.4284755;25649;12529;315
2016-12;Alentejo;Área dos CSP da ULS Alentejo Central;38.8442031,-7.5826619;33809;17212;327
2016-12;Alentejo;Área dos CSP da ULS Baixo Alentejo;38.0153039,-7.8627308;21697;11087;302
2016-12;Lisboa e Vale do Tejo;Área dos CSP da ULS Lezíria;39.2371689,-8.6908895;31986;14110;227
2016-12;Lisboa e Vale do Tejo;Área dos CSP da ULS Arrábida;38.5324373,-8.8627453;28875;12389;253
2016-12;Lisboa e Vale do Tejo;ACES Lisboa Norte;38.7396924,-9.168506;30528;7632;443
2016-12;Lisboa e Vale do Tejo;Área dos CSP da ULS Estuário do Tejo;38.9528113,-8.9911154;36700;6852;151
2016-12;Norte;ACES Entre Douro e Vouga II - Aveiro Norte;40.8472225,-8.4656674;19937;8289;241
2016-12;Norte;ACES Alto Ave - Guimarães, Vizela e Terras de Basto;41.4417064,-8.1722408;50311;20777;547
2016-12;Norte;ACES Ave / Famalicão;41.3835805,-8.4157518;20241;8117;191
2016-12;Norte;ACES Tâmega II - Vale do Sousa Sul;41.1548155,-8.2163769;33168;14811;395
2017-01;Centro;ACES Pinhal Interior Sul;39.7510898,-7.9203657;5073;3382;13
2017-01;Centro;Área dos CSP da ULS Cova da Beira;40.2677741,-7.4995083;16007;6702;11
2017-01;Centro;ACES Pinhal Interior Norte;40.1151262,-8.2473136;26009;16176;256
2017-01;Lisboa e Vale do Tejo;Área dos CSP da ULS Lezíria;39.2371689,-8.6908895;39029;16935;278
2017-01;Lisboa e Vale do Tejo;ACES Sintra;38.7519209,-9.2753636;54488;13263;297
2017-01;Lisboa e Vale do Tejo;ACES Lisboa Ocidental e Oeiras;38.6914388,-9.3184304;38425;9902;428
2017-01;Lisboa e Vale do Tejo;ACES Cascais;38.69904,-9.3818008;30873;9854;199
2017-01;Norte;ACES Douro I - Marão e Douro Norte;41.2968711,-7.7483727;22646;12075;330
2017-01;Norte;ACES Alto Ave - Guimarães, Vizela e Terras de Basto;41.4417064,-8.1722408;63031;25213;659
2017-01;Norte;ACES Ave / Famalicão;41.3835805,-8.4157518;25658;10560;311
2017-01;Região não Especificada;Desconhecido | Nacional;;921;;
2017-02;Algarve;ACES Algarve III - Algarve Sotavento;37.383008,-7.7293275;9957;3861;100
2017-02;Centro;ACES Beira Interior Sul;39.8211367,-7.5036651;11215;4663;20
2017-02;Centro;Área dos CSP da ULS Cova da Beira;40.2677741,-7.4995083;13299;5306;29
2017-02;Lisboa e Vale do Tejo;Área dos CSP da ULS Estuário do Tejo;38.9528113,-8.9911154;39216;6654;196
2017-02;Norte;ACES Alto Trás-os-Montes - Alto Tâmega e Barroso;41.741781,-7.4731648;15147;5673;144
2017-02;Norte;ACES Grande Porto VI - Porto Oriental;41.1694498,-8.6126428;19246;8438;316
2017-02;Norte;ACES Tâmega I - Baixo Tâmega;41.2719719,-8.0791631;31915;11301;315
2017-02;Norte;ACES Alto Ave - Guimarães, Vizela e Terras de Basto;41.4417064,-8.1722408;52597;20244;534
2017-03;Algarve;ACES Algarve II - Algarve Barlavento;37.1387554,-8.5445093;24820;8973;101
2017-03;Centro;ACES Baixo Mondego;40.2150023,-8.4071805;71162;39582;523
2017-03;Centro;ACES Pinhal Interior Norte;40.1151262,-8.2473136;26819;16766;230
2017-03;Centro;Área dos CSP da ULS Viseu Dão-Lafões;40.6565861,-7.9124712;57843;20959;755
2017-03;Lisboa e Vale do Tejo;Área dos CSP da ULS Arco Ribeirinho;38.6672076,-9.0543329;36900;11612;233
2017-03;Lisboa e Vale do Tejo;Área dos CSP da ULS Arrábida;38.5324373,-8.8627453;39245;14347;303
2017-03;Lisboa e Vale do Tejo;ACES Oeste Sul;39.0917759,-9.2600341;36370;10875;261
2017-03;Lisboa e Vale do Tejo;ACES Lisboa Ocidental e Oeiras;38.6914388,-9.3184304;38651;10362;327
2017-03;Lisboa e Vale do Tejo;ACES Loures / Odivelas;38.8012718,-9.1137868;60235;15801;373
2017-03;Norte;ACES Grande Porto II - Gondomar;41.1738444,-8.5612238;36830;19823;499
2017-03;Norte;ACES Grande Porto I - Santo Tirso / Trofa;41.3469246,-8.4822648;23992;13500;355
2017-03;Norte;ACES Grande Porto VII - Gaia;41.1278433,-8.580396;28905;15548;364
2017-03;Norte;ACES Cávado I - Braga;41.5518714,-8.4126362;36672;16015;579
2017-04;Algarve;ACES Algarve I - Algarve Central;37.0274264,-7.9395984;32104;10291;230
2017-04;Centro;ACES Pinhal Interior Sul;39.7510898,-7.9203657;4306;2881;4
2017-04;Centro;Área dos CSP da ULS Região de Aveiro;40.6405055,-8.6537539;63032;26747;427
2017-04;Centro;Área dos CSP da ULS Guarda;40.5353285,-7.2724426;21072;8057;129
2017-04;Lisboa e Vale do Tejo;ACES Médio Tejo;39.478072,-8.5404429;37057;11034;205
2017-04;Lisboa e Vale do Tejo;Área dos CSP da ULS Arco Ribeirinho;38.6672076,-9.0543329;27659;9186;176
2017-04;Lisboa e Vale do Tejo;Área dos CSP da ULS Arrábida;38.5324373,-8.8627453;29736;11939;235
2017-04;Lisboa e Vale do Tejo;ACES Lisboa Central;38.7306317,-9.1510414;33352;9100;232
2017-04;Lisboa e Vale do Tejo;ACES Lisboa Norte;38.7396924,-9.168506;29085;6969;314
2017-04;Lisboa e Vale do Tejo;ACES Loures / Odivelas;38.8012718,-9.1137868;45153;12323;240
2017-04;Norte;Área dos CSP da ULS Alto Minho;41.7056054,-8.8252713;44538;21519;589
2017-04;Norte;ACES Tâmega III - Vale do Sousa Norte;41.2793583,-8.2787457;25440;13783;229
2017-04;Norte;ACES Ave / Famalicão;41.3835805,-8.4157518;19054;8672;212
2017-04;Norte;ACES Grande Porto VI - Porto Oriental;41.1694498,-8.6126428;17557;8400;262
2017-05;Alentejo;Área dos CSP da ULS Litoral Alentejano;38.3841359,-8.5132031;16682;7323;121
2017-05;Algarve;ACES Algarve III - Algarve Sotavento;37.383008,-7.7293275;10759;4618;88
2017-05;Centro;ACES Pinhal Litoral;39.7495331,-8.807683;45743;18317;201
2017-05;Centro;ACES Baixo Mondego;40.2150023,-8.4071805;63335;39992;484
2017-05;Centro;Área dos CSP da ULS Cova da Beira;40.2677741,-7.4995083;14235;7411;11
2017-05;Centro;ACES Beira Interior Sul;39.8211367,-7.5036651;11364;5854;29
2017-05;Centro;Área dos CSP da ULS Guarda;40.5353285,-7.2724426;24697;10634;161
2017-05;Lisboa e Vale do Tejo;Área dos CSP da ULS Estuário do Tejo;38.9528113,-8.9911154;36105;7695;119
2017-05;Lisboa e Vale do Tejo;ACES Sintra;38.7519209,-9.2753636;51203;13546;193
2017-05;Lisboa e Vale do Tejo;ACES Amadora;38.7573081,-9.23429;25383;6361;105
2017-05;Lisboa e Vale do Tejo;ACES Oeste Sul;39.0917759,-9.2600341;29629;10774;195
2017-05;Norte;ACES Entre Douro e Vouga I - Feira e Arouca;40.9263169,-8.5478813;29655;17131;443
2017-05;Norte;ACES Grande Porto VIII - Espinho / Gaia;41.0022421,-8.642018;33699;19870;334
2017-05;Região não Especificada;Desconhecido | Nacional;;1073;130;
2017-06;Alentejo;Área dos CSP da ULS Litoral Alentejano;38.3841359,-8.5132031;14992;6154;129
2017-06;Alentejo;Área dos CSP da ULS Alentejo Central;38.8442031,-7.5826619;32969;18423;267
2017-06;Alentejo;Área dos CSP da ULS Baixo Alentejo;38.0153039,-7.8627308;24217;12505;276
2017-06;Alentejo;Área dos CSP da ULS Alto Alentejo;39.2967086,-7.4284755;25319;13182;303
2017-06;Algarve;ACES Algarve II - Algarve Barlavento;37.1387554,-8.5445093;24636;7805;110
2017-06;Centro;Área dos CSP da ULS Guarda;40.5353285,-7.2724426;23753;9768;149
2017-06;Lisboa e Vale do Tejo;Área dos CSP da ULS Lezíria;39.2371689,-8.6908895;35061;14998;200
2017-06;Lisboa e Vale do Tejo;ACES Lisboa Norte;38.7396924,-9.168506;31068;8347;288
2017-06;Lisboa e Vale do Tejo;ACES Amadora;38.7573081,-9.23429;23401;6099;139
2017-06;Lisboa e Vale do Tejo;ACES Oeste Norte;39.410844,-9.1396215;31262;12831;232
2017-06;Norte;ACES Cávado II - Gerês / Cabreira;41.6298661,-8.3596897;17181;11396;272
2017-06;Norte;Área dos CSP da ULS Matosinhos;41.1918541,-8.6590693;27697;15907;359
2017-06;Norte;ACES Entre Douro e Vouga II - Aveiro Norte;40.8472225,-8.4656674;21235;8904;226
2017-06;Norte;Área dos CSP da ULS Alto Minho;41.7056054,-8.8252713;50400;24090;730
2017-06;Norte;ACES Grande Porto II - Gondomar;41.1738444,-8.5612238;31465;17558;426
2017-07;Algarve;ACES Algarve III - Algarve Sotavento;37.383008,-7.7293275;10086;4125;79
2017-07;Centro;ACES Baixo Mondego;40.2150023,-8.4071805;55878;36969;391
2017-07;Lisboa e Vale do Tejo;Área dos CSP da ULS Arrábida;38.5324373,-8.8627453;32453;12985;242
2017-07;Lisboa e Vale do Tejo;ACES Médio Tejo;39.478072,-8.5404429;39442;12727;225
2017-07;Norte;ACES Alto Ave - Guimarães, Vizela e Terras de Basto;41.4417064,-8.1722408;52560;21077;469
2017-07;Norte;ACES Grande Porto II - Gondomar;41.1738444,-8.5612238;29461;17359;387
2017-07;Região não Especificada;Desconhecido | Nacional;;1081;;
2017-08;Alentejo;Área dos CSP da ULS Litoral Alentejano;38.3841359,-8.5132031;14283;6380;115
2017-08;Algarve;ACES Algarve III - Algarve Sotavento;37.383008,-7.7293275;10181;4396;42
2017-08;Centro;ACES Pinhal Interior Sul;39.7510898,-7.9203657;4630;3130;9
2017-08;Centro;Área dos CSP da ULS Viseu Dão-Lafões;40.6565861,-7.9124712;49181;19315;507
2017-08;Lisboa e Vale do Tejo;ACES Cascais;38.69904,-9.3818008;22695;10310;157
2017-08;Lisboa e Vale do Tejo;Área dos CSP da ULS Lezíria;39.2371689,-8.6908895;30235;14488;146
2017-08;Lisboa e Vale do Tejo;ACES Oeste Sul;39.0917759,-9.2600341;27305;10350;155
2017-08;Lisboa e Vale do Tejo;ACES Médio Tejo;39.478072,-8.5404429;36035;12429;203
2017-08;Norte;ACES Tâmega I - Baixo Tâmega;41.2719719,-8.0791631;29456;12838;257
2017-08;Norte;Área dos CSP da ULS Nordeste;41.8069684,-6.7587977;18554;8624;230
2017-08;Norte;ACES Grande Porto II - Gondomar;41.1738444,-8.5612238;27016;17732;311
2017-08;Norte;ACES Grande Porto V - Porto Ocidental;41.1741353,-8.6691662;23116;12438;278
2017-08;Norte;ACES Grande Porto VIII - Espinho / Gaia;41.0022421,-8.642018;28651;17286;227
2017-09;Alentejo;Área dos CSP da ULS Baixo Alentejo;38.0153039,-7.8627308;22996;12412;247
2017-09;Centro;Área dos CSP da ULS Guarda;40.5353285,-7.2724426;22207;9937;73
2017-09;Centro;Área dos CSP da ULS Viseu Dão-Lafões;40.6565861,-7.9124712;47179;19662;441
2017-09;Lisboa e Vale do Tejo;ACES Sintra;38.7519209,-9.2753636;46230;12379;186
2017-09;Lisboa e Vale do Tejo;Área dos CSP da ULS Arrábida;38.5324373,-8.8627453;29993;13495;174
2017-09;Norte;ACES Cávado I - Braga;41.5518714,-8.4126362;29999;15247;388
2017-09;Norte;ACES Grande Porto II - Gondomar;41.1738444,-8.5612238;31469;18495;353
2017-09;Norte;ACES Cávado II - Gerês / Cabreira;41.6298661,-8.3596897;17860;11928;249
2017-09;Norte;ACES Entre Douro e Vouga II - Aveiro Norte;40.8472225,-8.4656674;21564;9069;200
2017-09;Região não Especificada;Desconhecido | Nacional;;2;2;
2017-10;Alentejo;Área dos CSP da ULS Alentejo Central;38.8442031,-7.5826619;37025;20449;349
2017-10;Alentejo;Área dos CSP da ULS Alto Alentejo;39.2967086,-7.4284755;26468;14127;278
2017-10;Centro;Área dos CSP da ULS Guarda;40.5353285,-7.2724426;24422;10472;123
2017-10;Centro;ACES Pinhal Interior Sul;39.7510898,-7.9203657;4950;3642;5
2017-10;Lisboa e Vale do Tejo;ACES Sintra;38.7519209,-9.2753636;51053;14003;217
2017-10;Norte;ACES Grande Porto V - Porto Ocidental;41.1741353,-8.6691662;27667;15203;352
2017-10;Norte;ACES Ave / Famalicão;41.3835805,-8.4157518;22974;11307;254
2017-10;Norte;ACES Grande Porto II - Gondomar;41.1738444,-8.5612238;31290;20348;364
2017-10;Norte;ACES Cávado II - Gerês / Cabreira;41.6298661,-8.3596897;18297;13439;269
2017-10;Região não Especificada;Desconhecido | Nacional;;1227;;
2017-11;Algarve;ACES Algarve II - Algarve Barlavento;37.1387554,-8.5445093;26537;8031;132
2017-11;Algarve;ACES Algarve III - Algarve Sotavento;37.383008,-7.7293275;10284;4329;65
2017-11;Centro;Área dos CSP da ULS Guarda;40.5353285,-7.2724426;24947;10461;115
2017-11;Lisboa e Vale do Tejo;ACES Lisboa Norte;38.7396924,-9.168506;34738;8747;359
2017-11;Norte;ACES Douro II - Douro Sul;41.0953745,-7.8123805;16954;6533;146
2017-11;Norte;ACES Grande Porto VII - Gaia;41.1278433,-8.580396;27078;15071;345
2017-11;Norte;ACES Tâmega II - Vale do Sousa Sul;41.1548155,-8.2163769;36574;17737;384
2017-11;Norte;ACES Cávado II - Gerês / Cabreira;41.6298661,-8.3596897;18314;12620;289
2017-12;Algarve;ACES Algarve III - Algarve Sotavento;37.383008,-7.7293275;8469;3725;41
2017-12;Centro;ACES Baixo Mondego;40.2150023,-8.4071805;49583;32201;368
2017-12;Centro;Área dos CSP da ULS Viseu Dão-Lafões;40.6565861,-7.9124712;40782;16646;424
2017-12;Lisboa e Vale do Tejo;ACES Lisboa Norte;38.7396924,-9.168506;26998;7146;233
2017-12;Lisboa e Vale do Tejo;ACES Oeste Sul;39.0917759,-9.2600341;24551;7958;181
2017-12;Norte;ACES Entre Douro e Vouga I - Feira e Arouca;40.9263169,-8.5478813;24801;13114;348
2017-12;Norte;ACES Tâmega I - Baixo Tâmega;41.2719719,-8.0791631;26324;11375;278
2017-12;Norte;ACES Alto Trás-os-Montes - Alto Tâmega e Barroso;41.741781,-7.4731648;12148;5444;113
2017-12;Norte;Área dos CSP da ULS Nordeste;41.8069684,-6.7587977;17359;6758;201
2017-12;Norte;ACES Cávado I - Braga;41.5518714,-8.4126362;24462;11095;418
2017-12;Norte;ACES Douro I - Marão e Douro Norte;41.2968711,-7.7483727;13974;9318;183
2017-12;Norte;ACES Alto Ave - Guimarães, Vizela e Terras de Basto;41.4417064,-8.1722408;45488;18587;460
2017-12;Norte;ACES Douro II - Douro Sul;41.0953745,-7.8123805;11719;4952;105
2018-01;Algarve;ACES Algarve II - Algarve Barlavento;37.1387554,-8.5445093;27083;8320;159
2018-01;Centro;ACES Pinhal Litoral;39.7495331,-8.807683;52000;19848;337
2018-01;Centro;ACES Beira Interior Sul;39.8211367,-7.5036651;13812;5788;51
2018-01;Norte;ACES Cávado II - Gerês / Cabreira;41.6298661,-8.3596897;20774;13957;282
2018-01;Norte;ACES Entre Douro e Vouga II - Aveiro Norte;40.8472225,-8.4656674;26748;10032;348
2018-01;Norte;ACES Tâmega III - Vale do Sousa Norte;41.2793583,-8.2787457;35648;18490;375
2018-01;Norte;ACES Grande Porto V - Porto Ocidental;41.1741353,-8.6691662;30972;15273;492
2018-01;Norte;ACES Douro I - Marão e Douro Norte;41.2968711,-7.7483727;21879;12418;298
2018-01;Norte;ACES Grande Porto II - Gondomar;41.1738444,-8.5612238;36250;20664;565
2018-01;Norte;ACES Grande Porto III - Maia / Valongo;41.2333945,-8.6187474;42936;24286;479
2018-01;Região não Especificada;Desconhecido | Nacional;;1;;
2018-02;Alentejo;Área dos CSP da ULS Alto Alentejo;39.2967086,-7.4284755;25166;12058;355
2018-02;Algarve;ACES Algarve I - Algarve Central;37.0274264,-7.9395984;38176;11236;188
2018-02;Centro;ACES Beira Interior Sul;39.8211367,-7.5036651;11967;4931;43
2018-02;Centro;ACES Pinhal Litoral;39.7495331,-8.807683;42853;15685;303
2018-02;Centro;Área dos CSP da ULS Região de Aveiro;40.6405055,-8.6537539;73353;27005;559
2018-02;Centro;Área dos CSP da ULS Viseu Dão-Lafões;40.6565861,-7.9124712;52846;18077;620
2018-02;Lisboa e Vale do Tejo;ACES Oeste Sul;39.0917759,-9.2600341;30421;9234;204
2018-02;Norte;Área dos CSP da ULS Póvoa Varzim / Vila Conde;41.355519,-8.746653;25277;13542;331
2018-02;Norte;Área dos CSP da ULS Nordeste;41.8069684,-6.7587977;23347;7458;295
2018-02;Norte;ACES Grande Porto II - Gondomar;41.1738444,-8.5612238;31920;16990;415
2018-02;Norte;ACES Grande Porto III - Maia / Valongo;41.2333945,-8.6187474;37186;19490;396
2018-02;Norte;ACES Grande Porto VI - Porto Oriental;41.1694498,-8.6126428;19645;8854;350
2018-02;Norte;ACES Grande Porto V - Porto Ocidental;41.1741353,-8.6691662;26219;12142;301
2018-02;Norte;ACES Cávado I - Braga;41.5518714,-8.4126362;31621;13420;503
2018-03;Alentejo;Área dos CSP da ULS Alentejo Central;38.8442031,-7.5826619;35963;17992;355
2018-03;Centro;Área dos CSP da ULS Cova da Beira;40.2677741,-7.4995083;13525;6449;35
2018-03;Centro;Área dos CSP da ULS Região de Aveiro;40.6405055,-8.6537539;77242;28850;624
2018-03;Lisboa e Vale do Tejo;ACES Loures / Odivelas;38.8012718,-9.1137868;55112;14947;369
2018-03;Lisboa e Vale do Tejo;ACES Médio Tejo;39.478072,-8.5404429;44580;13875;291
2018-03;Norte;ACES Ave / Famalicão;41.3835805,-8.4157518;22969;9894;225
2018-03;Norte;ACES Douro II - Douro Sul;41.0953745,-7.8123805;16235;5445;171
2018-03;Norte;ACES Grande Porto VI - Porto Oriental;41.1694498,-8.6126428;20492;9540;350
2018-03;Norte;ACES Grande Porto VII - Gaia;41.1278433,-8.580396;24944;13114;336
2018-03;Norte;ACES Alto Ave - Guimarães, Vizela e Terras de Basto;41.4417064,-8.1722408;58040;20703;590
2018-03;Norte;ACES Tâmega I - Baixo Tâmega;41.2719719,-8.0791631;33835;12633;334
2018-03;Norte;Área dos CSP da ULS Póvoa Varzim / Vila Conde;41.355519,-8.746653;26599;14267;346
2018-03;Região não Especificada;Desconhecido | Nacional;;1;1;
2018-03;Região não Especificada;Desconhecido | Nacional;;1243;;
2018-03;Região não Especificada;Desconhecido | Nacional;;1182;99;
2018-04;Algarve;ACES Algarve I - Algarve Central;37.0274264,-7.9395984;37534;12545;235
2018-04;Algarve;ACES Algarve III - Algarve Sotavento;37.383008,-7.7293275;10043;4274;126
2018-04;Centro;Área dos CSP da ULS Viseu Dão-Lafões;40.6565861,-7.9124712;49675;18378;550
2018-04;Centro;Área dos CSP da ULS Guarda;40.5353285,-7.2724426;22986;8979;184
2018-04;Lisboa e Vale do Tejo;ACES Médio Tejo;39.478072,-8.5404429;40930;13753;252
2018-04;Lisboa e Vale do Tejo;ACES Lisboa Central;38.7306317,-9.1510414;37017;10442;281
2018-04;Lisboa e Vale do Tejo;ACES Loures / Odivelas;38.8012718,-9.1137868;50084;15317;352
2018-04;Norte;ACES Entre Douro e Vouga I - Feira e Arouca;40.9263169,-8.5478813;28732;14984;415
2018-04;Norte;ACES Douro I - Marão e Douro Norte;41.2968711,-7.7483727;18400;10431;265
2018-04;Norte;ACES Grande Porto III - Maia / Valongo;41.2333945,-8.6187474;36232;20871;338
2018-04;Norte;ACES Grande Porto I - Santo Tirso / Trofa;41.3469246,-8.4822648;19419;11455;326
2018-04;Norte;ACES Grande Porto VII - Gaia;41.1278433,-8.580396;24019;13541;343
2018-04;Região não Especificada;Desconhecido | Nacional;;1216;;
2018-05;Alentejo;Área dos CSP da ULS Alentejo Central;38.8442031,-7.5826619;37033;20177;397
2018-05;Centro;Área dos CSP da ULS Guarda;40.5353285,-7.2724426;25201;10403;156
2018-05;Centro;Área dos CSP da ULS Viseu Dão-Lafões;40.6565861,-7.9124712;51430;20601;628
2018-05;Lisboa e Vale do Tejo;Área dos CSP da ULS Almada / Seixal;38.6678522,-9.1875777;55051;21987;447
2018-05;Lisboa e Vale do Tejo;ACES Amadora;38.7573081,-9.23429;23436;6916;91
2018-05;Lisboa e Vale do Tejo;ACES Lisboa Norte;38.7396924,-9.168506;33864;8925;285
2018-05;Lisboa e Vale do Tejo;Área dos CSP da ULS Arrábida;38.5324373,-8.8627453;33182;13838;211
2018-05;Lisboa e Vale do Tejo;Área dos CSP da ULS Estuário do Tejo;38.9528113,-8.9911154;36537;8525;168
2018-05;Lisboa e Vale do Tejo;ACES Oeste Norte;39.410844,-9.1396215;31719;13398;203
2018-05;Norte;ACES Grande Porto V - Porto Ocidental;41.1741353,-8.6691662;26500;14386;392
2018-05;Norte;ACES Cávado I - Braga;41.5518714,-8.4126362;31913;15919;439
2018-05;Norte;ACES Tâmega II - Vale do Sousa Sul;41.1548155,-8.2163769;33572;18238;372
2018-05;Norte;Área dos CSP da ULS Póvoa Varzim / Vila Conde;41.355519,-8.746653;25505;15186;370
2018-05;Norte;ACES Grande Porto VIII - Espinho / Gaia;41.0022421,-8.642018;32837;18648;420
2018-06;Centro;Área dos CSP da ULS Região de Aveiro;40.6405055,-8.6537539;69633;29197;581
2018-06;Centro;ACES Pinhal Interior Sul;39.7510898,-7.9203657;4645;3289;6
2018-06;Centro;Área dos CSP da ULS Viseu Dão-Lafões;40.6565861,-7.9124712;50888;19604;591
2018-06;Lisboa e Vale do Tejo;ACES Lisboa Norte;38.7396924,-9.168506;32004;8359;262
2018-06;Lisboa e Vale do Tejo;ACES Oeste Norte;39.410844,-9.1396215;30717;12453;207
2018-06;Lisboa e Vale do Tejo;ACES Oeste Sul;39.0917759,-9.2600341;31313;10703;254
2018-06;Lisboa e Vale do Tejo;ACES Cascais;38.69904,-9.3818008;24494;10835;192
2018-06;Lisboa e Vale do Tejo;ACES Loures / Odivelas;38.8012718,-9.1137868;52643;15713;402
2018-06;Norte;ACES Tâmega III - Vale do Sousa Norte;41.2793583,-8.2787457;31198;15411;349
2018-06;Norte;Área dos CSP da ULS Alto Minho;41.7056054,-8.8252713;51029;24623;743
2018-06;Norte;ACES Entre Douro e Vouga I - Feira e Arouca;40.9263169,-8.5478813;29165;15596;427
2018-06;Norte;Área dos CSP da ULS Póvoa Varzim / Vila Conde;41.355519,-8.746653;24289;14536;412
2018-06;Norte;ACES Grande Porto VIII - Espinho / Gaia;41.0022421,-8.642018;31848;17162;417
2018-06;Norte;ACES Douro I - Marão e Douro Norte;41.2968711,-7.7483727;17876;10865;294
2018-06;Região não Especificada;Desconhecido | Nacional;;1054;113;
2018-07;Centro;ACES Baixo Mondego;40.2150023,-8.4071805;61378;39404;447
2018-07;Centro;ACES Pinhal Interior Sul;39.7510898,-7.9203657;4436;3339;6
2018-07;Centro;ACES Beira Interior Sul;39.8211367,-7.5036651;11863;5760;81
2018-07;Lisboa e Vale do Tejo;ACES Oeste Sul;39.0917759,-9.2600341;31003;10284;228
2018-07;Lisboa e Vale do Tejo;Área dos CSP da ULS Almada / Seixal;38.6678522,-9.1875777;57136;21730;397
2018-07;Norte;ACES Tâmega III - Vale do Sousa Norte;41.2793583,-8.2787457;32526;16427;261
2018-07;Norte;ACES Cávado I - Braga;41.5518714,-8.4126362;31869;14893;380
2018-07;Norte;ACES Tâmega I - Baixo Tâmega;41.2719719,-8.0791631;33811;13925;351
2018-07;Norte;ACES Douro I - Marão e Douro Norte;41.2968711,-7.7483727;18088;11248;262
2018-07;Norte;ACES Entre Douro e Vouga II - Aveiro Norte;40.8472225,-8.4656674;23512;9660;312
2018-07;Norte;ACES Alto Ave - Guimarães, Vizela e Terras de Basto;41.4417064,-8.1722408;55935;22437;561
2018-07;Norte;Área dos CSP da ULS Nordeste;41.8069684,-6.7587977;21115;8527;287
2018-08;Centro;ACES Beira Interior Sul;39.8211367,-7.5036651;10275;5304;32
2018-08;Centro;Área dos CSP da ULS Região de Aveiro;40.6405055,-8.6537539;62876;29385;397
2018-08;Lisboa e Vale do Tejo;ACES Cascais;38.69904,-9.3818008;22730;10289;194
2018-08;Lisboa e Vale do Tejo;ACES Oeste Sul;39.0917759,-9.2600341;27255;9807;205
2018-08;Lisboa e Vale do Tejo;Área dos CSP da ULS Almada / Seixal;38.6678522,-9.1875777;48362;19350;407
2018-08;Lisboa e Vale do Tejo;ACES Oeste Norte;39.410844,-9.1396215;29376;13704;169
2018-08;Lisboa e Vale do Tejo;Área dos CSP da ULS Lezíria;39.2371689,-8.6908895;31074;14400;185
2018-08;Norte;ACES Cávado I - Braga;41.5518714,-8.4126362;27812;13210;345
2018-08;Norte;ACES Ave / Famalicão;41.3835805,-8.4157518;17676;9091;149
2018-08;Norte;ACES Entre Douro e Vouga I - Feira e Arouca;40.9263169,-8.5478813;26164;14558;308
2018-08;Norte;ACES Grande Porto V - Porto Ocidental;41.1741353,-8.6691662;22995;12469;246
2018-08;Norte;ACES Tâmega I - Baixo Tâmega;41.2719719,-8.0791631;28435;13259;276
2018-09;Centro;ACES Beira Interior Sul;39.8211367,-7.5036651;11148;5507;32
2018-09;Lisboa e Vale do Tejo;Área dos CSP da ULS Almada / Seixal;38.6678522,-9.1875777;51540;20601;340
2018-09;Norte;ACES Ave / Famalicão;41.3835805,-8.4157518;19790;10341;228
2018-09;Norte;ACES Grande Porto V - Porto Ocidental;41.1741353,-8.6691662;24910;13173;288
2018-09;Norte;ACES Cávado I - Braga;41.5518714,-8.4126362;28939;14787;359
2018-09;Norte;ACES Cávado II - Gerês / Cabreira;41.6298661,-8.3596897;16074;11815;246
2018-09;Região não Especificada;Desconhecido | Nacional;;827;;
2018-10;Alentejo;Área dos CSP da ULS Alto Alentejo;39.2967086,-7.4284755;26358;14104;368
2018-10;Algarve;ACES Algarve II - Algarve Barlavento;37.1387554,-8.5445093;28440;8818;154
2018-10;Centro;Área dos CSP da ULS Guarda;40.5353285,-7.2724426;24831;11640;137
2018-10;Lisboa e Vale do Tejo;ACES Lisboa Ocidental e Oeiras;38.6914388,-9.3184304;35873;12004;335
2018-10;Lisboa e Vale do Tejo;ACES Cascais;38.69904,-9.3818008;27226;13398;215
2018-10;Lisboa e Vale do Tejo;Área dos CSP da ULS Almada / Seixal;38.6678522,-9.1875777;60522;24487;496
2018-10;Norte;Área dos CSP da ULS Matosinhos;41.1918541,-8.6590693;35158;19058;368
2018-10;Norte;Área dos CSP da ULS Nordeste;41.8069684,-6.7587977;24620;9998;356
2018-10;Norte;Área dos CSP da ULS Alto Minho;41.7056054,-8.8252713;58158;29283;794
2018-10;Norte;Área dos CSP da ULS Póvoa Varzim / Vila Conde;41.355519,-8.746653;28083;16763;412
2018-10;Norte;ACES Douro I - Marão e Douro Norte;41.2968711,-7.7483727;20457;12798;287
2018-11;Lisboa e Vale do Tejo;ACES Lisboa Norte;38.7396924,-9.168506;35778;9109;312
2018-11;Lisboa e Vale do Tejo;ACES Oeste Norte;39.410844,-9.1396215;31238;14695;263
2018-11;Lisboa e Vale do Tejo;ACES Cascais;38.69904,-9.3818008;28027;12214;240
2018-11;Lisboa e Vale do Tejo;ACES Amadora;38.7573081,-9.23429;24945;6927;172
2018-11;Norte;ACES Cávado I - Braga;41.5518714,-8.4126362;32317;15761;468
2018-11;Norte;Área dos CSP da ULS Nordeste;41.8069684,-6.7587977;23049;9178;339
2018-12;Centro;ACES Baixo Mondego;40.2150023,-8.4071805;52683;32523;467
2018-12;Lisboa e Vale do Tejo;Área dos CSP da ULS Lezíria;39.2371689,-8.6908895;30399;13142;208
2018-12;Lisboa e Vale do Tejo;ACES Lisboa Ocidental e Oeiras;38.6914388,-9.3184304;28515;9316;336
2018-12;Norte;ACES Entre Douro e Vouga I - Feira e Arouca;40.9263169,-8.5478813;24098;13628;330
2018-12;Norte;ACES Entre Douro e Vouga II - Aveiro Norte;40.8472225,-8.4656674;18491;7934;258
2018-12;Norte;ACES Alto Ave - Guimarães, Vizela e Terras de Basto;41.4417064,-8.1722408;47562;18881;584
2018-12;Norte;ACES Alto Trás-os-Montes - Alto Tâmega e Barroso;41.741781,-7.4731648;13527;5536;191
2018-12;Norte;ACES Grande Porto III - Maia / Valongo;41.2333945,-8.6187474;30064;17320;317
2018-12;Região não Especificada;Desconhecido | Nacional;;787;104;
2019-01;Alentejo;Área dos CSP da ULS Baixo Alentejo;38.0153039,-7.8627308;28210;14612;352
2019-01;Alentejo;Área dos CSP da ULS Alentejo Central;38.8442031,-7.5826619;40885;22266;403
2019-01;Centro;ACES Pinhal Interior Norte;40.1151262,-8.2473136;26418;17048;204
2019-01;Centro;Área dos CSP da ULS Região de Aveiro;40.6405055,-8.6537539;84166;35122;732
2019-01;Centro;Área dos CSP da ULS Viseu Dão-Lafões;40.6565861,-7.9124712;61456;22881;648
2019-01;Lisboa e Vale do Tejo;Área dos CSP da ULS Almada / Seixal;38.6678522,-9.1875777;67560;24783;603
2019-01;Norte;ACES Entre Douro e Vouga II - Aveiro Norte;40.8472225,-8.4656674;26918;10375;329
2019-01;Norte;Área dos CSP da ULS Póvoa Varzim / Vila Conde;41.355519,-8.746653;29211;16855;414
2019-01;Norte;ACES Cávado I - Braga;41.5518714,-8.4126362;36747;17682;486
2019-01;Norte;ACES Douro I - Marão e Douro Norte;41.2968711,-7.7483727;20907;13274;321
2019-01;Norte;ACES Ave / Famalicão;41.3835805,-8.4157518;25499;12435;329
2019-01;Região não Especificada;Desconhecido | Nacional;;1113;113;
2019-01;Região não Especificada;Desconhecido | Nacional;;1200;;
2019-02;Alentejo;Área dos CSP da ULS Baixo Alentejo;38.0153039,-7.8627308;25842;11820;356
2019-02;Algarve;ACES Algarve II - Algarve Barlavento;37.1387554,-8.5445093;28074;7428;151
2019-02;Centro;ACES Pinhal Interior Norte;40.1151262,-8.2473136;23450;14255;209
2019-02;Lisboa e Vale do Tejo;ACES Lisboa Central;38.7306317,-9.1510414;39676;9976;343
2019-02;Lisboa e Vale do Tejo;Área dos CSP da ULS Arrábida;38.5324373,-8.8627453;34268;12575;231
2019-02;Lisboa e Vale do Tejo;ACES Lisboa Norte;38.7396924,-9.168506;35031;8671;314
2019-02;Lisboa e Vale do Tejo;Área dos CSP da ULS Lezíria;39.2371689,-8.6908895;36738;14097;248
2019-02;Lisboa e Vale do Tejo;Área dos CSP da ULS Arco Ribeirinho;38.6672076,-9.0543329;34479;10266;214
2019-02;Norte;Área dos CSP da ULS Barcelos / Esposende;41.5317419,-8.6178922;32812;13163;322
2019-02;Norte;ACES Tâmega III - Vale do Sousa Norte;41.2793583,-8.2787457;32430;15709;295
2019-02;Norte;Área dos CSP da ULS Póvoa Varzim / Vila Conde;41.355519,-8.746653;25576;14021;381
2019-02;Região não Especificada;Desconhecido | Nacional;;1200;;
2019-03;Alentejo;Área dos CSP da ULS Alentejo Central;38.8442031,-7.5826619;36117;18740;270
2019-03;Algarve;ACES Algarve II - Algarve Barlavento;37.1387554,-8.5445093;27686;7292;149
2019-03;Algarve;ACES Algarve I - Algarve Central;37.0274264,-7.9395984;39849;11992;245
2019-03;Centro;Área dos CSP da ULS Viseu Dão-Lafões;40.6565861,-7.9124712;52426;19084;651
2019-03;Norte;ACES Grande Porto VIII - Espinho / Gaia;41.0022421,-8.642018;32132;17097;422
2019-03;Norte;ACES Cávado I - Braga;41.5518714,-8.4126362;31617;15000;458
2019-03;Região não Especificada;Desconhecido | Nacional;;1151;;
2019-03;Região não Especificada;Desconhecido | Nacional;;1;;
2019-04;Centro;Área dos CSP da ULS Região de Aveiro;40.6405055,-8.6537539;69084;29985;514
2019-04;Centro;ACES Pinhal Interior Norte;40.1151262,-8.2473136;22450;14257;160
2019-04;Lisboa e Vale do Tejo;ACES Sintra;38.7519209,-9.2753636;49958;13023;344
2019-04;Lisboa e Vale do Tejo;Área dos CSP da ULS Estuário do Tejo;38.9528113,-8.9911154;38906;8293;147
2019-04;Norte;ACES Ave / Famalicão;41.3835805,-8.4157518;21242;10887;256
2019-04;Norte;ACES Douro II - Douro Sul;41.0953745,-7.8123805;14521;5375;202
2019-04;Norte;Área dos CSP da ULS Barcelos / Esposende;41.5317419,-8.6178922;30826;13405;329
2019-04;Norte;ACES Alto Ave - Guimarães, Vizela e Terras de Basto;41.4417064,-8.1722408;53360;21513;494
2019-04;Norte;ACES Cávado II - Gerês / Cabreira;41.6298661,-8.3596897;16994;11802;232
2019-05;Alentejo;Área dos CSP da ULS Alentejo Central;38.8442031,-7.5826619;37572;21871;335
2019-05;Alentejo;Área dos CSP da ULS Litoral Alentejano;38.3841359,-8.5132031;16961;6956;142
2019-05;Algarve;ACES Algarve III - Algarve Sotavento;37.383008,-7.7293275;12148;4674;176
2019-05;Algarve;ACES Algarve I - Algarve Central;37.0274264,-7.9395984;41874;14045;290
2019-05;Centro;ACES Beira Interior Sul;39.8211367,-7.5036651;12670;6067;70
2019-05;Centro;Área dos CSP da ULS Cova da Beira;40.2677741,-7.4995083;14542;8070;45
2019-05;Centro;ACES Baixo Mondego;40.2150023,-8.4071805;72797;44053;701
2019-05;Centro;ACES Pinhal Interior Norte;40.1151262,-8.2473136;25593;16458;214
2019-05;Lisboa e Vale do Tejo;ACES Sintra;38.7519209,-9.2753636;57833;14526;364
2019-05;Lisboa e Vale do Tejo;ACES Oeste Norte;39.410844,-9.1396215;34749;14027;196
2019-05;Norte;ACES Grande Porto VI - Porto Oriental;41.1694498,-8.6126428;22354;11761;332
2019-05;Norte;ACES Tâmega III - Vale do Sousa Norte;41.2793583,-8.2787457;34872;18524;371
2019-05;Norte;Área dos CSP da ULS Póvoa Varzim / Vila Conde;41.355519,-8.746653;27477;16674;457
2019-05;Norte;ACES Ave / Famalicão;41.3835805,-8.4157518;24918;12061;337
2019-05;Norte;ACES Grande Porto I - Santo Tirso / Trofa;41.3469246,-8.4822648;22341;13072;395
2019-06;Algarve;ACES Algarve I - Algarve Central;37.0274264,-7.9395984;32561;11359;217
2019-06;Lisboa e Vale do Tejo;ACES Oeste Sul;39.0917759,-9.2600341;23337;9918;180
2019-06;Lisboa e Vale do Tejo;ACES Lisboa Ocidental e Oeiras;38.6914388,-9.3184304;25501;9496;291
2019-06;Lisboa e Vale do Tejo;Área dos CSP da ULS Arco Ribeirinho;38.6672076,-9.0543329;28478;9862;181
2019-06;Norte;ACES Entre Douro e Vouga I - Feira e Arouca;40.9263169,-8.5478813;24247;14632;327
2019-06;Norte;ACES Cávado II - Gerês / Cabreira;41.6298661,-8.3596897;14395;11008;216
2019-06;Norte;ACES Entre Douro e Vouga II - Aveiro Norte;40.8472225,-8.4656674;18579;9184;229
2019-06;Norte;ACES Cávado I - Braga;41.5518714,-8.4126362;25537;13236;320
2019-06;Norte;ACES Douro I - Marão e Douro Norte;41.2968711,-7.7483727;14400;9742;206
2019-06;Norte;ACES Tâmega III - Vale do Sousa Norte;41.2793583,-8.2787457;27000;15004;247
2019-07;Alentejo;Área dos CSP da ULS Litoral Alentejano;38.3841359,-8.5132031;16687;6808;125
2019-07;Algarve;ACES Algarve II - Algarve Barlavento;37.1387554,-8.5445093;28832;8811;170
2019-07;Centro;ACES Pinhal Interior Sul;39.7510898,-7.9203657;4667;3657;6
2019-07;Centro;ACES Baixo Mondego;40.2150023,-8.4071805;64149;43452;538
2019-07;Centro;Área dos CSP da ULS Guarda;40.5353285,-7.2724426;24648;10968;176
2019-07;Lisboa e Vale do Tejo;Área dos CSP da ULS Lezíria;39.2371689,-8.6908895;36048;15926;245
2019-07;Lisboa e Vale do Tejo;ACES Lisboa Ocidental e Oeiras;38.6914388,-9.3184304;34053;12308;319
2019-07;Lisboa e Vale do Tejo;ACES Lisboa Norte;38.7396924,-9.168506;35764;10478;322
2019-07;Lisboa e Vale do Tejo;Área dos CSP da ULS Almada / Seixal;38.6678522,-9.1875777;58600;23763;433
2019-07;Lisboa e Vale do Tejo;ACES Médio Tejo;39.478072,-8.5404429;43823;16826;312
2019-07;Norte;Área dos CSP da ULS Alto Minho;41.7056054,-8.8252713;52304;28477;606
2019-07;Norte;ACES Grande Porto VI - Porto Oriental;41.1694498,-8.6126428;21210;11732;275
2019-07;Região não Especificada;Desconhecido | Nacional;;1161;128;
2019-08;Alentejo;Área dos CSP da ULS Alentejo Central;38.8442031,-7.5826619;29165;16665;231
2019-08;Centro;ACES Pinhal Litoral;39.7495331,-8.807683;39000;18595;225
2019-08;Centro;ACES Baixo Mondego;40.2150023,-8.4071805;52112;36492;390
2019-08;Centro;ACES Pinhal Interior Sul;39.7510898,-7.9203657;4270;3183;4
2019-08;Centro;ACES Pinhal Interior Norte;40.1151262,-8.2473136;19581;13388;124
2019-08;Lisboa e Vale do Tejo;ACES Sintra;38.7519209,-9.2753636;44115;12461;323
2019-08;Lisboa e Vale do Tejo;Área dos CSP da ULS Estuário do Tejo;38.9528113,-8.9911154;33297;9230;170
2019-08;Lisboa e Vale do Tejo;Área dos CSP da ULS Almada / Seixal;38.6678522,-9.1875777;47204;19330;378
2019-08;Norte;ACES Alto Ave - Guimarães, Vizela e Terras de Basto;41.4417064,-8.1722408;45363;19742;386
2019-08;Norte;ACES Grande Porto I - Santo Tirso / Trofa;41.3469246,-8.4822648;17221;10812;281
2019-08;Norte;Área dos CSP da ULS Barcelos / Esposende;41.5317419,-8.6178922;27286;13421;228
2019-08;Norte;ACES Grande Porto II - Gondomar;41.1738444,-8.5612238;26016;18959;285
2019-08;Norte;ACES Alto Trás-os-Montes - Alto Tâmega e Barroso;41.741781,-7.4731648;13256;5897;175
2019-09;Centro;Área dos CSP da ULS Viseu Dão-Lafões;40.6565861,-7.9124712;49985;20054;560
2019-09;Centro;Área dos CSP da ULS Região de Aveiro;40.6405055,-8.6537539;68280;31373;461
2019-09;Centro;ACES Pinhal Interior Sul;39.7510898,-7.9203657;4214;3516;2
2019-09;Lisboa e Vale do Tejo;Área dos CSP da ULS Estuário do Tejo;38.9528113,-8.9911154;35644;10084;175
2019-09;Lisboa e Vale do Tejo;ACES Lisboa Central;38.7306317,-9.1510414;36319;10604;330
2019-09;Lisboa e Vale do Tejo;ACES Loures / Odivelas;38.8012718,-9.1137868;47504;15782;402
2019-09;Norte;ACES Grande Porto I - Santo Tirso / Trofa;41.3469246,-8.4822648;18926;12389;293
2019-09;Norte;Área dos CSP da ULS Barcelos / Esposende;41.5317419,-8.6178922;30847;14591;272
2019-09;Norte;ACES Entre Douro e Vouga II - Aveiro Norte;40.8472225,-8.4656674;21666;10198;260
2019-09;Norte;ACES Grande Porto II - Gondomar;41.1738444,-8.5612238;32129;20233;366
2019-09;Norte;Área dos CSP da ULS Nordeste;41.8069684,-6.7587977;22092;8881;239
2019-09;Norte;ACES Cávado I - Braga;41.5518714,-8.4126362;32145;16350;392
2019-09;Norte;ACES Ave / Famalicão;41.3835805,-8.4157518;22316;11766;253
2019-09;Norte;Área dos CSP da ULS Alto Minho;41.7056054,-8.8252713;46570;26657;572
2019-09;Região não Especificada;Desconhecido | Nacional;;942;106;
2019-10;Alentejo;Área dos CSP da ULS Baixo Alentejo;38.0153039,-7.8627308;28006;13588;271
2019-10;Algarve;ACES Algarve II - Algarve Barlavento;37.1387554,-8.5445093;30005;9398;167
2019-10;Centro;ACES Pinhal Interior Sul;39.7510898,-7.9203657;5599;4047;7
2019-10;Lisboa e Vale do Tejo;ACES Oeste Norte;39.410844,-9.1396215;36657;15810;231
2019-10;Lisboa e Vale do Tejo;ACES Sintra;38.7519209,-9.2753636;59637;16161;381
2019-10;Norte;ACES Douro II - Douro Sul;41.0953745,-7.8123805;16066;6319;218
2019-10;Norte;ACES Douro I - Marão e Douro Norte;41.2968711,-7.7483727;21219;13433;331
2019-10;Norte;ACES Grande Porto III - Maia / Valongo;41.2333945,-8.6187474;44393;25863;435
2019-10;Norte;Área dos CSP da ULS Póvoa Varzim / Vila Conde;41.355519,-8.746653;28218;17108;384
2019-10;Norte;Área dos CSP da ULS Alto Minho;41.7056054,-8.8252713;57157;30065;829
2019-10;Norte;ACES Alto Trás-os-Montes - Alto Tâmega e Barroso;41.741781,-7.4731648;18038;7672;279
2019-10;Norte;ACES Tâmega II - Vale do Sousa Sul;41.1548155,-8.2163769;38958;21045;373
2019-10;Norte;ACES Grande Porto VI - Porto Oriental;41.1694498,-8.6126428;23249;12560;315
2019-10;Norte;ACES Grande Porto I - Santo Tirso / Trofa;41.3469246,-8.4822648;23649;14155;418
2019-10;Região não Especificada;Desconhecido | Nacional;;975;151;
2019-11;Alentejo;Área dos CSP da ULS Baixo Alentejo;38.0153039,-7.8627308;23732;11573;245
2019-11;Alentejo;Área dos CSP da ULS Alentejo Central;38.8442031,-7.5826619;33306;18443;400
2019-11;Centro;Área dos CSP da ULS Guarda;40.5353285,-7.2724426;21600;9742;175
2019-11;Centro;ACES Pinhal Interior Norte;40.1151262,-8.2473136;22807;13935;231
2019-11;Centro;ACES Pinhal Litoral;39.7495331,-8.807683;45668;20508;378
2019-11;Lisboa e Vale do Tejo;ACES Médio Tejo;39.478072,-8.5404429;43693;15698;288
2019-11;Lisboa e Vale do Tejo;Área dos CSP da ULS Almada / Seixal;38.6678522,-9.1875777;63183;23232;1153
2019-11;Lisboa e Vale do Tejo;ACES Loures / Odivelas;38.8012718,-9.1137868;49374;16254;448
2019-11;Norte;ACES Ave / Famalicão;41.3835805,-8.4157518;23203;11541;286
2019-11;Norte;ACES Douro I - Marão e Douro Norte;41.2968711,-7.7483727;18619;11213;268
2019-11;Norte;Área dos CSP da ULS Nordeste;41.8069684,-6.7587977;22370;8255;314
2019-11;Norte;ACES Grande Porto V - Porto Ocidental;41.1741353,-8.6691662;28596;14696;395
2019-11;Norte;ACES Grande Porto III - Maia / Valongo;41.2333945,-8.6187474;39593;22214;426
2019-12;Algarve;ACES Algarve II - Algarve Barlavento;37.1387554,-8.5445093;22613;7008;133
2019-12;Algarve;ACES Algarve III - Algarve Sotavento;37.383008,-7.7293275;10385;3846;106
2019-12;Centro;ACES Pinhal Litoral;39.7495331,-8.807683;40349;17946;292
2019-12;Lisboa e Vale do Tejo;ACES Amadora;38.7573081,-9.23429;20049;6063;107
2019-12;Lisboa e Vale do Tejo;ACES Oeste Norte;39.410844,-9.1396215;29456;11771;199
2019-12;Lisboa e Vale do Tejo;ACES Lisboa Central;38.7306317,-9.1510414;33787;9511;278
2019-12;Lisboa e Vale do Tejo;ACES Oeste Sul;39.0917759,-9.2600341;26070;9644;136
2019-12;Lisboa e Vale do Tejo;ACES Lisboa Ocidental e Oeiras;38.6914388,-9.3184304;29182;10065;356
2019-12;Norte;ACES Grande Porto III - Maia / Valongo;41.2333945,-8.6187474;33655;19037;345
2019-12;Norte;ACES Grande Porto V - Porto Ocidental;41.1741353,-8.6691662;24084;12465;328
2019-12;Norte;ACES Tâmega III - Vale do Sousa Norte;41.2793583,-8.2787457;27961;14755;298
2019-12;Norte;ACES Cávado II - Gerês / Cabreira;41.6298661,-8.3596897;15876;11500;211
2019-12;Norte;ACES Entre Douro e Vouga I - Feira e Arouca;40.9263169,-8.5478813;25457;14405;333
2019-12;Norte;Área dos CSP da ULS Alto Minho;41.7056054,-8.8252713;43610;23011;581
2019-12;Norte;ACES Tâmega II - Vale do Sousa Sul;41.1548155,-8.2163769;31077;16650;289
2019-12;Norte;ACES Tâmega I - Baixo Tâmega;41.2719719,-8.0791631;28410;12783;261
2020-01;Alentejo;Área dos CSP da ULS Alto Alentejo;39.2967086,-7.4284755;26395;13818;278
2020-01;Algarve;ACES Algarve III - Algarve Sotavento;37.383008,-7.7293275;12884;5002;139
2020-01;Centro;ACES Baixo Mondego;40.2150023,-8.4071805;71607;44532;734
2020-01;Centro;ACES Pinhal Interior Norte;40.1151262,-8.2473136;24660;15902;196
2020-01;Lisboa e Vale do Tejo;ACES Loures / Odivelas;38.8012718,-9.1137868;54947;18026;435
2020-01;Norte;ACES Tâmega III - Vale do Sousa Norte;41.2793583,-8.2787457;34739;19533;351
2020-01;Norte;Área dos CSP da ULS Nordeste;41.8069684,-6.7587977;25595;9633;282
2020-01;Norte;ACES Grande Porto VIII - Espinho / Gaia;41.0022421,-8.642018;34481;20978;449
2020-01;Norte;ACES Grande Porto VII - Gaia;41.1278433,-8.580396;27763;16264;401
2020-01;Norte;Área dos CSP da ULS Alto Minho;41.7056054,-8.8252713;55499;30183;809
2020-01;Norte;ACES Alto Ave - Guimarães, Vizela e Terras de Basto;41.4417064,-8.1722408;62388;24807;636
2020-01;Norte;ACES Grande Porto V - Porto Ocidental;41.1741353,-8.6691662;29999;15893;456
2020-02;Centro;Área dos CSP da ULS Guarda;40.5353285,-7.2724426;22164;8915;166
2020-02;Centro;Área dos CSP da ULS Cova da Beira;40.2677741,-7.4995083;13009;6313;45
2020-02;Lisboa e Vale do Tejo;Área dos CSP da ULS Almada / Seixal;38.6678522,-9.1875777;54294;19674;462
2020-02;Lisboa e Vale do Tejo;Área dos CSP da ULS Estuário do Tejo;38.9528113,-8.9911154;37674;9914;191
2020-02;Lisboa e Vale do Tejo;ACES Oeste Sul;39.0917759,-9.2600341;28965;10715;161
2020-02;Lisboa e Vale do Tejo;ACES Médio Tejo;39.478072,-8.5404429;41919;14440;319
2020-02;Norte;ACES Grande Porto II - Gondomar;41.1738444,-8.5612238;31623;19811;414
2020-02;Norte;ACES Tâmega I - Baixo Tâmega;41.2719719,-8.0791631;31655;13388;264
2020-02;Norte;ACES Grande Porto VII - Gaia;41.1278433,-8.580396;25349;13763;310
2020-02;Norte;Área dos CSP da ULS Nordeste;41.8069684,-6.7587977;22354;7527;298
2020-02;Norte;ACES Grande Porto I - Santo Tirso / Trofa;41.3469246,-8.4822648;20032;11576;321
2020-02;Norte;Área dos CSP da ULS Barcelos / Esposende;41.5317419,-8.6178922;31030;13481;311
2020-02;Norte;ACES Tâmega II - Vale do Sousa Sul;41.1548155,-8.2163769;33801;16788;332
2020-03;Alentejo;Área dos CSP da ULS Litoral Alentejano;38.3841359,-8.5132031;10246;10058;90
2020-03;Centro;ACES Pinhal Interior Sul;39.7510898,-7.9203657;3329;5430;9
2020-03;Lisboa e Vale do Tejo;Área dos CSP da ULS Almada / Seixal;38.6678522,-9.1875777;40346;31122;283
2020-03;Lisboa e Vale do Tejo;Área dos CSP da ULS Arrábida;38.5324373,-8.8627453;26724;19426;136
2020-03;Lisboa e Vale do Tejo;ACES Médio Tejo;39.478072,-8.5404429;32271;26345;232
2020-03;Norte;ACES Douro II - Douro Sul;41.0953745,-7.8123805;9153;8355;198
2020-03;Norte;ACES Alto Trás-os-Montes - Alto Tâmega e Barroso;41.741781,-7.4731648;9640;9808;178
2020-03;Norte;ACES Grande Porto II - Gondomar;41.1738444,-8.5612238;21174;30867;210
2020-04;Alentejo;Área dos CSP da ULS Alto Alentejo;39.2967086,-7.4284755;10790;17575;164
2020-04;Centro;ACES Pinhal Interior Sul;39.7510898,-7.9203657;1153;5200;
2020-04;Centro;ACES Pinhal Interior Norte;40.1151262,-8.2473136;5750;21832;49
2020-04;Centro;Área dos CSP da ULS Região de Aveiro;40.6405055,-8.6537539;18335;60769;114
2020-04;Centro;Área dos CSP da ULS Cova da Beira;40.2677741,-7.4995083;2454;13743;32
2020-04;Lisboa e Vale do Tejo;Área dos CSP da ULS Estuário do Tejo;38.9528113,-8.9911154;13498;24834;72
2020-04;Norte;ACES Tâmega II - Vale do Sousa Sul;41.1548155,-8.2163769;10384;30102;34
2020-05;Alentejo;Área dos CSP da ULS Alentejo Central;38.8442031,-7.5826619;11767;28447;104
2020-05;Centro;Área dos CSP da ULS Região de Aveiro;40.6405055,-8.6537539;22913;69207;257
2020-05;Centro;ACES Pinhal Interior Norte;40.1151262,-8.2473136;9365;22451;185
2020-05;Centro;Área dos CSP da ULS Viseu Dão-Lafões;40.6565861,-7.9124712;15021;49139;148
2020-05;Lisboa e Vale do Tejo;ACES Lisboa Central;38.7306317,-9.1510414;14437;26115;68
2020-05;Norte;ACES Douro II - Douro Sul;41.0953745,-7.8123805;5415;14767;444
2020-05;Norte;Área dos CSP da ULS Barcelos / Esposende;41.5317419,-8.6178922;12073;28294;77
2020-05;Norte;ACES Grande Porto II - Gondomar;41.1738444,-8.5612238;6500;33781;88
2020-05;Norte;ACES Entre Douro e Vouga I - Feira e Arouca;40.9263169,-8.5478813;8997;31465;152
2020-05;Norte;ACES Tâmega I - Baixo Tâmega;41.2719719,-8.0791631;9234;32879;49
2020-06;Centro;ACES Pinhal Interior Sul;39.7510898,-7.9203657;2996;4769;14
2020-06;Lisboa e Vale do Tejo;Área dos CSP da ULS Lezíria;39.2371689,-8.6908895;22973;27019;132
2020-06;Lisboa e Vale do Tejo;ACES Sintra;38.7519209,-9.2753636;23085;34265;122
2020-06;Lisboa e Vale do Tejo;ACES Lisboa Central;38.7306317,-9.1510414;18511;31120;84
2020-06;Lisboa e Vale do Tejo;ACES Loures / Odivelas;38.8012718,-9.1137868;21602;46346;107
2020-06;Lisboa e Vale do Tejo;ACES Cascais;38.69904,-9.3818008;10918;30738;50
2020-06;Norte;ACES Douro II - Douro Sul;41.0953745,-7.8123805;6240;13030;512
2020-06;Norte;ACES Entre Douro e Vouga I - Feira e Arouca;40.9263169,-8.5478813;9453;35258;177
2020-06;Norte;ACES Grande Porto III - Maia / Valongo;41.2333945,-8.6187474;16490;42029;184
2020-06;Região não Especificada;Desconhecido | Nacional;;767;;
2020-06;Região não Especificada;Desconhecido | Nacional;;45;;
2020-07;Alentejo;Área dos CSP da ULS Alentejo Central;38.8442031,-7.5826619;18708;32485;153
2020-07;Alentejo;Área dos CSP da ULS Baixo Alentejo;38.0153039,-7.8627308;15447;19449;166
2020-07;Alentejo;Área dos CSP da ULS Alto Alentejo;39.2967086,-7.4284755;18990;15103;168
2020-07;Lisboa e Vale do Tejo;ACES Loures / Odivelas;38.8012718,-9.1137868;24031;48930;151
2020-07;Lisboa e Vale do Tejo;Área dos CSP da ULS Lezíria;39.2371689,-8.6908895;27156;26685;148
2020-07;Lisboa e Vale do Tejo;Área dos CSP da ULS Almada / Seixal;38.6678522,-9.1875777;29783;47510;192
2020-07;Norte;ACES Tâmega II - Vale do Sousa Sul;41.1548155,-8.2163769;16104;39386;263
2020-07;Norte;ACES Alto Trás-os-Montes - Alto Tâmega e Barroso;41.741781,-7.4731648;7865;15194;89
2020-07;Norte;ACES Douro I - Marão e Douro Norte;41.2968711,-7.7483727;11628;19798;171
2020-07;Região não Especificada;Desconhecido | Nacional;;106;1;
2020-08;Alentejo;Área dos CSP da ULS Baixo Alentejo;38.0153039,-7.8627308;15384;16816;119
2020-08;Algarve;ACES Algarve I - Algarve Central;37.0274264,-7.9395984;26741;22923;182
2020-08;Algarve;ACES Algarve II - Algarve Barlavento;37.1387554,-8.5445093;20753;12183;150
2020-08;Centro;Área dos CSP da ULS Viseu Dão-Lafões;40.6565861,-7.9124712;23147;48686;265
2020-08;Lisboa e Vale do Tejo;ACES Lisboa Ocidental e Oeiras;38.6914388,-9.3184304;13964;32904;214
2020-08;Lisboa e Vale do Tejo;Área dos CSP da ULS Almada / Seixal;38.6678522,-9.1875777;27640;40607;202
2020-08;Lisboa e Vale do Tejo;ACES Sintra;38.7519209,-9.2753636;23527;32557;111
2020-08;Norte;ACES Grande Porto II - Gondomar;41.1738444,-8.5612238;11179;41295;132
2020-08;Norte;ACES Grande Porto III - Maia / Valongo;41.2333945,-8.6187474;17572;41395;161
2020-08;Norte;Área dos CSP da ULS Nordeste;41.8069684,-6.7587977;12111;15559;73
2020-08;Norte;ACES Entre Douro e Vouga II - Aveiro Norte;40.8472225,-8.4656674;9247;21862;178
2020-08;Norte;ACES Tâmega II - Vale do Sousa Sul;41.1548155,-8.2163769;15411;37497;217
2020-08;Região não Especificada;Desconhecido | Nacional;;96;;
2020-09;Centro;ACES Pinhal Interior Sul;39.7510898,-7.9203657;3397;5316;3
2020-09;Centro;ACES Beira Interior Sul;39.8211367,-7.5036651;9681;9113;28
2020-09;Lisboa e Vale do Tejo;ACES Lisboa Central;38.7306317,-9.1510414;20563;37520;101
2020-09;Norte;ACES Tâmega III - Vale do Sousa Norte;41.2793583,-8.2787457;16152;43373;145
2020-09;Norte;ACES Tâmega I - Baixo Tâmega;41.2719719,-8.0791631;14215;35972;237
2020-09;Norte;ACES Grande Porto V - Porto Ocidental;41.1741353,-8.6691662;19176;38573;199
2020-09;Norte;ACES Cávado II - Gerês / Cabreira;41.6298661,-8.3596897;9773;29914;117
2020-09;Norte;ACES Grande Porto VIII - Espinho / Gaia;41.0022421,-8.642018;20768;38268;249
2020-09;Região não Especificada;Desconhecido | Nacional;;62;;
2020-10;Alentejo;Área dos CSP da ULS Litoral Alentejano;38.3841359,-8.5132031;12128;11559;83
2020-10;Lisboa e Vale do Tejo;Área dos CSP da ULS Arrábida;38.5324373,-8.8627453;32216;28162;138
2020-10;Lisboa e Vale do Tejo;ACES Médio Tejo;39.478072,-8.5404429;31178;37903;181
2020-10;Lisboa e Vale do Tejo;ACES Cascais;38.69904,-9.3818008;16609;36494;83
2020-10;Norte;ACES Alto Trás-os-Montes - Alto Tâmega e Barroso;41.741781,-7.4731648;9195;16421;102
2020-10;Norte;Área dos CSP da ULS Nordeste;41.8069684,-6.7587977;14690;21651;150
2020-10;Norte;ACES Douro I - Marão e Douro Norte;41.2968711,-7.7483727;11976;24658;125
2020-10;Norte;Área dos CSP da ULS Póvoa Varzim / Vila Conde;41.355519,-8.746653;14451;41994;312
2020-11;Alentejo;Área dos CSP da ULS Alto Alentejo;39.2967086,-7.4284755;19574;18798;119
2020-11;Algarve;ACES Algarve I - Algarve Central;37.0274264,-7.9395984;34604;33131;248
2020-11;Centro;Área dos CSP da ULS Cova da Beira;40.2677741,-7.4995083;10321;16743;61
2020-11;Centro;ACES Baixo Mondego;40.2150023,-8.4071805;41023;87362;346
2020-11;Centro;Área dos CSP da ULS Região de Aveiro;40.6405055,-8.6537539;43842;85301;481
2020-11;Centro;ACES Beira Interior Sul;39.8211367,-7.5036651;9797;11464;26
2020-11;Lisboa e Vale do Tejo;ACES Médio Tejo;39.478072,-8.5404429;32784;39277;169
2020-11;Lisboa e Vale do Tejo;Área dos CSP da ULS Arco Ribeirinho;38.6672076,-9.0543329;25172;32729;128
2020-11;Lisboa e Vale do Tejo;Área dos CSP da ULS Lezíria;39.2371689,-8.6908895;26653;37826;88
2020-11;Norte;ACES Grande Porto VII - Gaia;41.1278433,-8.580396;15342;38085;199
2020-11;Norte;ACES Ave / Famalicão;41.3835805,-8.4157518;14742;32071;128
2020-11;Norte;ACES Tâmega I - Baixo Tâmega;41.2719719,-8.0791631;18618;43687;145
2020-12;Alentejo;Área dos CSP da ULS Baixo Alentejo;38.0153039,-7.8627308;15408;19677;250
2020-12;Alentejo;Área dos CSP da ULS Alto Alentejo;39.2967086,-7.4284755;18562;19530;135
2020-12;Centro;Área dos CSP da ULS Viseu Dão-Lafões;40.6565861,-7.9124712;29521;52726;272
2020-12;Centro;ACES Baixo Mondego;40.2150023,-8.4071805;31367;77287;300
2020-12;Centro;Área dos CSP da ULS Região de Aveiro;40.6405055,-8.6537539;34990;73617;304
2020-12;Lisboa e Vale do Tejo;Área dos CSP da ULS Arrábida;38.5324373,-8.8627453;26837;23604;128
2020-12;Lisboa e Vale do Tejo;Área dos CSP da ULS Arco Ribeirinho;38.6672076,-9.0543329;19799;31287;81
2020-12;Norte;ACES Entre Douro e Vouga II - Aveiro Norte;40.8472225,-8.4656674;14061;24595;115
2020-12;Norte;Área dos CSP da ULS Nordeste;41.8069684,-6.7587977;10880;24915;149
2020-12;Norte;ACES Entre Douro e Vouga I - Feira e Arouca;40.9263169,-8.5478813;12786;40826;143
2020-12;Norte;ACES Douro I - Marão e Douro Norte;41.2968711,-7.7483727;8743;21349;100
2021-01;Alentejo;Área dos CSP da ULS Alto Alentejo;39.2967086,-7.4284755;16827;26306;187
2021-01;Alentejo;Área dos CSP da ULS Baixo Alentejo;38.0153039,-7.8627308;15692;29391;278
2021-01;Centro;Área dos CSP da ULS Região de Aveiro;40.6405055,-8.6537539;40854;93879;408
2021-01;Lisboa e Vale do Tejo;ACES Lisboa Ocidental e Oeiras;38.6914388,-9.3184304;19058;63524;175
2021-01;Norte;ACES Grande Porto VIII - Espinho / Gaia;41.0022421,-8.642018;21275;39948;251
2021-01;Norte;Área dos CSP da ULS Nordeste;41.8069684,-6.7587977;12357;31133;100
2021-01;Norte;Área dos CSP da ULS Barcelos / Esposende;41.5317419,-8.6178922;19998;40226;126
2021-02;Alentejo;Área dos CSP da ULS Baixo Alentejo;38.0153039,-7.8627308;13829;24389;253
2021-02;Alentejo;Área dos CSP da ULS Litoral Alentejano;38.3841359,-8.5132031;10308;13668;137
2021-02;Centro;ACES Pinhal Interior Sul;39.7510898,-7.9203657;3602;6078;2
2021-02;Centro;Área dos CSP da ULS Guarda;40.5353285,-7.2724426;12914;22713;1026
2021-02;Centro;ACES Pinhal Litoral;39.7495331,-8.807683;21120;53137;196
2021-02;Lisboa e Vale do Tejo;ACES Lisboa Central;38.7306317,-9.1510414;16290;41439;105
2021-02;Lisboa e Vale do Tejo;ACES Sintra;38.7519209,-9.2753636;22487;45176;100
2021-02;Lisboa e Vale do Tejo;Área dos CSP da ULS Almada / Seixal;38.6678522,-9.1875777;27305;56597;243
2021-02;Lisboa e Vale do Tejo;ACES Médio Tejo;39.478072,-8.5404429;23852;37627;109
2021-02;Lisboa e Vale do Tejo;ACES Amadora;38.7573081,-9.23429;13341;19462;36
2021-02;Lisboa e Vale do Tejo;Área dos CSP da ULS Arco Ribeirinho;38.6672076,-9.0543329;19925;37460;114
2021-02;Norte;ACES Cávado II - Gerês / Cabreira;41.6298661,-8.3596897;14308;22286;134
2021-02;Norte;ACES Douro II - Douro Sul;41.0953745,-7.8123805;7992;17840;159
2021-02;Norte;ACES Grande Porto V - Porto Ocidental;41.1741353,-8.6691662;19001;31660;222
2021-02;Norte;ACES Grande Porto VIII - Espinho / Gaia;41.0022421,-8.642018;16454;36850;302
2021-02;Norte;ACES Grande Porto VI - Porto Oriental;41.1694498,-8.6126428;10739;25786;204
2021-03;Alentejo;Área dos CSP da ULS Baixo Alentejo;38.0153039,-7.8627308;19163;20389;134
2021-03;Centro;ACES Baixo Mondego;40.2150023,-8.4071805;42659;83917;402
2021-03;Centro;ACES Pinhal Interior Sul;39.7510898,-7.9203657;4444;5818;2
2021-03;Centro;ACES Pinhal Litoral;39.7495331,-8.807683;29423;52192;297
2021-03;Centro;Área dos CSP da ULS Viseu Dão-Lafões;40.6565861,-7.9124712;34303;54564;362
2021-03;Centro;Área dos CSP da ULS Guarda;40.5353285,-7.2724426;19059;19963;145
2021-03;Lisboa e Vale do Tejo;ACES Lisboa Norte;38.7396924,-9.168506;21192;36621;249
2021-03;Lisboa e Vale do Tejo;ACES Lisboa Central;38.7306317,-9.1510414;19223;42174;104
2021-03;Lisboa e Vale do Tejo;ACES Oeste Norte;39.410844,-9.1396215;27249;25444;108
2021-03;Lisboa e Vale do Tejo;ACES Médio Tejo;39.478072,-8.5404429;30654;37268;149
2021-03;Norte;ACES Grande Porto I - Santo Tirso / Trofa;41.3469246,-8.4822648;14113;24797;339
2021-03;Norte;ACES Alto Trás-os-Montes - Alto Tâmega e Barroso;41.741781,-7.4731648;11242;13516;282
2021-03;Norte;ACES Entre Douro e Vouga I - Feira e Arouca;40.9263169,-8.5478813;17885;38628;403
2021-03;Norte;ACES Douro II - Douro Sul;41.0953745,-7.8123805;10622;12672;252
2021-03;Norte;ACES Grande Porto III - Maia / Valongo;41.2333945,-8.6187474;35204;49807;302
2021-04;Alentejo;Área dos CSP da ULS Alentejo Central;38.8442031,-7.5826619;22926;31652;268
2021-04;Algarve;ACES Algarve III - Algarve Sotavento;37.383008,-7.7293275;12035;6519;207
2021-04;Centro;ACES Pinhal Interior Norte;40.1151262,-8.2473136;20174;22103;106
2021-04;Centro;ACES Pinhal Litoral;39.7495331,-8.807683;29456;46490;211
2021-04;Lisboa e Vale do Tejo;ACES Lisboa Central;38.7306317,-9.1510414;20101;36158;133
2021-04;Norte;ACES Grande Porto III - Maia / Valongo;41.2333945,-8.6187474;29472;46985;449
2021-04;Norte;Área dos CSP da ULS Matosinhos;41.1918541,-8.6590693;24771;33170;671
2021-04;Região não Especificada;Desconhecido | Nacional;;432;231;
2021-05;Alentejo;Área dos CSP da ULS Litoral Alentejano;38.3841359,-8.5132031;14195;8673;87
2021-05;Centro;Área dos CSP da ULS Região de Aveiro;40.6405055,-8.6537539;47198;65765;393
2021-05;Centro;ACES Pinhal Interior Norte;40.1151262,-8.2473136;18579;22203;135
2021-05;Lisboa e Vale do Tejo;ACES Amadora;38.7573081,-9.23429;18455;15430;32
2021-05;Lisboa e Vale do Tejo;ACES Médio Tejo;39.478072,-8.5404429;30980;31971;181
2021-05;Lisboa e Vale do Tejo;ACES Lisboa Ocidental e Oeiras;38.6914388,-9.3184304;23929;33036;266
2021-05;Norte;ACES Grande Porto I - Santo Tirso / Trofa;41.3469246,-8.4822648;14828;22527;386
2021-05;Norte;ACES Grande Porto VIII - Espinho / Gaia;41.0022421,-8.642018;23510;34915;528
2021-05;Norte;ACES Ave / Famalicão;41.3835805,-8.4157518;17355;23041;463
2021-05;Norte;ACES Alto Ave - Guimarães, Vizela e Terras de Basto;41.4417064,-8.1722408;42110;50851;478
2021-06;Alentejo;Área dos CSP da ULS Alentejo Central;38.8442031,-7.5826619;23071;30981;197
2021-06;Algarve;ACES Algarve III - Algarve Sotavento;37.383008,-7.7293275;9910;6304;180
2021-06;Centro;Área dos CSP da ULS Viseu Dão-Lafões;40.6565861,-7.9124712;32987;46068;540
2021-06;Lisboa e Vale do Tejo;Área dos CSP da ULS Estuário do Tejo;38.9528113,-8.9911154;29944;22318;62
2021-06;Norte;Área dos CSP da ULS Póvoa Varzim / Vila Conde;41.355519,-8.746653;13736;30904;336
2021-06;Norte;ACES Grande Porto II - Gondomar;41.1738444,-8.5612238;15871;43871;305
2021-07;Alentejo;Área dos CSP da ULS Alentejo Central;38.8442031,-7.5826619;23474;34714;194
2021-07;Algarve;ACES Algarve II - Algarve Barlavento;37.1387554,-8.5445093;23934;14270;107
2021-07;Centro;Área dos CSP da ULS Cova da Beira;40.2677741,-7.4995083;9557;11808;47
2021-07;Centro;ACES Baixo Mondego;40.2150023,-8.4071805;45963;74278;481
2021-07;Lisboa e Vale do Tejo;ACES Amadora;38.7573081,-9.23429;21183;16490;16
2021-07;Lisboa e Vale do Tejo;ACES Cascais;38.69904,-9.3818008;16577;29974;88
2021-07;Lisboa e Vale do Tejo;Área dos CSP da ULS Lezíria;39.2371689,-8.6908895;31022;27423;145
2021-07;Norte;ACES Grande Porto V - Porto Ocidental;41.1741353,-8.6691662;28406;30663;295
2021-07;Norte;Área dos CSP da ULS Nordeste;41.8069684,-6.7587977;16200;17000;151
2021-07;Norte;ACES Entre Douro e Vouga I - Feira e Arouca;40.9263169,-8.5478813;19227;37541;265
2021-07;Norte;ACES Grande Porto VII - Gaia;41.1278433,-8.580396;16983;31811;311
2021-07;Norte;ACES Cávado I - Braga;41.5518714,-8.4126362;24693;32816;308
2021-07;Norte;Área dos CSP da ULS Barcelos / Esposende;41.5317419,-8.6178922;19768;29774;243
2021-07;Região não Especificada;Desconhecido | Nacional;;108;17;
2021-08;Alentejo;Área dos CSP da ULS Baixo Alentejo;38.0153039,-7.8627308;15805;19513;218
2021-08;Centro;ACES Baixo Mondego;40.2150023,-8.4071805;39910;66654;289
2021-08;Centro;ACES Pinhal Interior Sul;39.7510898,-7.9203657;3757;4883;5
2021-08;Centro;Área dos CSP da ULS Viseu Dão-Lafões;40.6565861,-7.9124712;33785;45695;340
2021-08;Centro;Área dos CSP da ULS Cova da Beira;40.2677741,-7.4995083;9124;12539;25
2021-08;Centro;Área dos CSP da ULS Região de Aveiro;40.6405055,-8.6537539;42916;57183;278
2021-08;Lisboa e Vale do Tejo;Área dos CSP da ULS Almada / Seixal;38.6678522,-9.1875777;35240;38620;329
2021-08;Norte;ACES Grande Porto VIII - Espinho / Gaia;41.0022421,-8.642018;20354;31229;266
2021-08;Norte;ACES Alto Trás-os-Montes - Alto Tâmega e Barroso;41.741781,-7.4731648;10024;11023;88
2021-08;Norte;Área dos CSP da ULS Alto Minho;41.7056054,-8.8252713;29235;57720;411
2021-08;Norte;ACES Grande Porto V - Porto Ocidental;41.1741353,-8.6691662;22074;25863;184
2021-08;Região não Especificada;Desconhecido | Nacional;;180;49;
2021-09;Centro;ACES Baixo Mondego;40.2150023,-8.4071805;47588;70526;338
2021-09;Centro;Área dos CSP da ULS Região de Aveiro;40.6405055,-8.6537539;51372;59817;421
2021-09;Lisboa e Vale do Tejo;ACES Oeste Sul;39.0917759,-9.2600341;19210;23469;69
2021-09;Lisboa e Vale do Tejo;ACES Sintra;38.7519209,-9.2753636;37076;32435;161
2021-09;Lisboa e Vale do Tejo;ACES Lisboa Norte;38.7396924,-9.168506;26624;25129;229
2021-09;Lisboa e Vale do Tejo;ACES Lisboa Ocidental e Oeiras;38.6914388,-9.3184304;21870;27861;238
2021-09;Norte;ACES Tâmega I - Baixo Tâmega;41.2719719,-8.0791631;23900;28356;242
2021-09;Norte;ACES Grande Porto II - Gondomar;41.1738444,-8.5612238;18643;44422;227
2021-09;Norte;ACES Ave / Famalicão;41.3835805,-8.4157518;18815;21520;314
2021-09;Norte;ACES Grande Porto VII - Gaia;41.1278433,-8.580396;18388;29678;326
2021-09;Norte;ACES Douro I - Marão e Douro Norte;41.2968711,-7.7483727;13472;16718;123
2021-09;Norte;Área dos CSP da ULS Póvoa Varzim / Vila Conde;41.355519,-8.746653;16930;32033;269
2021-10;Algarve;ACES Algarve III - Algarve Sotavento;37.383008,-7.7293275;9509;6842;103
2021-10;Algarve;ACES Algarve II - Algarve Barlavento;37.1387554,-8.5445093;23873;12645;117
2021-10;Centro;ACES Pinhal Litoral;39.7495331,-8.807683;33600;41741;275
2021-10;Centro;Área dos CSP da ULS Região de Aveiro;40.6405055,-8.6537539;53697;58165;455
2021-10;Centro;ACES Pinhal Interior Sul;39.7510898,-7.9203657;4446;4724;3
2021-10;Centro;Área dos CSP da ULS Guarda;40.5353285,-7.2724426;20077;14740;248
2021-10;Lisboa e Vale do Tejo;ACES Amadora;38.7573081,-9.23429;19173;13831;61
2021-10;Lisboa e Vale do Tejo;Área dos CSP da ULS Lezíria;39.2371689,-8.6908895;32442;27346;207
2021-10;Lisboa e Vale do Tejo;Área dos CSP da ULS Arco Ribeirinho;38.6672076,-9.0543329;27562;20915;154
2021-10;Lisboa e Vale do Tejo;Área dos CSP da ULS Arrábida;38.5324373,-8.8627453;33025;22524;252
2021-10;Norte;ACES Alto Ave - Guimarães, Vizela e Terras de Basto;41.4417064,-8.1722408;41673;45345;477
2021-10;Norte;ACES Cávado II - Gerês / Cabreira;41.6298661,-8.3596897;15831;20431;196
2021-10;Norte;ACES Douro I - Marão e Douro Norte;41.2968711,-7.7483727;13512;16934;234
2021-10;Norte;ACES Grande Porto VI - Porto Oriental;41.1694498,-8.6126428;14500;21356;202
2021-10;Norte;ACES Grande Porto V - Porto Ocidental;41.1741353,-8.6691662;26220;28367;358
2021-10;Norte;Área dos CSP da ULS Matosinhos;41.1918541,-8.6590693;23771;34208;309
2021-10;Região não Especificada;Desconhecido | Nacional;;542;412;
2021-11;Alentejo;Área dos CSP da ULS Alentejo Central;38.8442031,-7.5826619;28314;33966;296
2021-11;Alentejo;Área dos CSP da ULS Litoral Alentejano;38.3841359,-8.5132031;14789;10061;125
2021-11;Algarve;ACES Algarve I - Algarve Central;37.0274264,-7.9395984;36969;28734;357
2021-11;Centro;ACES Pinhal Interior Norte;40.1151262,-8.2473136;21216;23941;120
2021-11;Centro;Área dos CSP da ULS Região de Aveiro;40.6405055,-8.6537539;58740;67753;657
2021-11;Lisboa e Vale do Tejo;ACES Loures / Odivelas;38.8012718,-9.1137868;37967;40117;272
2021-11;Lisboa e Vale do Tejo;Área dos CSP da ULS Arco Ribeirinho;38.6672076,-9.0543329;29147;24117;127
2021-11;Lisboa e Vale do Tejo;Área dos CSP da ULS Estuário do Tejo;38.9528113,-8.9911154;36805;21912;91
2021-11;Lisboa e Vale do Tejo;ACES Oeste Norte;39.410844,-9.1396215;35624;24299;142
2021-11;Norte;ACES Grande Porto II - Gondomar;41.1738444,-8.5612238;22727;44343;711
2021-11;Norte;ACES Douro I - Marão e Douro Norte;41.2968711,-7.7483727;15939;18327;278
2021-11;Norte;ACES Alto Trás-os-Montes - Alto Tâmega e Barroso;41.741781,-7.4731648;13326;12450;202
2021-11;Norte;ACES Cávado I - Braga;41.5518714,-8.4126362;30046;35213;993
2021-11;Norte;ACES Entre Douro e Vouga II - Aveiro Norte;40.8472225,-8.4656674;20019;21603;514
2021-11;Norte;ACES Douro II - Douro Sul;41.0953745,-7.8123805;12855;13260;388
2021-11;Norte;ACES Grande Porto III - Maia / Valongo;41.2333945,-8.6187474;34330;43949;689
2021-12;Alentejo;Área dos CSP da ULS Alentejo Central;38.8442031,-7.5826619;23221;38599;187
2021-12;Algarve;ACES Algarve III - Algarve Sotavento;37.383008,-7.7293275;8768;6982;82
2021-12;Algarve;ACES Algarve I - Algarve Central;37.0274264,-7.9395984;30517;31952;319
2021-12;Centro;ACES Pinhal Interior Sul;39.7510898,-7.9203657;4143;5536;1
2021-12;Lisboa e Vale do Tejo;ACES Loures / Odivelas;38.8012718,-9.1137868;29260;41010;253
2021-12;Lisboa e Vale do Tejo;ACES Lisboa Ocidental e Oeiras;38.6914388,-9.3184304;18129;41624;203
2021-12;Lisboa e Vale do Tejo;Área dos CSP da ULS Arco Ribeirinho;38.6672076,-9.0543329;23885;26860;104
2021-12;Norte;ACES Alto Ave - Guimarães, Vizela e Terras de Basto;41.4417064,-8.1722408;36538;43553;376
2021-12;Norte;ACES Tâmega II - Vale do Sousa Sul;41.1548155,-8.2163769;24530;31620;321
2021-12;Norte;ACES Douro I - Marão e Douro Norte;41.2968711,-7.7483727;13330;17047;82
2021-12;Norte;ACES Ave / Famalicão;41.3835805,-8.4157518;18709;19887;299
2021-12;Norte;ACES Tâmega III - Vale do Sousa Norte;41.2793583,-8.2787457;19404;34468;199
2021-12;Norte;ACES Grande Porto VIII - Espinho / Gaia;41.0022421,-8.642018;19367;32628;329
2021-12;Norte;Área dos CSP da ULS Alto Minho;41.7056054,-8.8252713;30220;61073;488
2021-12;Região não Especificada;Desconhecido | Nacional;;140;9;
2022-01;Alentejo;Área dos CSP da ULS Baixo Alentejo;38.0153039,-7.8627308;19713;26812;87
2022-01;Algarve;ACES Algarve II - Algarve Barlavento;37.1387554,-8.5445093;23376;16336;146
2022-01;Centro;Área dos CSP da ULS Região de Aveiro;40.6405055,-8.6537539;52605;73515;510
2022-01;Centro;ACES Pinhal Interior Norte;40.1151262,-8.2473136;19699;25196;89
2022-01;Lisboa e Vale do Tejo;ACES Amadora;38.7573081,-9.23429;21178;16760;60
2022-01;Lisboa e Vale do Tejo;ACES Lisboa Ocidental e Oeiras;38.6914388,-9.3184304;19553;46705;309
2022-01;Lisboa e Vale do Tejo;ACES Loures / Odivelas;38.8012718,-9.1137868;31240;58164;176
2022-01;Lisboa e Vale do Tejo;ACES Oeste Norte;39.410844,-9.1396215;27990;28024;97
2022-01;Lisboa e Vale do Tejo;Área dos CSP da ULS Almada / Seixal;38.6678522,-9.1875777;41573;53499;290
2022-01;Norte;ACES Grande Porto II - Gondomar;41.1738444,-8.5612238;18580;48473;237
2022-01;Norte;ACES Cávado I - Braga;41.5518714,-8.4126362;26807;45073;401
2022-01;Região não Especificada;Desconhecido | Nacional;;485;271;
2022-02;Alentejo;Área dos CSP da ULS Alto Alentejo;39.2967086,-7.4284755;19510;14740;131
2022-02;Alentejo;Área dos CSP da ULS Litoral Alentejano;38.3841359,-8.5132031;13189;7801;77
2022-02;Algarve;ACES Algarve III - Algarve Sotavento;37.383008,-7.7293275;9532;5955;75
2022-02;Centro;ACES Pinhal Litoral;39.7495331,-8.807683;32063;36584;363
2022-02;Centro;ACES Pinhal Interior Norte;40.1151262,-8.2473136;18520;19223;127
2022-02;Centro;ACES Beira Interior Sul;39.8211367,-7.5036651;9917;7529;37
2022-02;Lisboa e Vale do Tejo;Área dos CSP da ULS Arco Ribeirinho;38.6672076,-9.0543329;25528;18990;136
2022-02;Lisboa e Vale do Tejo;Área dos CSP da ULS Almada / Seixal;38.6678522,-9.1875777;44759;36110;338
2022-02;Lisboa e Vale do Tejo;ACES Loures / Odivelas;38.8012718,-9.1137868;35417;32623;220
2022-02;Lisboa e Vale do Tejo;Área dos CSP da ULS Arrábida;38.5324373,-8.8627453;32437;20703;204
2022-02;Lisboa e Vale do Tejo;ACES Lisboa Central;38.7306317,-9.1510414;27262;23955;268
2022-02;Norte;ACES Tâmega II - Vale do Sousa Sul;41.1548155,-8.2163769;27805;27433;368
2022-02;Norte;ACES Grande Porto VII - Gaia;41.1278433,-8.580396;20058;25605;421
2022-02;Norte;ACES Grande Porto VIII - Espinho / Gaia;41.0022421,-8.642018;24091;29100;380
2022-02;Norte;ACES Entre Douro e Vouga II - Aveiro Norte;40.8472225,-8.4656674;18169;17029;206
2022-02;Norte;Área dos CSP da ULS Póvoa Varzim / Vila Conde;41.355519,-8.746653;20611;26406;278
2022-03;Alentejo;Área dos CSP da ULS Litoral Alentejano;38.3841359,-8.5132031;15647;8773;106
2022-03;Alentejo;Área dos CSP da ULS Alentejo Central;38.8442031,-7.5826619;31081;29874;272
2022-03;Algarve;ACES Algarve III - Algarve Sotavento;37.383008,-7.7293275;11572;6825;92
2022-03;Centro;Área dos CSP da ULS Viseu Dão-Lafões;40.6565861,-7.9124712;47566;39091;508
2022-03;Centro;ACES Pinhal Interior Sul;39.7510898,-7.9203657;4798;4525;1
2022-03;Centro;ACES Pinhal Interior Norte;40.1151262,-8.2473136;21494;20283;153
2022-03;Centro;ACES Baixo Mondego;40.2150023,-8.4071805;58639;66176;431
2022-03;Lisboa e Vale do Tejo;ACES Oeste Norte;39.410844,-9.1396215;32895;22806;143
2022-03;Lisboa e Vale do Tejo;ACES Cascais;38.69904,-9.3818008;26801;25634;261
2022-03;Lisboa e Vale do Tejo;ACES Lisboa Norte;38.7396924,-9.168506;32807;21970;287
2022-03;Norte;Área dos CSP da ULS Nordeste;41.8069684,-6.7587977;19577;15086;226
2022-03;Norte;ACES Douro I - Marão e Douro Norte;41.2968711,-7.7483727;17315;17344;231
2022-03;Norte;ACES Tâmega I - Baixo Tâmega;41.2719719,-8.0791631;31759;23644;288
2022-03;Região não Especificada;Desconhecido | Nacional;;269;32;
2022-04;Algarve;ACES Algarve II - Algarve Barlavento;37.1387554,-8.5445093;23479;10669;96
2022-04;Centro;Área dos CSP da ULS Guarda;40.5353285,-7.2724426;18633;12095;90
2022-04;Centro;ACES Baixo Mondego;40.2150023,-8.4071805;50376;58360;441
2022-04;Lisboa e Vale do Tejo;ACES Médio Tejo;39.478072,-8.5404429;28677;24280;152
2022-04;Norte;ACES Grande Porto II - Gondomar;41.1738444,-8.5612238;24609;32782;275
2022-04;Norte;ACES Cávado II - Gerês / Cabreira;41.6298661,-8.3596897;15670;16178;310
2022-04;Norte;Área dos CSP da ULS Matosinhos;41.1918541,-8.6590693;22888;25768;337
2022-04;Norte;ACES Grande Porto VI - Porto Oriental;41.1694498,-8.6126428;16103;16921;282
2022-04;Região não Especificada;Desconhecido | Nacional;;576;363;
2022-05;Alentejo;Área dos CSP da ULS Litoral Alentejano;38.3841359,-8.5132031;15296;9474;112
2022-05;Algarve;ACES Algarve I - Algarve Central;37.0274264,-7.9395984;39228;23247;342
2022-05;Centro;Área dos CSP da ULS Região de Aveiro;40.6405055,-8.6537539;62045;57796;645
2022-05;Centro;ACES Baixo Mondego;40.2150023,-8.4071805;60054;72012;598
2022-05;Lisboa e Vale do Tejo;ACES Lisboa Norte;38.7396924,-9.168506;33702;23656;272
2022-05;Lisboa e Vale do Tejo;ACES Cascais;38.69904,-9.3818008;26818;25532;257
2022-05;Lisboa e Vale do Tejo;ACES Lisboa Ocidental e Oeiras;38.6914388,-9.3184304;26283;25897;324
2022-05;Lisboa e Vale do Tejo;ACES Oeste Norte;39.410844,-9.1396215;31896;23420;154
2022-05;Lisboa e Vale do Tejo;Área dos CSP da ULS Arrábida;38.5324373,-8.8627453;36355;24530;224
2022-05;Lisboa e Vale do Tejo;ACES Médio Tejo;39.478072,-8.5404429;33088;29513;221
2022-05;Norte;ACES Cávado I - Braga;41.5518714,-8.4126362;35905;31204;559
2022-05;Norte;Área dos CSP da ULS Póvoa Varzim / Vila Conde;41.355519,-8.746653;25238;28072;393
2022-05;Norte;ACES Tâmega I - Baixo Tâmega;41.2719719,-8.0791631;29923;23811;313
2022-05;Norte;Área dos CSP da ULS Nordeste;41.8069684,-6.7587977;18668;15005;234
2022-05;Norte;ACES Tâmega III - Vale do Sousa Norte;41.2793583,-8.2787457;30538;30529;429
2022-05;Região não Especificada;Desconhecido | Nacional;;374;9;
2022-06;Alentejo;Área dos CSP da ULS Alentejo Central;38.8442031,-7.5826619;27212;25772;258
2022-06;Centro;ACES Pinhal Interior Norte;40.1151262,-8.2473136;18092;19335;144
2022-06;Centro;Área dos CSP da ULS Região de Aveiro;40.6405055,-8.6537539;53606;50786;480
2022-06;Lisboa e Vale do Tejo;ACES Lisboa Norte;38.7396924,-9.168506;27891;20100;242
2022-06;Lisboa e Vale do Tejo;Área dos CSP da ULS Estuário do Tejo;38.9528113,-8.9911154;29360;18989;124
2022-06;Norte;ACES Grande Porto VI - Porto Oriental;41.1694498,-8.6126428;15320;17932;286
2022-06;Norte;ACES Douro I - Marão e Douro Norte;41.2968711,-7.7483727;14540;15334;223
2022-06;Norte;ACES Grande Porto I - Santo Tirso / Trofa;41.3469246,-8.4822648;15987;17411;397
2022-06;Norte;ACES Grande Porto VIII - Espinho / Gaia;41.0022421,-8.642018;24733;28425;359
2022-06;Norte;ACES Ave / Famalicão;41.3835805,-8.4157518;17037;18842;439
2022-06;Norte;ACES Grande Porto II - Gondomar;41.1738444,-8.5612238;24193;33944;318
2022-06;Região não Especificada;Desconhecido | Nacional;;593;294;
2022-07;Centro;ACES Baixo Mondego;40.2150023,-8.4071805;50584;59114;440
2022-07;Lisboa e Vale do Tejo;ACES Loures / Odivelas;38.8012718,-9.1137868;36144;28200;285
2022-07;Lisboa e Vale do Tejo;ACES Cascais;38.69904,-9.3818008;21394;20005;184
2022-07;Norte;ACES Grande Porto VIII - Espinho / Gaia;41.0022421,-8.642018;25466;27953;342
2022-07;Norte;ACES Tâmega II - Vale do Sousa Sul;41.1548155,-8.2163769;29130;26272;340
2022-07;Norte;Área dos CSP da ULS Póvoa Varzim / Vila Conde;41.355519,-8.746653;21745;24120;329
2022-07;Norte;ACES Alto Ave - Guimarães, Vizela e Terras de Basto;41.4417064,-8.1722408;44254;35399;498
2022-08;Alentejo;Área dos CSP da ULS Baixo Alentejo;38.0153039,-7.8627308;17682;14843;105
2022-08;Algarve;ACES Algarve III - Algarve Sotavento;37.383008,-7.7293275;9852;6294;81
2022-08;Centro;ACES Pinhal Interior Sul;39.7510898,-7.9203657;4234;4431;10
2022-08;Centro;ACES Baixo Mondego;40.2150023,-8.4071805;46525;60113;359
2022-08;Centro;ACES Pinhal Interior Norte;40.1151262,-8.2473136;17795;18881;105
2022-08;Centro;Área dos CSP da ULS Guarda;40.5353285,-7.2724426;18030;13465;120
2022-08;Lisboa e Vale do Tejo;ACES Médio Tejo;39.478072,-8.5404429;29681;24016;201
2022-08;Lisboa e Vale do Tejo;Área dos CSP da ULS Arco Ribeirinho;38.6672076,-9.0543329;25855;17928;150
2022-08;Lisboa e Vale do Tejo;Área dos CSP da ULS Lezíria;39.2371689,-8.6908895;29030;22330;237
2022-08;Lisboa e Vale do Tejo;ACES Lisboa Ocidental e Oeiras;38.6914388,-9.3184304;23444;20391;339
2022-08;Norte;ACES Entre Douro e Vouga II - Aveiro Norte;40.8472225,-8.4656674;18641;15125;183
2022-08;Norte;ACES Cávado I - Braga;41.5518714,-8.4126362;27672;24450;354
2022-08;Norte;ACES Grande Porto II - Gondomar;41.1738444,-8.5612238;23076;34279;242
2022-08;Norte;ACES Grande Porto III - Maia / Valongo;41.2333945,-8.6187474;31051;33912;295
2022-09;Algarve;ACES Algarve II - Algarve Barlavento;37.1387554,-8.5445093;23776;12264;117
2022-09;Centro;Área dos CSP da ULS Região de Aveiro;40.6405055,-8.6537539;58254;53084;529
2022-09;Lisboa e Vale do Tejo;ACES Amadora;38.7573081,-9.23429;21626;11952;71
2022-09;Lisboa e Vale do Tejo;ACES Cascais;38.69904,-9.3818008;23495;23532;215
2022-09;Lisboa e Vale do Tejo;Área dos CSP da ULS Estuário do Tejo;38.9528113,-8.9911154;26997;17944;122
2022-09;Lisboa e Vale do Tejo;ACES Médio Tejo;39.478072,-8.5404429;34555;26704;247
2022-09;Norte;Área dos CSP da ULS Matosinhos;41.1918541,-8.6590693;27069;31207;299
2022-09;Norte;ACES Grande Porto VII - Gaia;41.1278433,-8.580396;24096;26236;387
2022-09;Norte;Área dos CSP da ULS Póvoa Varzim / Vila Conde;41.355519,-8.746653;23939;27515;285
2022-09;Norte;ACES Cávado II - Gerês / Cabreira;41.6298661,-8.3596897;17069;20028;299
2022-10;Centro;Área dos CSP da ULS Viseu Dão-Lafões;40.6565861,-7.9124712;44238;36238;579
2022-10;Lisboa e Vale do Tejo;Área dos CSP da ULS Almada / Seixal;38.6678522,-9.1875777;49775;37963;289
2022-10;Lisboa e Vale do Tejo;Área dos CSP da ULS Arrábida;38.5324373,-8.8627453;34274;21652;208
2022-10;Norte;ACES Tâmega I - Baixo Tâmega;41.2719719,-8.0791631;26023;23105;350
2022-10;Norte;ACES Grande Porto I - Santo Tirso / Trofa;41.3469246,-8.4822648;17513;18892;380
2022-10;Norte;ACES Grande Porto V - Porto Ocidental;41.1741353,-8.6691662;28493;26774;459
2022-10;Norte;Área dos CSP da ULS Nordeste;41.8069684,-6.7587977;18425;14079;255
2022-11;Alentejo;Área dos CSP da ULS Litoral Alentejano;38.3841359,-8.5132031;15627;9432;94
2022-11;Lisboa e Vale do Tejo;ACES Oeste Sul;39.0917759,-9.2600341;27219;19374;126
2022-11;Lisboa e Vale do Tejo;ACES Lisboa Ocidental e Oeiras;38.6914388,-9.3184304;29907;23542;340
2022-11;Norte;ACES Tâmega I - Baixo Tâmega;41.2719719,-8.0791631;28408;23513;254
2022-11;Norte;ACES Douro II - Douro Sul;41.0953745,-7.8123805;13841;9384;262
2022-11;Norte;ACES Grande Porto VI - Porto Oriental;41.1694498,-8.6126428;19336;20975;314
2022-11;Norte;ACES Grande Porto VIII - Espinho / Gaia;41.0022421,-8.642018;28631;31682;382
2022-11;Norte;ACES Cávado I - Braga;41.5518714,-8.4126362;35582;29612;489
2022-12;Alentejo;Área dos CSP da ULS Alentejo Central;38.8442031,-7.5826619;28651;22788;194
2022-12;Alentejo;Área dos CSP da ULS Baixo Alentejo;38.0153039,-7.8627308;17716;13770;111
2022-12;Algarve;ACES Algarve III - Algarve Sotavento;37.383008,-7.7293275;9025;5751;104
2022-12;Centro;ACES Pinhal Interior Norte;40.1151262,-8.2473136;17693;17540;125
2022-12;Centro;ACES Beira Interior Sul;39.8211367,-7.5036651;9632;6649;33
2022-12;Lisboa e Vale do Tejo;Área dos CSP da ULS Lezíria;39.2371689,-8.6908895;29936;20288;166
2022-12;Lisboa e Vale do Tejo;ACES Oeste Sul;39.0917759,-9.2600341;24934;16549;112
2022-12;Lisboa e Vale do Tejo;Área dos CSP da ULS Estuário do Tejo;38.9528113,-8.9911154;21456;15955;106
2022-12;Lisboa e Vale do Tejo;ACES Sintra;38.7519209,-9.2753636;34887;25208;121
2022-12;Norte;ACES Alto Trás-os-Montes - Alto Tâmega e Barroso;41.741781,-7.4731648;13243;9178;82
2022-12;Norte;ACES Douro II - Douro Sul;41.0953745,-7.8123805;11201;7779;198
2022-12;Norte;ACES Cávado II - Gerês / Cabreira;41.6298661,-8.3596897;14933;15935;239
2022-12;Norte;Área dos CSP da ULS Barcelos / Esposende;41.5317419,-8.6178922;20831;23057;295
2022-12;Norte;ACES Tâmega II - Vale do Sousa Sul;41.1548155,-8.2163769;28454;25356;330
2022-12;Norte;ACES Ave / Famalicão;41.3835805,-8.4157518;15782;16681;188
2022-12;Norte;ACES Cávado I - Braga;41.5518714,-8.4126362;26732;23244;414
2022-12;Norte;ACES Grande Porto VII - Gaia;41.1278433,-8.580396;20884;22941;347
2023-01;Centro;ACES Pinhal Litoral;39.7495331,-8.807683;41554;39634;283
2023-01;Lisboa e Vale do Tejo;Área dos CSP da ULS Almada / Seixal;38.6678522,-9.1875777;56401;40951;409
2023-01;Lisboa e Vale do Tejo;Área dos CSP da ULS Arrábida;38.5324373,-8.8627453;41840;21426;323
2023-01;Lisboa e Vale do Tejo;ACES Lisboa Central;38.7306317,-9.1510414;34650;25067;303
2023-01;Lisboa e Vale do Tejo;ACES Oeste Sul;39.0917759,-9.2600341;30659;20805;156
2023-01;Norte;ACES Cávado II - Gerês / Cabreira;41.6298661,-8.3596897;19501;20684;276
2023-01;Norte;ACES Tâmega III - Vale do Sousa Norte;41.2793583,-8.2787457;30926;30304;378
2023-01;Norte;ACES Grande Porto VI - Porto Oriental;41.1694498,-8.6126428;20060;21035;342
2023-01;Norte;Área dos CSP da ULS Alto Minho;41.7056054,-8.8252713;49366;47430;676
2023-01;Norte;ACES Grande Porto III - Maia / Valongo;41.2333945,-8.6187474;38217;38313;383
2023-02;Alentejo;Área dos CSP da ULS Alto Alentejo;39.2967086,-7.4284755;22817;13844;108
2023-02;Centro;Área dos CSP da ULS Viseu Dão-Lafões;40.6565861,-7.9124712;44009;30663;438
2023-02;Centro;Área dos CSP da ULS Região de Aveiro;40.6405055,-8.6537539;55442;47222;596
2023-02;Norte;ACES Entre Douro e Vouga I - Feira e Arouca;40.9263169,-8.5478813;23587;23957;314
2023-02;Norte;ACES Douro II - Douro Sul;41.0953745,-7.8123805;12423;7538;294
2023-02;Norte;ACES Cávado II - Gerês / Cabreira;41.6298661,-8.3596897;16515;17343;252
2023-02;Norte;Área dos CSP da ULS Póvoa Varzim / Vila Conde;41.355519,-8.746653;22883;23650;329
2023-02;Norte;ACES Grande Porto V - Porto Ocidental;41.1741353,-8.6691662;27405;23998;401
2023-02;Norte;ACES Alto Ave - Guimarães, Vizela e Terras de Basto;41.4417064,-8.1722408;45558;36254;578
2023-02;Norte;ACES Tâmega III - Vale do Sousa Norte;41.2793583,-8.2787457;26385;25469;366
2023-03;Algarve;ACES Algarve I - Algarve Central;37.02745056,-7.937649;39890;24351;360
2023-03;Algarve;ACES Algarve II - Algarve Barlavento;37.13765,-8.544009;27557;13569;143
2023-03;Centro;Área dos CSP da ULS Guarda;40.5314,-7.27322;24482;16412;213
2023-03;Lisboa e Vale do Tejo;Área dos CSP da ULS Lezíria;39.237167,-8.688705;37004;22603;282
2023-03;Lisboa e Vale do Tejo;ACES Oeste Norte;39.411452329,-9.1394549604;33658;21594;237
2023-03;Lisboa e Vale do Tejo;ACES Sintra;38.752326416,-9.274985919;48585;31725;281
2023-03;Norte;ACES Alto Trás-os-Montes - Alto Tâmega e Barroso;41.7543,-7.47959;16328;11487;235
2023-03;Norte;ACES Entre Douro e Vouga I - Feira e Arouca;40.926349,-8.548039;27838;27377;367
2023-03;Norte;ACES Grande Porto II - Gondomar;41.174369643,-8.5608546544;30036;36425;391
2023-03;Norte;ACES Grande Porto VIII - Espinho / Gaia;41.002755547,-8.6377298499;27462;30631;379
2023-04;Alentejo;Área dos CSP da ULS Alto Alentejo;39.2991,-7.4278;21014;12895;79
2023-04;Alentejo;Área dos CSP da ULS Alentejo Central;38.574093,-7.911785;26101;22055;181
2023-04;Algarve;ACES Algarve II - Algarve Barlavento;37.13765,-8.544009;22400;11134;93
2023-04;Centro;Área dos CSP da ULS Cova da Beira;40.279552,-7.501801;10607;8345;30
2023-04;Centro;Área dos CSP da ULS Região de Aveiro;40.6418,-8.65166;51250;44005;548
2023-04;Centro;ACES Pinhal Litoral;39.7464482,-8.8044873;32848;30815;242
2023-04;Centro;ACES Beira Interior Sul;39.831269,-7.486884;8773;6291;26
2023-04;Lisboa e Vale do Tejo;ACES Médio Tejo;39.446082196,-8.5086017608;30797;22031;178
2023-04;Lisboa e Vale do Tejo;ACES Lisboa Ocidental e Oeiras;38.69329057,-9.3178385229;24322;18554;375
2023-04;Lisboa e Vale do Tejo;ACES Amadora;38.75717,-9.23401;20804;10127;86
2023-04;Norte;Área dos CSP da ULS Barcelos / Esposende;41.533628173,-8.6240622256;22720;21465;260
2023-04;Norte;ACES Grande Porto III - Maia / Valongo;41.233597309,-8.6166174889;31017;30043;337
2023-04;Norte;ACES Grande Porto V - Porto Ocidental;41.160263,-8.681729;24765;22090;364
2023-05;Alentejo;Área dos CSP da ULS Alentejo Central;38.574093,-7.911785;32637;28913;271
2023-05;Algarve;ACES Algarve III - Algarve Sotavento;37.115865018,-7.6506054852;11801;7460;156
2023-05;Algarve;ACES Algarve II - Algarve Barlavento;37.13765,-8.544009;27962;14227;130
2023-05;Centro;Área dos CSP da ULS Guarda;40.5314,-7.27322;27073;15295;177
2023-05;Centro;ACES Baixo Mondego;40.21578,-8.41058;61844;69760;555
2023-05;Lisboa e Vale do Tejo;Área dos CSP da ULS Almada / Seixal;38.6276044797217,-9.11368350111247;56728;40591;405
2023-05;Lisboa e Vale do Tejo;ACES Sintra;38.752326416,-9.274985919;50596;33358;274
2023-05;Norte;ACES Alto Trás-os-Montes - Alto Tâmega e Barroso;41.7543,-7.47959;17154;11516;186
2023-05;Norte;ACES Cávado II - Gerês / Cabreira;41.629758698,-8.3591461276;19049;20706;386
2023-05;Norte;ACES Grande Porto V - Porto Ocidental;41.160263,-8.681729;33532;28328;509
2023-05;Norte;ACES Grande Porto III - Maia / Valongo;41.233597309,-8.6166174889;39254;38667;427
2023-05;Norte;ACES Alto Ave - Guimarães, Vizela e Terras de Basto;41.426805082,-8.2945278754;54160;43173;678
2023-05;Norte;Área dos CSP da ULS Póvoa Varzim / Vila Conde;41.355472362,-8.7448970377;25956;28781;436
2023-05;Norte;Área dos CSP da ULS Alto Minho;41.696866,-8.832522;48599;47534;824
2023-05;Norte;Área dos CSP da ULS Nordeste;41.806816,-6.759102;21303;15540;258
2023-06;Alentejo;Área dos CSP da ULS Alentejo Central;38.8442031,-7.5826619;28209;25041;295
2023-06;Alentejo;Área dos CSP da ULS Baixo Alentejo;38.0153039,-7.8627308;20679;17144;183
2023-06;Centro;ACES Baixo Mondego;40.2150023,-8.4071805;53661;63884;484
2023-06;Centro;ACES Pinhal Interior Norte;40.1151262,-8.2473136;19261;20029;153
2023-06;Lisboa e Vale do Tejo;ACES Cascais;38.69904,-9.3818008;22351;22120;251
2023-06;Norte;Área dos CSP da ULS Póvoa Varzim / Vila Conde;41.355519,-8.746653;20828;24757;380
2023-06;Norte;ACES Entre Douro e Vouga II - Aveiro Norte;40.8472225,-8.4656674;21320;15837;333
2023-06;Norte;ACES Ave / Famalicão;41.3835805,-8.4157518;17924;18983;250
2023-06;Norte;ACES Alto Trás-os-Montes - Alto Tâmega e Barroso;41.741781,-7.4731648;14514;10283;206
2023-06;Norte;ACES Grande Porto II - Gondomar;41.1738444,-8.5612238;26062;32337;347
2023-07;Alentejo;Área dos CSP da ULS Litoral Alentejano;38.039936,-8.731693;14041;7947;91
2023-07;Centro;Área dos CSP da ULS Viseu Dão-Lafões;40.659169,-7.915314;40494;30855;422
2023-07;Centro;ACES Baixo Mondego;40.21578,-8.41058;46076;60279;423
2023-07;Centro;ACES Pinhal Interior Norte;40.111927,-8.246515;16742;17988;125
2023-07;Lisboa e Vale do Tejo;Área dos CSP da ULS Lezíria;39.237167,-8.688705;29592;20472;184
2023-07;Lisboa e Vale do Tejo;ACES Amadora;38.75717,-9.23401;22073;11938;83
2023-07;Lisboa e Vale do Tejo;ACES Cascais;38.698818794,-9.3815130504;21208;21777;233
2023-07;Norte;ACES Alto Trás-os-Montes - Alto Tâmega e Barroso;41.7543,-7.47959;13701;9923;118
2023-07;Norte;Área dos CSP da ULS Matosinhos;41.1807,-8.66314;23145;26958;253
2023-07;Norte;ACES Grande Porto V - Porto Ocidental;41.160263,-8.681729;25153;24668;325
2023-07;Norte;ACES Douro II - Douro Sul;41.0828,-7.79611;11786;7538;245
2023-08;Alentejo;Área dos CSP da ULS Baixo Alentejo;38.014,-7.8675;15795;12656;98
2023-08;Centro;ACES Pinhal Litoral;39.7464482,-8.8044873;28715;33993;222
2023-08;Centro;ACES Pinhal Interior Sul;39.751436,-7.925101;4360;3947;6
2023-08;Centro;Área dos CSP da ULS Cova da Beira;40.279552,-7.501801;10479;9652;32
2023-08;Lisboa e Vale do Tejo;ACES Lisboa Central;38.7365023,-9.1313583;25315;20520;233
2023-08;Lisboa e Vale do Tejo;ACES Sintra;38.752326416,-9.274985919;37986;29180;160
2023-08;Lisboa e Vale do Tejo;ACES Médio Tejo;39.446082196,-8.5086017608;29720;23243;240
2023-08;Lisboa e Vale do Tejo;Área dos CSP da ULS Almada / Seixal;38.6276044797217,-9.11368350111247;44932;35118;351
2023-08;Lisboa e Vale do Tejo;ACES Loures / Odivelas;38.797701,-9.115877;35482;27507;333
2023-08;Norte;ACES Tâmega II - Vale do Sousa Sul;41.206266147,-8.2725028602;27507;26955;250
2023-08;Norte;Área dos CSP da ULS Matosinhos;41.1807,-8.66314;24234;27530;305
2023-08;Norte;Área dos CSP da ULS Barcelos / Esposende;41.533628173,-8.6240622256;24049;24415;318
2023-08;Norte;ACES Grande Porto V - Porto Ocidental;41.160263,-8.681729;24085;24114;349
2023-08;Norte;ACES Douro I - Marão e Douro Norte;41.2969,-7.74841;14186;15630;200
2023-08;Norte;Área dos CSP da ULS Póvoa Varzim / Vila Conde;41.355472362,-8.7448970377;19455;25410;311
2023-09;Alentejo;Área dos CSP da ULS Alentejo Central;38.574093,-7.911785;31931;24587;199
2023-09;Centro;ACES Pinhal Litoral;39.7464482,-8.8044873;30402;34829;250
2023-09;Lisboa e Vale do Tejo;ACES Amadora;38.75717,-9.23401;20441;11255;76
2023-09;Lisboa e Vale do Tejo;ACES Loures / Odivelas;38.797701,-9.115877;37719;28440;383
2023-09;Lisboa e Vale do Tejo;Área dos CSP da ULS Almada / Seixal;38.6276044797217,-9.11368350111247;47661;36654;314
2023-09;Norte;ACES Cávado I - Braga;41.547059616,-8.4278529356;31828;30038;452
2023-09;Norte;ACES Grande Porto VI - Porto Oriental;41.169696,-8.612651;17452;19488;287
2023-09;Norte;ACES Grande Porto III - Maia / Valongo;41.233597309,-8.6166174889;34262;35779;375
2023-09;Norte;ACES Grande Porto V - Porto Ocidental;41.160263,-8.681729;28198;25755;349
2023-09;Norte;ACES Alto Ave - Guimarães, Vizela e Terras de Basto;41.426805082,-8.2945278754;46179;39856;523
2023-09;Norte;ACES Tâmega II - Vale do Sousa Sul;41.206266147,-8.2725028602;29131;27510;364
2023-09;Norte;ACES Douro I - Marão e Douro Norte;41.2969,-7.74841;14435;16102;266
2023-10;Centro;Área dos CSP da ULS Guarda;40.5314,-7.27322;22524;14516;140
2023-10;Centro;ACES Beira Interior Sul;39.831269,-7.486884;10578;7163;13
2023-10;Centro;ACES Pinhal Interior Sul;39.751436,-7.925101;4901;4323;20
2023-10;Lisboa e Vale do Tejo;Área dos CSP da ULS Arco Ribeirinho;38.669538907,-9.0530283486;28103;19677;143
2023-10;Lisboa e Vale do Tejo;ACES Cascais;38.698818794,-9.3815130504;23267;24058;253
2023-10;Lisboa e Vale do Tejo;Área dos CSP da ULS Estuário do Tejo;38.891077,-9.039536;26277;19065;117
2023-10;Norte;ACES Grande Porto VIII - Espinho / Gaia;41.002755547,-8.6377298499;27161;29794;411
2023-10;Norte;ACES Tâmega III - Vale do Sousa Norte;41.280299,-8.278129;25715;30339;375
2023-10;Norte;ACES Grande Porto VI - Porto Oriental;41.169696,-8.612651;18487;20371;322
2023-10;Norte;ACES Grande Porto V - Porto Ocidental;41.160263,-8.681729;29206;26905;570
2023-11;Centro;ACES Pinhal Interior Sul;39.751436,-7.925101;5411;3872;12
2023-11;Centro;ACES Pinhal Interior Norte;40.111927,-8.246515;19664;19945;197
2023-11;Centro;Área dos CSP da ULS Viseu Dão-Lafões;40.659169,-7.915314;48564;35579;656
2023-11;Norte;ACES Grande Porto I - Santo Tirso / Trofa;41.346844614,-8.482973945;18363;18762;417
2023-11;Norte;ACES Alto Ave - Guimarães, Vizela e Terras de Basto;41.426805082,-8.2945278754;52846;41569;715
2023-11;Norte;ACES Grande Porto VI - Porto Oriental;41.169696,-8.612651;19395;20519;327
2023-12;Alentejo;Área dos CSP da ULS Alto Alentejo;39.2991,-7.4278;19183;12648;103
2023-12;Centro;ACES Pinhal Litoral;39.7464482,-8.8044873;25747;27905;217
2023-12;Lisboa e Vale do Tejo;ACES Médio Tejo;39.446082196,-8.5086017608;30341;20970;188
2023-12;Lisboa e Vale do Tejo;Área dos CSP da ULS Arco Ribeirinho;38.669538907,-9.0530283486;23871;15189;125
2023-12;Lisboa e Vale do Tejo;ACES Amadora;38.75717,-9.23401;19578;10232;78
2023-12;Lisboa e Vale do Tejo;ACES Loures / Odivelas;38.797701,-9.115877;35335;24741;291
2023-12;Norte;ACES Grande Porto I - Santo Tirso / Trofa;41.346844614,-8.482973945;14473;15074;249
2023-12;Norte;ACES Entre Douro e Vouga I - Feira e Arouca;40.926349,-8.548039;21054;21579;280
2023-12;Norte;ACES Alto Ave - Guimarães, Vizela e Terras de Basto;41.426805082,-8.2945278754;40818;32738;459
2023-12;Norte;Área dos CSP da ULS Nordeste;41.806816,-6.759102;14097;10752;160
2024-01;Alentejo;Área dos CSP da ULS Alentejo Central;38.574093,-7.911785;37925;26681;318
2024-01;Algarve;Área dos CSP da ULS Algarve;37.02745056,-7.937649;77533;46103;667
2024-01;Centro;Área dos CSP da ULS Região de Aveiro;40.6418,-8.65166;67850;55773;889
2024-01;Centro;Área dos CSP da ULS Região de Leiria;39.7418,-8.79444;59097;52196;442
2024-01;Lisboa e Vale do Tejo;Área dos CSP da ULS Santa Maria;38.739567,-9.168651;45844;26092;313
2024-01;Lisboa e Vale do Tejo;Área dos CSP da ULS Loures / Odivelas;38.821769,-9.176301;28573;20165;277
2024-01;Lisboa e Vale do Tejo;Área dos CSP da ULS Médio Tejo;39.605565,-8.404399;31101;22386;214
2024-01;Norte;Área dos CSP da ULS Trás-os-Montes Alto Douro;41.2969,-7.74841;50878;37429;859
2024-01;Norte;Área dos CSP da ULS Tâmega e Sousa;41.206266147,-8.2725028602;91423;83278;1066
2024-01;Norte;Área dos CSP da ULS Alto Ave;41.426805082,-8.2945278754;59107;47812;722
2024-01;Norte;Área dos CSP da ULS Póvoa Varzim / Vila Conde;41.355472362,-8.7448970377;25016;28603;372
2024-02;Alentejo;Área dos CSP da ULS Litoral Alentejano;38.039936,-8.731693;14267;7427;119
2024-02;Lisboa e Vale do Tejo;Área dos CSP da ULS São José;38.7365023,-9.1313583;50806;32624;559
2024-02;Lisboa e Vale do Tejo;Área dos CSP da ULS Amadora / Sintra;38.75717,-9.23401;69381;42516;346
2024-02;Norte;Área dos CSP da ULS Entre Douro e Vouga;40.926349,-8.548039;48367;41837;632
2024-02;Norte;Área dos CSP da ULS Alto Ave;41.426805082,-8.2945278754;55041;40826;763
2024-02;Norte;Área dos CSP da ULS Tâmega e Sousa;41.206266147,-8.2725028602;89073;72810;1065
2024-02;Norte;Área dos CSP da ULS Médio Ave;41.346844614,-8.482973945;39670;36976;611
2024-03;Alentejo;Área dos CSP da ULS Litoral Alentejano;38.039936,-8.731693;14693;7461;94
2024-03;Centro;Área dos CSP da ULS Baixo Mondego;40.130297609,-8.860696177;15403;16918;154
2024-03;Lisboa e Vale do Tejo;Área dos CSP da ULS Oeste;39.411452329,-9.1394549604;31791;21783;235
2024-03;Lisboa e Vale do Tejo;Área dos CSP da ULS Estuário do Tejo;38.891077,-9.039536;28382;17197;87
2024-03;Lisboa e Vale do Tejo;Área dos CSP da ULS Lezíria;39.232503,-8.715083;31946;18281;192
2024-03;Norte;Área dos CSP da ULS Alto Ave;41.426805082,-8.2945278754;53013;37804;739
2024-03;Norte;Área dos CSP da ULS Médio Ave;41.346844614,-8.482973945;38537;35032;649
2024-04;Alentejo;Área dos CSP da ULS Alentejo Central;38.568838,-7.903064;36206;23829;281
2024-04;Centro;Área dos CSP da ULS Castelo Branco;39.831269,-7.486884;22367;10058;47
2024-04;Centro;Área dos CSP da ULS Guarda;40.5314,-7.27322;29198;12981;171
2024-04;Centro;Área dos CSP da ULS Região de Leiria;39.7418,-8.79444;58806;48037;475
2024-04;Centro;Área dos CSP da ULS Viseu Dão-Lafões;40.659169,-7.915314;49187;33980;560
2024-04;Lisboa e Vale do Tejo;Área dos CSP da ULS Amadora / Sintra;38.75717,-9.23401;68723;43318;336
2024-04;Lisboa e Vale do Tejo;Área dos CSP da ULS Almada / Seixal;38.6276044797217,-9.11368350111247;51370;37324;471
2024-04;Lisboa e Vale do Tejo;Área dos CSP da ULS Arco Ribeirinho;38.6527214050293,-9.05825614929199;31901;18373;180
2024-04;Norte;Área dos CSP da ULS Gaia / Espinho;41.127363348,-8.5796956622;61334;53633;988
2024-04;Norte;Área dos CSP da ULS Alto Ave;41.426805082,-8.2945278754;56534;42020;752
2024-05;Alentejo;Área dos CSP da ULS Alto Alentejo;38.756986,-9.1460619;22883;14928;181
2024-05;Alentejo;Área dos CSP da ULS Alentejo Central;38.568838,-7.903064;37152;24006;371
2024-05;Centro;Área dos CSP da ULS Região de Leiria;39.7418,-8.79444;58032;47698;504
2024-05;Lisboa e Vale do Tejo;Área dos CSP da ULS Oeste;39.411452329,-9.1394549604;31330;23017;229
2024-05;Lisboa e Vale do Tejo;Área dos CSP da ULS Almada / Seixal;38.6276044797217,-9.11368350111247;52313;36618;517
2024-05;Lisboa e Vale do Tejo;Área dos CSP da ULS Lisboa Ocidental;38.698818794,-9.3815130504;57763;48739;599
2024-05;Lisboa e Vale do Tejo;Área dos CSP da ULS São José;38.7365023,-9.1313583;53227;35207;559
2024-05;Norte;Área dos CSP da ULS Gaia / Espinho;41.127363348,-8.5796956622;62153;53755;1064
2024-05;Norte;Área dos CSP da ULS Nordeste;41.806816,-6.759102;24268;13197;285
2024-06;Alentejo;Área dos CSP da ULS Baixo Alentejo;38.014,-7.8675;20614;13468;179
2024-06;Alentejo;Área dos CSP da ULS Litoral Alentejano;38.039936,-8.731693;12773;7026;64
2024-06;Alentejo;Área dos CSP da ULS Alentejo Central;38.568838,-7.903064;33814;21327;373
2024-06;Centro;Área dos CSP da ULS Guarda;40.5314,-7.27322;25392;12400;235
2024-06;Centro;Área dos CSP da ULS Viseu Dão-Lafões;40.659169,-7.915314;44904;30723;544
2024-06;Centro;Área dos CSP da ULS Coimbra;40.21578,-8.41058;60010;59379;745
2024-06;Lisboa e Vale do Tejo;Área dos CSP da ULS Arrábida;38.531,-8.8874;32401;18272;277
2024-06;Lisboa e Vale do Tejo;Área dos CSP da ULS Santa Maria;38.739567,-9.168651;38159;22675;279
2024-06;Norte;Área dos CSP da ULS Braga;41.629758698,-8.3591461276;44760;41874;850
2024-06;Norte;Área dos CSP da ULS Barcelos / Esposende;41.533628173,-8.6240622256;24645;22158;420
2024-06;Norte;Área dos CSP da ULS Trás-os-Montes Alto Douro;41.2969,-7.74841;42473;28872;798
2024-07;Alentejo;Área dos CSP da ULS Baixo Alentejo;38.014,-7.8675;22479;14713;139
2024-07;Algarve;Área dos CSP da ULS Algarve;37.02745056,-7.937649;78315;44549;692
2024-07;Norte;Área dos CSP da ULS Gaia / Espinho;41.127363348,-8.5796956622;57948;55269;945
2024-07;Norte;Área dos CSP da ULS Póvoa Varzim / Vila Conde;41.355472362,-8.7448970377;23292;27458;370
2024-07;Norte;Área dos CSP da ULS Santo António;41.160263,-8.681729;60314;62133;880
2024-08;Centro;Área dos CSP da ULS Castelo Branco;39.831269,-7.486884;19333;9661;80
2024-08;Centro;Área dos CSP da ULS Região de Leiria;39.7418,-8.79444;48955;43356;407
2024-08;Lisboa e Vale do Tejo;Área dos CSP da ULS Arrábida;38.531,-8.8874;30296;19206;244
2024-08;Lisboa e Vale do Tejo;Área dos CSP da ULS Almada / Seixal;38.6276044797217,-9.11368350111247;40460;31394;459
2024-08;Lisboa e Vale do Tejo;Área dos CSP da ULS Amadora / Sintra;38.75717,-9.23401;55886;37547;269
2024-08;Norte;Área dos CSP da ULS Barcelos / Esposende;41.533628173,-8.6240622256;23373;21679;441
2024-08;Norte;Área dos CSP da ULS Alto Ave;41.426805082,-8.2945278754;44160;35598;588
2024-08;Norte;Área dos CSP da ULS Entre Douro e Vouga;;39896;37070;587
2024-08;Norte;Área dos CSP da ULS Trás-os-Montes Alto Douro;41.2969,-7.74841;41524;29821;816
2024-09;Algarve;Área dos CSP da ULS Algarve;37.02745056,-7.937649;67687;40657;581
2024-09;Centro;Área dos CSP da ULS Coimbra;40.21578,-8.41058;55919;60555;687
2024-09;Centro;Área dos CSP da ULS Região de Leiria;39.7418,-8.79444;51056;44170;375
2024-09;Lisboa e Vale do Tejo;Área dos CSP da ULS Médio Tejo;39.605565,-8.404399;25392;19627;113
2024-09;Lisboa e Vale do Tejo;Área dos CSP da ULS São José;38.7365023,-9.1313583;45042;31933;478
2024-09;Lisboa e Vale do Tejo;Área dos CSP da ULS Almada / Seixal;38.6276044797217,-9.11368350111247;42166;33844;353
2024-09;Norte;Área dos CSP da ULS Alto Ave;41.426805082,-8.2945278754;50930;42105;631
2024-09;Norte;Área dos CSP da ULS Trás-os-Montes Alto Douro;41.2969,-7.74841;44744;30997;855
2024-10;Alentejo;Área dos CSP da ULS Baixo Alentejo;38.014,-7.8675;23185;16139;229
2024-10;Alentejo;Área dos CSP da ULS Litoral Alentejano;38.039936,-8.731693;16827;8699;98
2024-10;Alentejo;Área dos CSP da ULS Alto Alentejo;39.3004940975133,-7.42635033349663;24396;17096;231
2024-10;Centro;Área dos CSP da ULS Guarda;40.5314,-7.27322;30213;14609;235
2024-10;Centro;Área dos CSP da ULS Castelo Branco;39.831269,-7.486884;23609;12285;111
2024-10;Centro;Área dos CSP da ULS Cova da Beira;40.279552,-7.501801;14863;11280;47
2024-10;Lisboa e Vale do Tejo;Área dos CSP da ULS Lezíria;39.232503,-8.715083;37083;24056;317
2024-10;Lisboa e Vale do Tejo;Área dos CSP da ULS Arrábida;38.531,-8.8874;38543;23475;331
2024-10;Norte;Área dos CSP da ULS Alto Minho;41.696866,-8.832522;51578;43072;895
2024-10;Norte;Área dos CSP da ULS Matosinhos;41.1807,-8.66314;31483;32492;442
2024-10;Norte;Área dos CSP da ULS Santo António;41.160263,-8.681729;59518;67094;1170
2024-11;Alentejo;Área dos CSP da ULS Alto Alentejo;39.3004940975133,-7.42635033349663;21245;14632;217
2024-11;Centro;Área dos CSP da ULS Viseu Dão-Lafões;40.659169,-7.915314;49455;34260;763
2024-11;Centro;Área dos CSP da ULS Guarda;40.5314,-7.27322;27238;12821;285
2024-11;Centro;Área dos CSP da ULS Região de Leiria;39.7418,-8.79444;56286;47211;509
2024-11;Lisboa e Vale do Tejo;Área dos CSP da ULS Lisboa Ocidental;38.698818794,-9.3815130504;54171;49099;661
2024-11;Lisboa e Vale do Tejo;Área dos CSP da ULS Amadora / Sintra;38.75717,-9.23401;65984;44878;383
2024-11;Norte;Área dos CSP da ULS Póvoa Varzim / Vila Conde;41.355472362,-8.7448970377;22784;26769;395
2024-11;Norte;Área dos CSP da ULS Matosinhos;41.1807,-8.66314;27039;29114;491
2024-12;Alentejo;Área dos CSP da ULS Alentejo Central;38.568838,-7.903064;32242;20976;409
2024-12;Algarve;Área dos CSP da ULS Algarve;37.02745056,-7.937649;61129;37519;597
2024-12;Centro;Área dos CSP da ULS Região de Leiria;39.7418,-8.79444;48960;43477;414
2024-12;Lisboa e Vale do Tejo;Área dos CSP da ULS Amadora / Sintra;38.75717,-9.23401;58139;41292;322
2024-12;Norte;Área dos CSP da ULS São João;41.169696,-8.612651;47873;51117;699
2024-12;Norte;Área dos CSP da ULS Alto Minho;41.696866,-8.832522;42496;35591;512
2024-12;Norte;Área dos CSP da ULS Matosinhos;41.1807,-8.66314;21377;26914;384
2024-12;Norte;Área dos CSP da ULS Braga;41.629758698,-8.3591461276;45678;42399;724
2025-01;Alentejo;Área dos CSP da ULS Litoral Alentejano;38.039936,-8.731693;16248;8948;109
2025-01;Alentejo;Área dos CSP da ULS Alentejo Central;38.568838,-7.903064;38002;26993;429
2025-01;Algarve;Área dos CSP da ULS Algarve;37.02745056,-7.937649;81213;47055;806
2025-01;Centro;Área dos CSP da ULS Baixo Mondego;40.130297609,-8.860696177;19257;21306;371
2025-01;Lisboa e Vale do Tejo;Área dos CSP da ULS Almada / Seixal;38.6276044797217,-9.11368350111247;50799;39923;534
2025-01;Lisboa e Vale do Tejo;Área dos CSP da ULS Médio Tejo;39.605565,-8.404399;30256;22060;154
2025-01;Norte;Área dos CSP da ULS São João;41.169696,-8.612651;58840;63579;912
2025-01;Norte;Área dos CSP da ULS Barcelos / Esposende;41.533628173,-8.6240622256;30152;28417;604
2025-01;Norte;Área dos CSP da ULS Nordeste;41.806816,-6.759102;26421;14050;367
2025-02;Alentejo;Área dos CSP da ULS Baixo Alentejo;38.014,-7.8675;20339;14046;189
2025-02;Centro;Área dos CSP da ULS Castelo Branco;39.831269,-7.486884;21512;10192;124
2025-02;Centro;Área dos CSP da ULS Região de Leiria;39.7418,-8.79444;56785;46216;466
2025-02;Lisboa e Vale do Tejo;Área dos CSP da ULS Loures / Odivelas;38.821769,-9.176301;26330;18832;347
2025-02;Norte;Área dos CSP da ULS Médio Ave;41.346844614,-8.482973945;36451;36383;713
2025-02;Norte;Área dos CSP da ULS Alto Ave;41.426805082,-8.2945278754;52905;41192;753
2025-02;Norte;Área dos CSP da ULS Matosinhos;41.1807,-8.66314;26102;29016;453
2025-03;Norte;Área dos CSP da ULS Tâmega e Sousa;41.206266147,-8.2725028602;81616;75145;1079
2025-03;Norte;Área dos CSP da ULS Santo António;41.160263,-8.681729;53456;61106;812
2025-03;Norte;Área dos CSP da ULS Braga;41.629758698,-8.3591461276;49239;48474;827
2025-04;Centro;Área dos CSP da ULS Guarda;40.5314,-7.27322;24487;12537;219
2025-04;Centro;Área dos CSP da ULS Viseu Dão-Lafões;40.659169,-7.915314;46753;32284;581
2025-04;Lisboa e Vale do Tejo;Área dos CSP da ULS Lezíria;39.232503,-8.715083;31164;19574;259
2025-04;Lisboa e Vale do Tejo;Área dos CSP da ULS Arco Ribeirinho;38.6527214050293,-9.05825614929199;27093;18399;202
2025-04;Lisboa e Vale do Tejo;Área dos CSP da ULS Médio Tejo;39.605565,-8.404399;26434;18487;132
2025-04;Norte;Área dos CSP da ULS São João;41.169696,-8.612651;47793;53197;733
2025-04;Norte;Área dos CSP da ULS Nordeste;41.806816,-6.759102;22534;11695;451
2025-04;Norte;Área dos CSP da ULS Médio Ave;41.346844614,-8.482973945;33253;35465;642
2025-04;Norte;Área dos CSP da ULS Alto Minho;41.696866,-8.832522;43303;36380;684
2025-04;Norte;Área dos CSP da ULS Tâmega e Sousa;41.206266147,-8.2725028602;77895;69907;1047
2025-05;Alentejo;Área dos CSP da ULS Alentejo Central;38.568838,-7.903064;34738;25705;443
2025-05;Alentejo;Área dos CSP da ULS Alto Alentejo;39.3004940975133,-7.42635033349663;22511;15649;246
2025-05;Algarve;Área dos CSP da ULS Algarve;37.02745056,-7.937649;74554;44676;692
2025-05;Centro;Área dos CSP da ULS Viseu Dão-Lafões;40.659169,-7.915314;51786;37069;822
2025-05;Centro;Área dos CSP da ULS Coimbra;40.21578,-8.41058;68614;68747;1026
2025-05;Lisboa e Vale do Tejo;Área dos CSP da ULS Almada / Seixal;38.6276044797217,-9.11368350111247;49160;39561;487
2025-05;Lisboa e Vale do Tejo;Área dos CSP da ULS Santa Maria;38.739567,-9.168651;45245;26253;359
2025-05;Norte;Área dos CSP da ULS Médio Ave;41.346844614,-8.482973945;35871;39518;774
2025-05;Norte;Área dos CSP da ULS Alto Ave;41.426805082,-8.2945278754;55225;44419;878
2025-05;Norte;Área dos CSP da ULS Nordeste;41.806816,-6.759102;24857;13024;532
2025-06;Centro;Área dos CSP da ULS Guarda;40.5314,-7.27322;22862;11806;207
2025-06;Centro;Área dos CSP da ULS Cova da Beira;40.279552,-7.501801;11287;11330;28
2025-06;Centro;Área dos CSP da ULS Coimbra;40.21578,-8.41058;58065;58844;719
2025-06;Lisboa e Vale do Tejo;Área dos CSP da ULS Santa Maria;38.739567,-9.168651;37715;22426;249
2025-06;Lisboa e Vale do Tejo;Área dos CSP da ULS São José;38.7365023,-9.1313583;41170;31094;525
2025-06;Lisboa e Vale do Tejo;Área dos CSP da ULS Lezíria;39.232503,-8.715083;29186;19738;241
2025-06;Lisboa e Vale do Tejo;Área dos CSP da ULS Loures / Odivelas;38.821769,-9.176301;21526;17506;307
2025-06;Norte;Área dos CSP da ULS Alto Minho;41.696866,-8.832522;41450;37238;648
2025-06;Norte;Área dos CSP da ULS Gaia / Espinho;41.127363348,-8.5796956622;45575;46610;846
2025-06;Norte;Área dos CSP da ULS Tâmega e Sousa;41.206266147,-8.2725028602;69935;70074;930
2025-07;Alentejo;Área dos CSP da ULS Alentejo Central;38.568838,-7.903064;33606;24615;321
2025-07;Algarve;Área dos CSP da ULS Algarve;37.02745056,-7.937649;78560;45721;786
2025-07;Lisboa e Vale do Tejo;Área dos CSP da ULS São José;38.7365023,-9.1313583;51698;38301;676
2025-07;Lisboa e Vale do Tejo;Área dos CSP da ULS Lezíria;39.232503,-8.715083;33624;23812;292
2025-07;Norte;Área dos CSP da ULS Nordeste;41.806816,-6.759102;25771;13111;433
2025-07;Norte;Área dos CSP da ULS Médio Ave;41.346844614,-8.482973945;35932;39937;676
2025-07;Norte;Área dos CSP da ULS Tâmega e Sousa;41.206266147,-8.2725028602;80412;79548;1010
2025-08;Alentejo;Área dos CSP da ULS Litoral Alentejano;38.039936,-8.731693;13488;6821;84
2025-08;Algarve;Área dos CSP da ULS Algarve;37.02745056,-7.937649;61217;37797;606
2025-08;Lisboa e Vale do Tejo;Área dos CSP da ULS Santa Maria;38.739567,-9.168651;34065;20999;232
2025-08;Lisboa e Vale do Tejo;Área dos CSP da ULS Loures / Odivelas;38.821769,-9.176301;20502;15438;269
2025-08;Lisboa e Vale do Tejo;Área dos CSP da ULS Lezíria;39.232503,-8.715083;27208;17801;207
2025-08;Lisboa e Vale do Tejo;Área dos CSP da ULS Médio Tejo;39.605565,-8.404399;22763;16079;102
2025-08;Lisboa e Vale do Tejo;Área dos CSP da ULS Arco Ribeirinho;38.6527214050293,-9.05825614929199;24665;17186;195
2025-08;Norte;Área dos CSP da ULS Barcelos / Esposende;41.533628173,-8.6240622256;21720;21338;517
2025-09;Lisboa e Vale do Tejo;Área dos CSP da ULS Almada / Seixal;38.6276044797217,-9.11368350111247;44917;38910;427
2025-09;Norte;Área dos CSP da ULS Trás-os-Montes Alto Douro;41.2969,-7.74841;46710;34901;915
2025-09;Norte;Área dos CSP da ULS Braga;41.629758698,-8.3591461276;49013;53031;809
2025-09;Norte;Área dos CSP da ULS Gaia / Espinho;41.127363348,-8.5796956622;55533;56015;825
2025-10;Centro;Área dos CSP da ULS Castelo Branco;39.831269,-7.486884;21331;11676;84
2025-10;Centro;Área dos CSP da ULS Cova da Beira;40.279552,-7.501801;13265;12907;41
2025-10;Centro;Área dos CSP da ULS Região de Aveiro;40.6418,-8.65166;56616;48913;1073
2025-10;Centro;Área dos CSP da ULS Coimbra;40.21578,-8.41058;69451;72498;1081
2025-10;Centro;Área dos CSP da ULS Região de Leiria;39.7418,-8.79444;62705;58020;651
2025-10;Lisboa e Vale do Tejo;Área dos CSP da ULS Médio Tejo;39.605565,-8.404399;30667;22766;148
2025-10;Lisboa e Vale do Tejo;Área dos CSP da ULS Amadora / Sintra;38.752326416,-9.274985919;69284;50768;554
2025-10;Norte;Área dos CSP da ULS Entre Douro e Vouga;40.926349,-8.548039;62449;58237;1245
2025-10;Norte;Área dos CSP da ULS Braga;41.629758698,-8.3591461276;50903;54069;919
2025-11;Algarve;Área dos CSP da ULS Algarve;37.02745056,-7.937649;71257;44001;644
2025-11;Centro;Área dos CSP da ULS Castelo Branco;39.831269,-7.486884;19557;9980;72
2025-11;Centro;Área dos CSP da ULS Cova da Beira;40.279552,-7.501801;12098;11982;53
2025-11;Lisboa e Vale do Tejo;Área dos CSP da ULS Arrábida;38.531,-8.8874;36046;21776;288
2025-11;Lisboa e Vale do Tejo;Área dos CSP da ULS Oeste;39.4062582,-9.12709;30239;22370;253
2025-11;Lisboa e Vale do Tejo;Área dos CSP da ULS Médio Tejo;39.605565,-8.404399;25677;19630;153
2025-11;Norte;Área dos CSP da ULS Trás-os-Montes Alto Douro;41.2969,-7.74841;47924;32630;993
2025-11;Norte;Área dos CSP da ULS Matosinhos;41.1807,-8.66314;26848;29998;461
2025-12;Alentejo;Área dos CSP da ULS Baixo Alentejo;38.009362882,-7.8559468083;16287;12760;184
2025-12;Centro;Área dos CSP da ULS Castelo Branco;39.831269,-7.486884;16624;9284;57
2025-12;Lisboa e Vale do Tejo;Área dos CSP da ULS Estuário do Tejo;38.891077,-9.039536;24451;16394;101
2025-12;Lisboa e Vale do Tejo;Área dos CSP da ULS Médio Tejo;39.605565,-8.404399;22954;19321;89
2025-12;Lisboa e Vale do Tejo;Área dos CSP da ULS Arrábida;38.531,-8.8874;32168;20246;216
2025-12;Norte;Área dos CSP da ULS São João;41.169696,-8.612651;39250;49047;566
2026-01;Alentejo;Área dos CSP da ULS Litoral Alentejano;38.039936,-8.731693;15192;8577;111
2026-01;Centro;Área dos CSP da ULS Castelo Branco;39.831269,-7.486884;20567;10910;98
2026-01;Centro;Área dos CSP da ULS Região de Leiria;39.7418,-8.79444;54818;50499;501
2026-01;Centro;Área dos CSP da ULS Coimbra;40.21578,-8.41058;66419;66930;875
2026-01;Lisboa e Vale do Tejo;Área dos CSP da ULS Arrábida;38.531,-8.8874;38756;22925;342
2026-01;Norte;Área dos CSP da ULS Matosinhos;41.1807,-8.66314;27350;31929;421
2026-01;Norte;Área dos CSP da ULS Gaia / Espinho;41.127363348,-8.5796956622;55542;55281;1047
2026-01;Norte;Área dos CSP da ULS Tâmega e Sousa;41.206266147,-8.2725028602;84388;83138;1128
2026-02;Alentejo;Área dos CSP da ULS Alto Alentejo;39.3004940975133,-7.42635033349663;20706;13478;166
2026-02;Alentejo;Área dos CSP da ULS Alentejo Central;38.568838,-7.903064;29274;21303;299
2026-02;Centro;Área dos CSP da ULS Castelo Branco;39.831269,-7.486884;18412;9644;122
2026-02;Centro;Área dos CSP da ULS Viseu Dão-Lafões;40.659169,-7.915314;45374;32446;661
2026-02;Lisboa e Vale do Tejo;Área dos CSP da ULS Arco Ribeirinho;38.6527214050293,-9.05825614929199;25774;18343;202
2026-02;Lisboa e Vale do Tejo;Área dos CSP da ULS Almada / Seixal;38.6276044797217,-9.11368350111247;43608;35049;474
2026-02;Lisboa e Vale do Tejo;Área dos CSP da ULS Médio Tejo;39.605565,-8.404399;25020;19433;127
2026-02;Norte;Área dos CSP da ULS Gaia / Espinho;41.127363348,-8.5796956622;50526;49012;1027
2026-03;Alentejo;Área dos CSP da ULS Alto Alentejo;39.3004940975133,-7.42635033349663;23787;15734;220
2026-03;Alentejo;Área dos CSP da ULS Baixo Alentejo;38.009362882,-7.8559468083;22138;15674;189
2026-03;Centro;Área dos CSP da ULS Região de Aveiro;40.6418,-8.65166;58528;47957;1088
2026-03;Lisboa e Vale do Tejo;Área dos CSP da ULS Oeste;39.4062582,-9.12709;33695;25052;272
2026-03;Lisboa e Vale do Tejo;Área dos CSP da ULS Santa Maria;38.739567,-9.168651;47131;28967;361
2026-03;Norte;Área dos CSP da ULS Gaia / Espinho;41.127363348,-8.5796956622;58546;56866;1048
2026-03;Norte;Área dos CSP da ULS Barcelos / Esposende;41.533628173,-8.6240622256;29157;27104;570
2026-03;Norte;Área dos CSP da ULS Alto Ave;41.426805082,-8.2945278754;55965;46847;848
2026-03;Norte;Área dos CSP da ULS Matosinhos;41.1807,-8.66314;29227;32287;516
2026-03;Norte;Área dos CSP da ULS Entre Douro e Vouga;40.926349,-8.548039;62808;54880;1021
2026-03;Norte;Área dos CSP da ULS Tâmega e Sousa;41.206266147,-8.2725028602;88225;83082;1312
2015-01;Centro;ACES Pinhal Interior Sul;39.7510898,-7.9203657;5831;3399;6
2015-01;Centro;ACES Baixo Mondego;40.2150023,-8.4071805;59609;31597;461
2015-01;Lisboa e Vale do Tejo;ACES Lisboa Central;38.7306317,-9.1510414;40962;10759;283
2015-01;Lisboa e Vale do Tejo;Área dos CSP da ULS Arco Ribeirinho;38.6672076,-9.0543329;38396;11261;243
2015-01;Lisboa e Vale do Tejo;ACES Lisboa Norte;38.7396924,-9.168506;35751;7659;460
2015-01;Lisboa e Vale do Tejo;ACES Sintra;38.7519209,-9.2753636;50595;13867;346
2015-01;Lisboa e Vale do Tejo;ACES Médio Tejo;39.478072,-8.5404429;48219;12948;433
2015-01;Norte;ACES Entre Douro e Vouga I - Feira e Arouca;40.9263169,-8.5478813;31257;14930;433
2015-01;Norte;ACES Douro I - Marão e Douro Norte;41.2968711,-7.7483727;21151;11056;254
2015-01;Norte;ACES Grande Porto III - Maia / Valongo;41.2333945,-8.6187474;40401;20189;648
2015-01;Norte;ACES Cávado II - Gerês / Cabreira;41.6298661,-8.3596897;19548;11830;242
2015-01;Norte;Área dos CSP da ULS Matosinhos;41.1918541,-8.6590693;35095;16288;653
2015-01;Norte;ACES Grande Porto VII - Gaia;41.1278433,-8.580396;27702;13047;404
2015-01;Norte;ACES Grande Porto II - Gondomar;41.1738444,-8.5612238;36083;16599;571
2015-01;Norte;Área dos CSP da ULS Alto Minho;41.7056054,-8.8252713;58186;24297;746
2015-01;Região não Especificada;Desconhecido | Nacional;;2;;
2015-02;Algarve;ACES Algarve II - Algarve Barlavento;37.1387554,-8.5445093;28151;7784;143
2015-02;Centro;ACES Pinhal Interior Sul;39.7510898,-7.9203657;5404;2669;11
2015-02;Centro;Área dos CSP da ULS Guarda;40.5353285,-7.2724426;24390;8752;210
2015-02;Lisboa e Vale do Tejo;ACES Oeste Sul;39.0917759,-9.2600341;31189;7601;259
2015-02;Lisboa e Vale do Tejo;ACES Lisboa Central;38.7306317,-9.1510414;38339;8924;310
2015-02;Norte;Área dos CSP da ULS Póvoa Varzim / Vila Conde;41.355519,-8.746653;25053;11980;387
2015-02;Norte;ACES Grande Porto II - Gondomar;41.1738444,-8.5612238;32269;14173;487
2015-02;Norte;ACES Ave / Famalicão;41.3835805,-8.4157518;22468;7785;225
2015-02;Norte;ACES Douro I - Marão e Douro Norte;41.2968711,-7.7483727;20251;9305;290
2015-02;Norte;ACES Grande Porto V - Porto Ocidental;41.1741353,-8.6691662;25446;10691;415
2015-02;Norte;ACES Cávado I - Braga;41.5518714,-8.4126362;33194;11333;521
2015-03;Alentejo;Área dos CSP da ULS Alto Alentejo;39.2967086,-7.4284755;28878;13998;465
2015-03;Alentejo;Área dos CSP da ULS Alentejo Central;38.8442031,-7.5826619;38255;18339;437
2015-03;Algarve;ACES Algarve I - Algarve Central;37.0274264,-7.9395984;33546;10102;248
2015-03;Centro;ACES Pinhal Litoral;39.7495331,-8.807683;47975;15571;193
2015-03;Lisboa e Vale do Tejo;ACES Cascais;38.69904,-9.3818008;27693;9780;155
2015-03;Lisboa e Vale do Tejo;Área dos CSP da ULS Arco Ribeirinho;38.6672076,-9.0543329;38896;9616;234
2015-03;Lisboa e Vale do Tejo;Área dos CSP da ULS Almada / Seixal;38.6678522,-9.1875777;63437;19437;654
2015-03;Norte;ACES Grande Porto II - Gondomar;41.1738444,-8.5612238;35287;15650;531
2015-03;Norte;ACES Grande Porto VI - Porto Oriental;41.1694498,-8.6126428;21865;8994;330
2015-03;Norte;ACES Grande Porto I - Santo Tirso / Trofa;41.3469246,-8.4822648;22967;10944;286
2015-03;Região não Especificada;Desconhecido | Nacional;;149;73;
2015-04;Algarve;ACES Algarve I - Algarve Central;37.0274264,-7.9395984;31326;9645;222
2015-04;Centro;ACES Pinhal Interior Sul;39.7510898,-7.9203657;5325;2753;10
2015-04;Lisboa e Vale do Tejo;Área dos CSP da ULS Arrábida;38.5324373,-8.8627453;34318;13238;252
2015-04;Lisboa e Vale do Tejo;Área dos CSP da ULS Estuário do Tejo;38.9528113,-8.9911154;37315;7849;229
2015-04;Lisboa e Vale do Tejo;ACES Amadora;38.7573081,-9.23429;25069;5570;122
2015-04;Lisboa e Vale do Tejo;ACES Lisboa Norte;38.7396924,-9.168506;33284;7247;425
2015-04;Norte;ACES Tâmega III - Vale do Sousa Norte;41.2793583,-8.2787457;31113;13297;254
2015-04;Norte;ACES Cávado I - Braga;41.5518714,-8.4126362;31746;12433;502
2015-04;Norte;ACES Grande Porto II - Gondomar;41.1738444,-8.5612238;33796;15176;481
2015-04;Norte;ACES Grande Porto VI - Porto Oriental;41.1694498,-8.6126428;20820;8777;329
2015-04;Norte;Área dos CSP da ULS Póvoa Varzim / Vila Conde;41.355519,-8.746653;26798;13328;336
2015-05;Algarve;ACES Algarve I - Algarve Central;37.0274264,-7.9395984;30159;9386;208
2015-05;Algarve;ACES Algarve III - Algarve Sotavento;37.383008,-7.7293275;10692;4078;88
2015-05;Centro;ACES Baixo Mondego;40.2150023,-8.4071805;51230;27880;376
2015-05;Centro;ACES Pinhal Interior Norte;40.1151262,-8.2473136;22001;14114;182
2015-05;Lisboa e Vale do Tejo;ACES Lisboa Norte;38.7396924,-9.168506;33017;7434;435
2015-05;Norte;Área dos CSP da ULS Barcelos / Esposende;41.5317419,-8.6178922;31337;11483;305
2015-05;Norte;ACES Cávado II - Gerês / Cabreira;41.6298661,-8.3596897;17709;10649;235
2015-05;Norte;ACES Tâmega III - Vale do Sousa Norte;41.2793583,-8.2787457;29747;12336;258
2015-05;Norte;ACES Ave / Famalicão;41.3835805,-8.4157518;22212;8548;253
2015-05;Norte;ACES Douro II - Douro Sul;41.0953745,-7.8123805;15677;5073;207
2015-05;Norte;ACES Tâmega I - Baixo Tâmega;41.2719719,-8.0791631;34194;10222;303
2015-05;Norte;ACES Alto Trás-os-Montes - Alto Tâmega e Barroso;41.741781,-7.4731648;15397;5877;205
2015-06;Alentejo;Área dos CSP da ULS Alto Alentejo;39.2967086,-7.4284755;24275;13360;379
2015-06;Centro;Área dos CSP da ULS Guarda;40.5353285,-7.2724426;24781;9840;179
2015-06;Lisboa e Vale do Tejo;Área dos CSP da ULS Almada / Seixal;38.6678522,-9.1875777;55967;19369;561
2015-06;Lisboa e Vale do Tejo;Área dos CSP da ULS Arrábida;38.5324373,-8.8627453;32335;13511;240
2015-06;Norte;ACES Entre Douro e Vouga II - Aveiro Norte;40.8472225,-8.4656674;22304;8073;282
2015-06;Norte;ACES Alto Trás-os-Montes - Alto Tâmega e Barroso;41.741781,-7.4731648;15013;6318;136
2015-06;Norte;ACES Alto Ave - Guimarães, Vizela e Terras de Basto;41.4417064,-8.1722408;52635;20747;608
2015-06;Norte;ACES Grande Porto VI - Porto Oriental;41.1694498,-8.6126428;18874;8494;274
2015-06;Norte;ACES Douro II - Douro Sul;41.0953745,-7.8123805;16079;5495;213
2015-06;Região não Especificada;Desconhecido | Nacional;;299;167;
2015-07;Algarve;ACES Algarve II - Algarve Barlavento;37.1387554,-8.5445093;25881;8369;187
2015-07;Centro;ACES Pinhal Interior Sul;39.7510898,-7.9203657;5857;3075;5
2015-07;Centro;ACES Baixo Mondego;40.2150023,-8.4071805;52173;29975;354
2015-07;Centro;Área dos CSP da ULS Viseu Dão-Lafões;40.6565861,-7.9124712;50890;16292;489
2015-07;Lisboa e Vale do Tejo;ACES Amadora;38.7573081,-9.23429;24887;5444;108
2015-07;Lisboa e Vale do Tejo;ACES Oeste Sul;39.0917759,-9.2600341;29184;7610;274
2015-07;Lisboa e Vale do Tejo;ACES Lisboa Ocidental e Oeiras;38.6914388,-9.3184304;31302;8947;356
2015-07;Norte;ACES Douro I - Marão e Douro Norte;41.2968711,-7.7483727;18819;9998;201
2015-07;Norte;Área dos CSP da ULS Barcelos / Esposende;41.5317419,-8.6178922;32929;12090;277
2015-07;Norte;ACES Tâmega III - Vale do Sousa Norte;41.2793583,-8.2787457;30621;13609;245
2015-07;Norte;ACES Grande Porto I - Santo Tirso / Trofa;41.3469246,-8.4822648;21275;11184;214
2015-07;Norte;ACES Douro II - Douro Sul;41.0953745,-7.8123805;16528;5891;205
2015-07;Norte;ACES Entre Douro e Vouga I - Feira e Arouca;40.9263169,-8.5478813;29719;14766;338
2015-07;Região não Especificada;Desconhecido | Nacional;;258;189;
2015-08;Lisboa e Vale do Tejo;Área dos CSP da ULS Almada / Seixal;38.6678522,-9.1875777;48814;17019;461
2015-08;Lisboa e Vale do Tejo;ACES Lisboa Norte;38.7396924,-9.168506;26392;6116;359
2015-08;Norte;ACES Grande Porto III - Maia / Valongo;41.2333945,-8.6187474;28941;16728;332
2015-08;Norte;Área dos CSP da ULS Póvoa Varzim / Vila Conde;41.355519,-8.746653;20631;12403;188
2015-08;Norte;Área dos CSP da ULS Barcelos / Esposende;41.5317419,-8.6178922;27376;11302;229
2015-08;Norte;Área dos CSP da ULS Nordeste;41.8069684,-6.7587977;19744;7838;191
2015-08;Norte;ACES Entre Douro e Vouga II - Aveiro Norte;40.8472225,-8.4656674;18062;7215;177
2015-09;Centro;Área dos CSP da ULS Cova da Beira;40.2677741,-7.4995083;14271;6315;19
2015-09;Lisboa e Vale do Tejo;ACES Amadora;38.7573081,-9.23429;24304;5759;81
2015-09;Lisboa e Vale do Tejo;ACES Sintra;38.7519209,-9.2753636;50545;12661;259
